RESOURCE ID,RESOURCE NAME,RESOURCE PMAX MW,RESOURCEBID_SEQ,seq_max_mw,n_matches,mean_pct_err,score,confidence
ADLIN_1_UNITS,GEYSERS AIDLIN AGGREGATE,22,316580,20,3,0.008148148148148172,2.9755555555555557,1.5431115767417498
AKINGS_6_AMESR1,American Kings Solar,123,828735,126.81,2,0.011103448275862066,1.9777931034482759,Inf
ALHMBR_1_ALHSLR,SG Alhambra,50,158082,49,3,0,3,1
ALMASL_2_AL6BT6,Almasol 6 BES,50,163688,45,4,0.022727272727272728,3.909090909090909,1.0052600818234951
ARBWD_6_QF,Wind Resource II,19.95,122815,20,2,0.030172413793103404,1.9396551724137931,0.9960649286768325
ARCOGN_2_UNITS,WATSON COGENERATION,305,219791,290,3,0.012737127371273712,2.961788617886179,1.4880313481871723
ARLVAL_5_SOLAR,Arlington Valley Solar Energy II,127,105465,126.35,4,0.0275,3.89,1.9961001642036127
AVSOLR_2_SOLAR,AV SOLAR RANCH 1,241.5,492855,240,13,0.011404293381037565,12.851744186046512,1.442939102011755
BERCYN_2_BCEBT1,Bear Canyon Energy Storage,13,153772,14,4,0.04376893939393942,3.8249242424242422,1.2749747474747475
BIGCRK_2_EXESWD,BIG CREEK HYDRO PROJECT PSP,820,166600,799.47,434,0.02333768842618298,423.8714432230366,2.390462563345402
BISHOP_1_ALAMO,BISHOP CREEK PLANT 2  AND  6,13.4,220818,12.61,4,0.027461456671982968,3.890154173312068,0.4472828969874298
BISHOP_1_UNITS,BISHOP CREEK PLANT 3  AND  4,15.8,301986,16.44,8,0.01864168347614191,7.850866532190865,1.0087916808783295
BLAST_1_WIND,Mountain View IV Wind,49,106763,52.73,5,0.02114510078604835,4.894274496069758,2.529707487596166
BLVRDE_6_BLVBT1,Boulevard Energy Storage,10,284463,10,8,0.02334043829733484,7.813276493621322,1.1472742140667407
BUCKCK_7_PL1X2,BUCKS CREEK AGGREGATE,57.25,497303,57.25,77,1.6922471467926002e-4,76.9869696969697,5.647479633420353
CALFTN_2_SOLAR,California Flats North,130,476474,119,4,0.021739130434782608,3.9130434782608696,0.9995835068721366
CALFTS_2_CFSSR1,California Flats Solar South,150,576455,150,7,0.023328964613368242,6.8366972477064225,1.4165030342113758
CARBOU_7_PL2X3,CARIBOU PH 1 UNIT 2 & 3 AGGREGATE,49,890505,50,3,0.02032777777777778,2.9390166666666664,1.0070873786407768
CARBOU_7_PL4X5,CARIBOU PH 2 UNIT 4 & 5 AGGREGATE,120,108072,120,14,0.009466584633297609,13.867467815133834,2.0160338371818427
CARBOU_7_UNIT 1,CARIBOU PH 1 UNIT 1,24,160554,22,2,0.05,1.9,Inf
CARLS1_2_CARCT1,Carlsbad 1,422,160605,407,4,0.0012300123001230013,3.995079950799508,1
CENTPD_2_BMSSX2,Blythe Mesa Solar,223.6,238485,210,3,0.03367003367003367,2.8989898989898992,1.4894184134775126
CHEVMN_2_UNITS,CHEVRON U.S.A. UNITS 1 & 2 AGGREGATE,124.87,736344,114.8,3,0.028703703703703703,2.9138888888888888,1.4781309886145868
CLINESCO_3_PVDYN,CLINES CORNERS,129.94,914978,139.97,2,0.018388806668166377,1.9632223866636673,Inf
CLRMNT_6_CLEBT1,Clairemont Energy Storage,9,143302,9.5,6,0.04444444444444448,5.7333333333333325,1
CNTNLA_2_SOLAR1,Centinela Solar Energy I,125,124574,128.39,2,0.025658817862405037,1.9486823642751898,Inf
COLUSA_2_PL1X3,Colusa Generating Station,641,101489,635,2,0,2,Inf
COLVIL_7_PL1X2,COLLIERVILLE HYDRO UNIT 1 & 2 AGGREGATE,246.86,201370,243.54,4,0.02924379250293538,3.8830248299882584,Inf
CONTRL_1_LUNDY,LUNDY,3,163107,2.7,3,9.251858538542973e-17,2.9999999999999996,1.4999999999999998
CONTRL_1_POOLE,POOLE HYDRO PLANT 1,11.07,814548,10,4,0.008441416569011057,3.9662343337239556,1.0343688002776439
CONTRL_1_RUSHCK,RUSH CREEK,11.94,151598,12,2,0.021666666666666876,1.9566666666666663,1.0111972437553833
COVERD_2_MCKHY1,Montgomery Creek Hydro,2.8,133011,3,2,0.04761904761904788,1.9047619047619042,Inf
CRESTA_7_PL1X2,CRESTA PH UNIT 1 & 2 AGGREGATE,70.4,179949,70,8,0.02698863636363644,7.784090909090908,1.321396268760344
CRIMSN_2_CRMBT2,Crimson 2,150,589872,141.78,3,0.023599999999999993,2.9292000000000002,1.0053887077398318
DEADCK_1_UNIT,DEADCK_1_UNIT,1.96,148199,1.89,4,0.02739726027397263,3.8904109589041096,1
DELAMO_2_ALASB2,Los Alamitos 2,10,643213,9.5,2,0,2,1
DIABLO_7_UNIT 1,Diablo Canyon Unit 1,1150,126417,1150,10,0.00679485116653259,9.932051488334675,1.2547310313119304
DIABLO_7_UNIT 2,Diablo Canyon Unit 2,1150,195335,1150,2,0.0025303643724696357,1.9949392712550607,Inf
DRACKR_2_DSUBT1,Dracker Solar Unit 1 BESS,63,140316,60,40,0.020683430275137193,39.172662788994515,1.0250049021765961
DREWS_6_PL1X4,Drews Generating Plant,41.4,186841,38.39,5,0.0019323671497584818,4.990338164251208,1.2720976973241267
DRUM_7_PL1X2,Drum PH 1 Units 1 & 2 Aggregate,26,591854,26.65,2,0.010769230769230812,1.9784615384615383,1.0015576323987538
DRUM_7_PL3X4,Drum PH 1 Units 3 & 4 Aggregate,28.9,171240,27,5,0.001550387596899346,4.992248062015504,1.0151053299092323
DSRTSL_2_SOLAR1,Desert Stateline,296.19,201021,276,4,0.03297357430032397,3.868105702798704,1.3016993876092398
DSRTSN_2_DS2X2,Desert Sunlight PV II Storage,230,263628,208.96,2,0.032592592592592555,1.934814814814815,Inf
DUANE_1_PL1X3,DONALD VON RAESFELD POWER PROJECT,147.8,514544,141,3,2.255691224635238e-16,2.999999999999999,1.5481651376146788
DVLCYN_1_UNITS,DEVIL CANYON HYDRO UNITS 1-4 AGGREGATE,235,319098,250,25,0.025597022556390982,24.360074436090226,1.082269109758056
EASTWD_7_UNIT,EASTWOOD PUMP-GEN,200,983166,200,2,0.022222222222222223,1.9555555555555555,Inf
EDWARD_2_ESSSB2,Sanborn Solar 2,132,170587,133,2,0.013727155727155736,1.9725456885456885,1.003839387584277
ELCAJN_6_EB1BT1,Eastern BESS 1,7.5,372178,7,155,0,155,1.478081421005723
ELECTR_7_PL1X3,ELECTRA PH UNIT 1 & 2 AGGREGATE,93,954013,85,14,0.021890405483045904,13.693534323237358,1.2486696673687434
ELKHRN_1_EESX3,Elkhorn Energy Storage,182.5,883062,174.29,11,0.018789767674194862,10.793312555583856,1.004549599406411
ELLIOT_6_ELIBT1,Elliott Energy Storage,10,376549,10,5,0.03168498168498168,4.841575091575091,1.6590570330273788
ESCNDO_6_EB1BT1,Escondido BESS 1,10,882665,9.84,13,0.021499456099456086,12.72050707070707,1.0862416642137755
ESCNDO_6_EB2BT2,Escondido BESS 2,10,148307,10.81,5,0.026584500466853428,4.867077497665733,2.549006567712134
ESCNDO_6_EB3BT3,Escondido BESS 3,10,347450,9.45,2,0.02666666666666669,1.9466666666666665,1.0104352527710192
ESCNDO_6_UNITB1,CalPeak Power Enterprise Unit 1,48.04,917872,47.1,2,0.02740000000000002,1.9452,Inf
ETIWND_2_FONTNA,FONTANALYTLE CREEK POWERHOUSE P,2.56,190607,2.5,3,0.029126213592233035,2.912621359223301,Inf
ETIWND_6_GRPLND,Grapeland Peaker,45.64,156192,45.3,3,0.004132759209888082,2.9876017223703357,1
EXCHEC_7_UNIT 1,EXCHEQUER HYDRO,94.5,140162,94.5,2,0,2,Inf
FMEADO_7_UNIT,FRENCH MEADOWS HYDRO,16,159739,15,2,0.0191666666666667,1.9616666666666667,1.005982905982906
GARLND_2_GARBT1,Garland B BESS,88,196140,85,2,0.01948051948051948,1.9610389610389611,0.6752005423862606
GARLND_2_GASLR,Garland B,180,106183,179,7,0.020478560098114346,6.8566500793132,2.3638568329148106
GARNET_1_WIND,GARNET WIND ENERGY CENTER,6.5,155043,6.16,2,0.006493506493506438,1.9870129870129871,1.0162347200756174
GARNET_2_COAWD2,Coachella 2,10.8,442155,10.5,5,0.016840063480867678,4.915799682595662,1.2644003991291723
GARNET_2_WIND1,Phoenix,11.2,186392,10.5,2,0.01953953050168806,1.9609209389966238,Inf
GARNET_2_WIND3,San Gorgonio East,12.6,858482,13.4,4,0.032974427994616466,3.868102288021534,1.3016304347826086
GARNET_2_WIND4,Windustries,9.8,916013,10,3,0.01840625905534638,2.944781222833961,1.0119415441149109
GARNET_2_WIND5,Eastwind,3,127538,3,2,0.023809523809523725,1.9523809523809526,1.0024449877750612
GATWAY_2_PL1X3,GATEWAY GENERATING STATION,585,140969,555,7,0.039767255378494945,6.7216292123505355,1
GEYS18_7_UNIT18,GEYSERS UNIT 18 (HEALDSBURG),72,798391,75,2,0.020833333333333332,1.9583333333333333,Inf
GLNARM_7_UNIT 1,GLEN ARM UNIT 1,22.13,190023,24,2,0.013888888888888888,1.9722222222222223,Inf
GLNARM_7_UNIT 4,GLEN ARM UNIT 4,42.42,174755,40,2,0.010059171597633237,1.9798816568047335,1.0095036958817318
GYS5X6_7_UNITS,GEYSERS UNITS 5 & 6 AGGREGATE,98.43,181382,100,6,0.022682161982697124,5.863907028103817,1.4920876458309145
GYS7X8_7_UNITS,GEYSERS UNITS 7 & 8 AGGREGATE,95.8,670863,100,2,0.0379106341313149,1.9241787317373702,Inf
HAASPH_7_PL1X2,HAAS PH UNIT 1 & 2 AGGREGATE,144,107633,144,15,0,15,2.1937248635692717
HIDSRT_2_UNITS,HIGH DESERT POWER PROJECT AGGREGATE,830,203842,820,31,0.015016652893211076,30.534483760310458,1.0046400194508702
HIGGNS_1_COMBIE,Combie South,1.5,713354,1.62,3,0,3,1
HIGHDS_2_H5SSR1,High 5 Solar,100,360176,100,2,0.030583333333333344,1.9388333333333334,1.0056073335625073
HOOVER_2_SCEPT,Hoover DAM - SCE Share,287,158253,275,2,0.0054217025061476486,1.9891565949877048,1.0025154022820897
HUMBPP_1_UNITS3,Humboldt Bay Generating Station 3,65.08,133308,63,33,0.04000759480813341,31.679749371331596,1.0474648540290032
HUMBPP_6_UNITS,Humboldt Bay Generating Station 1,97.62,271794,100,3,0.016594960049170354,2.950215119852489,1.5353121801432954
HYTTHM_2_UNITS,HYATT-THERMALITO PUMP-GEN (AGGREGATE),933.1,952796,880,86,0.019464515109022765,84.32605170062403,1.9356586041436123
INTKEP_2_UNITS,CCSF Hetch_Hetchy Hydro Aggregate,405,879947,404,10,0.01689033189033189,9.831096681096682,1.249206881478237
INTMNT_3_ANAHEIM,Intermountain Power Project,234,107681,223.6,2,0.04054691787086154,1.918906164258277,Inf
INTMNT_3_RIVERSIDE,IPPDYN,136,195432,136,5,0,5,2.5236266554391493
IVANPA_1_UNIT1,Ivanpah 1,126,166139,120,3,0.02007083825265645,2.9397874852420305,1.000703305536019
IVWEST_2_SOLAR1,Imperial Valley West ( Q # 608),150,117281,139,2,0.007142857142857143,1.9857142857142858,1.012301214231803
JOANEC_2_ST3BT3,Santa Ana Storage 3,40,186146,40,3,0.021770833333333333,2.9346875,0.9782291666666666
JOANEC_2_STABT2,Santa Ana Storage 2,20,108602,18.14,19,0.01740267335004176,18.669349206349207,1.0421486797802588
KEARNY_6_SESBT2,Kearny South Energy Storage,10,779880,10.92,6,0.02805555555555555,5.831666666666667,1.5129918628876922
KELSO_2_UNITS,Mariposa Energy,198.03,856960,180,2,0.013357531760435595,1.9732849364791287,1.0008533679878708
KERNRG_1_UNITS,South Belridge Cogen Facility,55.2,628632,50.43,7,0.04389285714285714,6.69275,1.7000698545754747
KERRGN_1_UNIT 1,KERN RIVER HYDRO UNITS 1-4 AGGREGATE,25.6,113235,24.3,2,0,2,0.6666666666666666
KRAMER_1_R1PX3,Resurgence 1 PV,90,105576,91,6,0,6,3.0349653297363375
LCKHT1_2_LH1SR1,Lockhart Solar 1 PV,85,104756,63,71,0.024609871702259815,69.25269910913956,1
LECEF_1_UNITS,LOS ESTEROS ENERGY FACILITY AGGREGATE,309.84,475261,280.39,4,0.026625631313131434,3.893497474747474,1.9670980273114418
LMBEPK_2_UNITA3,"Goose Haven Energy Center, Unit #1",47.75,116743,47.3,2,0.002109704641350241,1.9957805907172994,1
LODI25_6_ERKNG1,LODI STRATEGIC RESERVE,47.97,148758,50,2,0.01259404645076872,1.9748119070984627,1.018387314439946
MCFLND_5_MFSSR1,McFarland Solar A PV,200,135142,200,2,0.02739766081871345,1.9452046783625732,Inf
MIRLOM_2_MLBBTB,Mira Loma BESS B,10,491560,9,15,0.016333333333333325,14.755,1.08273711245643
MONTPH_7_UNITS,MONTICELLO HYDRO AGGREGATE,12.5,184635,11.5,2,0.02941176470588238,1.9411764705882353,Inf
MOORPK_2_CALABS,Calabasas Gas-to-Energy Facility,6.96,211201,6.5,3,0.022222222222222178,2.9333333333333336,Inf
MRGT_6_TGEBT1,Top Gun Energy Storage,30,285521,28,6,0.01515151515151515,5.909090909090909,1.0063073394495412
MSOLAR_2_SOLAR1,Mesquite Solar 1,165,961257,165,2,0.012944983818770227,1.9741100323624596,Inf
MSTANG_2_SOLAR,Mustang,30,984603,29,2,0.016851473592063036,1.9662970528158739,Inf
MSTANG_2_SOLAR3,Mustang 3,40,974145,42,2,0.023000000000000045,1.954,Inf
MSTANG_2_SOLAR4,Mustang 4,30,654478,30,2,0.00470588235294118,1.9905882352941175,Inf
MTWIND_1_MVPWD1,Mountain View Power Project I Repower,66.6,131675,60,14,0.025049793820126495,13.649302886518228,1.007911821362886
MTWIND_1_UNIT 3,Mountain View Power Project III,22.44,165858,20.54,4,0.014927455357142908,3.9402901785714284,1.9833091634412645
NGILAA_5_SDGDYN,NGILAA_5_SDGDYN,57,174744,55,4,0,4,1.0073260073260073
OBERON_5_O2SSR5,Oberon 2B Solar,125,118485,116.92,19,0.025228493665753464,18.520658620350684,1.1227389410823518
OCOTLO_6_OCWSB1,Ocotillo Wells Solar and BESS,50,729047,50,129,0.030303030303030304,125.0909090909091,3.794117647058824
OCTILO_5_WIND,Ocotillo Wind Energy Facility,265,124064,266,5,0.011476652699064968,4.942616736504675,1.002462153124661
OGROVE_6_PL1X2,Orange Grove Energy Center,96,139204,100,2,0.011702127659574483,1.976595744680851,1.0259525124240751
OMAR_2_UNIT 4,KERN RIVER COGENERATION CO. UNIT 4,75,962064,75,3,0,3,1.0045871559633026
OTMESA_2_PL1X3,OTAY MESA ENERGY CENTER,603.68,435045,555,4,0.04597579134808899,3.8160968346076443,0.6394960152758298
OXMTN_6_LNDFIL,Ox Mountain Landfill Generating Plant,10.62,153153,10,2,0.025233918128655004,1.94953216374269,Inf
PALA_6_PGCBT1,Pala Gomez Creek BESS,10,385155,9.5,8,0.013806216931216881,7.889550264550265,1.3395845030881528
PALOMR_2_PL1X3,Palomar Energy Center,588.21,844371,551.7,8,0.03115609631020507,7.750751229518359,1.0064070071799878
PARDEB_6_UNITS,Pardee Power House,30,183275,30,5,0.018911330049261068,4.9054433497536944,2.4527216748768472
PINFLT_7_UNITS,PINE FLAT HYDRO AGGREGATE,198.51,122732,210,2,0.0213333333333333,1.9573333333333334,1.0163076923076924
PIT1_7_UNIT 1,PIT PH 1 UNIT 1,32,687240,32,7,0.007819905213270152,6.945260663507109,1.0062123072345588
PIT3_7_PL1X3,"PIT PH 3 UNITS 1, 2 & 3 AGGREGATE",70.6,428176,70,16,0.01964922401888223,15.685612415697884,1.2437700451025768
PIT4_7_PL1X2,PIT PH 4 UNITS 1 & 2 AGGREGATE,95,131041,93,4,0.02047207446808507,3.9181117021276597,1.3335982648494418
PIT5_7_PL1X2,PIT PH 5 UNITS 1 & 2 AGGREGATE,82,130239,82,7,0.008732309545317675,6.938873833182776,1.7895507291114567
PIT5_7_PL3X4,PIT PH 5 UNITS 3 & 4 AGGREGATE,82,142584,82,10,0.01225534477566998,9.877446552243299,1.1213145347629536
PIT6_7_UNIT 2,PIT PH 6 UNIT 2,40,988619,36.56,2,0.010940146809711582,1.9781197063805769,Inf
PIT7_7_UNIT 2,PIT PH 7 UNIT 2,54.6,806870,55,2,0.028760018859029846,1.9424799622819404,Inf
PNCHEG_2_PL1X4,PANOCHE ENERGY CENTER (Aggregated),417,944410,407,2,0.007425742574257425,1.9851485148514851,1
RCKCRK_7_UNIT 1,ROCK CREEK HYDRO UNIT 1,57,123566,51.91,3,0.008548669127647129,2.9743539926170586,1.006310392427529
ROSMDW_2_WIND1,Pacific Wind - Phase 1,140,780584,130,3,0.020722423043595267,2.9378327308692143,1.0024183258299844
RTEDDY_2_SOLAR1,Rosamond West Solar 1,54,114138,49,3,0.01924778761061941,2.942256637168142,1.0006772009029345
RVRVEW_1_UNITA1,Riverview Energy Center (GP Antioch),48.7,376200,47.6,2,0,2,1.0021052631578948
SANBRN_2_EESSB2,Edsan 2 Edwards Sanborn E1B,166,111549,150,3,0.03263403263403263,2.902097902097902,Inf
SISPRG_2_DS3BT1,Daggett Solar 3 a BESS,61.5,352614,61.5,2,0,2,1.0193333333333332
SISPRG_2_DS3BT2,Daggett Solar 3 b BESS,60,131816,58,12,0.01708573285837639,11.794971205699483,1.0109370632769714
SLATE_2_SLASR2,SLATE_2,93,561157,100,5,0.019607843137254832,4.901960784313726,1.2564286491379726
SLATE_2_SLASR3,SLATE_3,67.5,435258,62.34,5,0.03617977528089878,4.819101123595506,1.2449927431059509
SLSTR2_2_SOLAR2,Solar Star 2,276,360573,250,2,0.016789215686274495,1.966421568627451,1.014978620044025
SNCLRA_2_UNIT1,New Indy Oxnard,27.8,620521,30,2,0.026363636363636367,1.9472727272727273,Inf
SPAULD_6_UNIT12,SPAULDING HYDRO PH 1 & 2 AGGREGATE,11.4,513723,11.5,4,0.03847402597402595,3.8461038961038962,1.3325084364454445
SPICER_1_UNITS,SPICER HYDRO UNITS 1-3 AGGREGATE,6,553779,6,3,0.03124999999999989,2.9062500000000004,1.4531250000000002
SUNCAT_2_A1ABT1,Arlington Solar Unit 1A BESS,47,189802,42.96,4,0.03295578525290572,3.868176858988377,2.0150316221060303
SUNCAT_2_A1BBT1,Arlington Solar Unit 1B BESS,63,615344,64.66,26,0.02734837134109879,25.28894234513143,1.2445597086003004
SUNSLR_1_SSVSR1,Sunshine Valley Solar 1,100,345990,96.61,15,8.618003353643543e-4,14.987072994969536,1.0043685115827103
SYCAMR_2_UNIT 1,Sycamore Cogeneration Unit 1,78,182568,73,2,0.006756756756756757,1.9864864864864864,1.0000931966449207
TANHIL_6_SOLART,Berry Cogen 18,17,379813,18.65,2,0.024444444444444418,1.9511111111111112,Inf
TEHAPI_2_PW2WD2,Point Wind 2,14.4,124050,15,2,0.025000000000000022,1.95,Inf
TIFFNY_1_DILLON,TIFFNY_1_DILLON,45,939948,45,4,0.029905573236204068,3.880377707055184,1.3027476002685068
TIGRCK_7_UNITS,TIGER CREEK HYDRO AGGREGATE,62,182859,57.14,2,0.029677419354838707,1.9406451612903226,0.6684444444444444
TOPAZ_2_SOLAR,Topaz Solar Farms,550,111727,510,9,0.015087620704075943,8.864211413663316,1
TOWNSITE_2_MEADDYN,Townsite Solar BESS,180,127137,166,2,0.028958333333333346,1.9420833333333334,Inf
TRNQLT_2_RETBT1,RE Tranquillity BESS,72,116825,70,2,0,2,1.0127314814814816
TRNQLT_2_SOLAR,Tranquillity,200,358008,189,2,0.02054888980830223,1.9589022203833955,Inf
TRNSWD_1_QF,FPL Energy C Wind,38.97,134471,36,2,0.02516217482358782,1.9496756503528243,Inf
TULLCK_7_UNITS,Tullock Hydro,25.9,809558,25.08,4,0.010101010101010246,3.959595959595959,1.3333333333333333
USWNDR_2_SMUD,SOLANO WIND FARM,102.18,837024,100,5,0.034763665548771715,4.8261816722561415,1.2188034992344972
USWNDR_2_SMUD2,Solano Wind Project Phase 3,127.8,264747,140,3,0.010304256810608913,2.9690872295681734,1.0049714266073462
VALTNE_2_TBBBT1,Tropico Solar Big Beau,58,594888,52.3,18,0.012989510489510452,17.766188811188812,1.0013183720765249
VALTNE_2_TRSBT1,Tropico Solar,70,650623,64.8,23,0.012499999999999956,22.712500000000002,1.0031746031746032
VSTAES_6_VESBT1,Vista Energy Storage,40,386425,37.7,7,0.008271718256680674,6.942097972203235,1.0072502230776839
WARNE_2_UNIT,WARNE HYDRO AGGREGATE,76,159511,76,9,0.0087010087010087,8.921690921690923,4.520323400323401
WESCAN_2_BDSBT1,Bateria Del Sur,131,167201,140,7,0.03106974527628946,6.782511783065973,1.396399484748877
WISHON_6_UNITS,Wishon/San Joaquin  #1-A AGGREGATE,18.4,117854,20,3,0.0274940047961631,2.9175179856115108,1.5165856394913984
WOLFSK_1_UNITA1,Wolfskill Energy Center,48.68,111621,47,3,0.0014214641080312923,2.995735607675906,1
YELPIN_2_YP2BT1,Yellow Pine 2 BESS,65,655017,60,4,0.019905881091684688,3.9203764756332613,1.0003014116704223
