"RESOURCE ID","RESOURCE NAME","total_curtailment_events","RESOURCEBID_SEQ","n_matches","confidence","score"
"ADERA_1_SOLAR1","Adera Solar",1,NA,NA,NA,NA
"ADLIN_1_UNITS","GEYSERS AIDLIN AGGREGATE",5,316580,3,0.35195872089076,2.97555555555556
"ADMEST_6_SOLAR","Adams East",1,NA,NA,NA,NA
"AGUCAL_5_SOLAR1","Agua Caliente Solar",1,NA,NA,NA,NA
"AKINGS_6_AMESR1","American Kings Solar",5,828735,2,1,1.97779310344828
"ALAMIT_7_ES1","Alamitos Energy Storage",7,NA,NA,NA,NA
"ALHMBR_1_ALHSLR","SG Alhambra",3,158082,3,0,3
"ALMASL_2_AL6BT6","Almasol 6 BES",4,163688,4,0.00523255813953494,3.90909090909091
"ALTA3A_2_CPCE4","Alta Wind 4",1,NA,NA,NA,NA
"ALTA3A_2_CPCE5","Alta Wind 5",2,NA,NA,NA,NA
"ALTA3A_2_CPCE8","Alta Wind 8",17,NA,NA,NA,NA
"ALTA4A_2_CPCW1","Alta Wind 1",2,NA,NA,NA,NA
"ALTA4B_2_CPCW2","Alta Wind 2",1,NA,NA,NA,NA
"ALTA4B_2_CPCW6","Mustang Hills",1,NA,NA,NA,NA
"ALTA6E_2_WIND10","Alta Wind 10",1,NA,NA,NA,NA
"AQUAWS_2_AQWSR1","Aquamarine Westside",1,NA,NA,NA,NA
"ARBWD_6_QF","Wind Resource II",4,107701,2,0.00350921281564531,1.95417562581296
"ARCOGN_2_UNITS","WATSON COGENERATION",16,219791,3,0.327971147100985,2.96178861788618
"ARKANS_1_ARKSLR","SG Arkansas",1,NA,NA,NA,NA
"ARLNTN_2_ASUSR1","Arlington Solar Unit 1",1,NA,NA,NA,NA
"ARLVAL_5_SOLAR","Arlington Valley Solar Energy II",6,105465,4,0.499023136246787,3.89
"ASTORA_2_SOLAR1","Astoria 1",3,NA,NA,NA,NA
"ASTORA_2_SOLAR2","Astoria 2",2,NA,NA,NA,NA
"ATHOS_5_AP1X2","Athos Power Plant",2,NA,NA,NA,NA
"ATHOS_5_AP2X2","Athos Power Plant 2",1,NA,NA,NA,NA
"AVSOLR_2_SOLAR","AV SOLAR RANCH 1",54,492855,13,0.306970059508545,12.8517441860465
"BALCHS_7_UNIT 1","BALCH 1 PH UNIT 1",1,NA,NA,NA,NA
"BARRE_6_PEAKER","Barre Peaker",2,NA,NA,NA,NA
"BASICE_2_UNITS","King City Cogen",4,NA,NA,NA,NA
"BEJNLS_5_BV2SCEDYN","Broadview 2",2,NA,NA,NA,NA
"BEKWJS_5_BV1SCEDYN","Broadview 1",3,NA,NA,NA,NA
"BELDEN_7_UNIT 1","BELDEN HYDRO",2,NA,NA,NA,NA
"BERCYN_2_BCEBT1","Bear Canyon Energy Storage",5,153772,4,0.215670740161223,3.82492424242424
"BGSKYN_2_ASPSR2","Antelope Solar 2 San Pablo",4,NA,NA,NA,NA
"BIGCRK_2_EXESWD","BIG CREEK HYDRO PROJECT PSP",667,166600,434,0.581670922049279,423.871443223037
"BISHOP_1_ALAMO","BISHOP CREEK PLANT 2  AND  6",50,742900,17,0.484597601199136,16.8747786898439
"BISHOP_1_UNITS","BISHOP CREEK PLANT 3  AND  4",35,301986,8,0.00871506084454898,7.85086653219086
"BLACK_7_UNIT 1","JAMES B. BLACK 1",1,NA,NA,NA,NA
"BLACK_7_UNIT 2","JAMES B. BLACK 2",2,NA,NA,NA,NA
"BLAST_1_WIND","Mountain View IV Wind",12,106763,5,0.20103090222056,4.89427449606976
"BLM_2_UNITS","BLM EAST Facility",3,NA,NA,NA,NA
"BLVRDE_6_BLVBT1","Boulevard Energy Storage",14,284463,8,0.128368799944259,7.81327649362132
"BOGUE_1_UNITA1","Feather River Energy Center, Unit #1",1,NA,NA,NA,NA
"BORDER_6_UNITA1","CalPeak Power Border Unit 1",1,NA,NA,NA,NA
"BRDSLD_2_MTZUMA","FPL Energy Montezuma Wind",1,NA,NA,NA,NA
"BRDSLD_2_SHLO3A","Shiloh III Wind Project, LLC",1,NA,NA,NA,NA
"BRODIE_2_WIND","Coram Brodie Wind Project",3,NA,NA,NA,NA
"BUCKBL_2_PL1X3","Blythe Energy Center",2,NA,NA,NA,NA
"BUCKCK_7_PL1X2","BUCKS CREEK AGGREGATE",122,497303,77,0.822929861653285,76.9869696969697
"BUCKWD_1_QF","Buckwind Re-powering project",1,NA,NA,NA,NA
"BURNYF_2_UNIT 1","Burney Forest Power",1,NA,NA,NA,NA
"BUTTVL_7_UNIT 1","BUTT VALLEY HYDRO",1,NA,NA,NA,NA
"CABALO_2_M2BSR1","Mustang 2 Barbaro Solar",1,NA,NA,NA,NA
"CABALO_2_M2WSR2","Mustang 2 Whirlaway Solar",4,NA,NA,NA,NA
"CALFTN_2_CFSBT1","California Flats Solar Battery",4,NA,NA,NA,NA
"CALFTN_2_SOLAR","California Flats North",18,195275,4,0.000416493127863404,3.91467391304348
"CALFTS_2_CFSSR1","California Flats Solar South",36,576455,7,0.294036104513719,6.83669724770642
"CALGEN_1_UNITS","Coso Navy 1",2,NA,NA,NA,NA
"CANTUA_1_SOLAR","Cantua Solar Station",2,NA,NA,NA,NA
"CARBOU_7_PL2X3","CARIBOU PH 1 UNIT 2 & 3 AGGREGATE",17,890505,3,0.00703750120505164,2.93901666666667
"CARBOU_7_PL4X5","CARIBOU PH 2 UNIT 4 & 5 AGGREGATE",38,108072,14,0.503976579382283,13.8674678151338
"CARBOU_7_UNIT 1","CARIBOU PH 1 UNIT 1",3,160554,2,1,1.9
"CARLS1_2_CARCT1","Carlsbad 1",71,160605,4,0,3.99507995079951
"CARLS2_1_CARCT1","Carlsbad 2",2,NA,NA,NA,NA
"CASADB_1_CD4GT1","Casa Diablo 4",1,NA,NA,NA,NA
"CAVLSR_2_BSOLAR","California Valley Solar Ranch-Phase B",1,NA,NA,NA,NA
"CAVLSR_2_RSOLAR","California Valley Solar Ranch-Phase A",1,NA,NA,NA,NA
"CENTPD_2_BMSSX2","Blythe Mesa Solar",8,238485,3,0.328596994000371,2.8989898989899
"CENTRY_6_PL1X4","CENTURY GENERATING PLANT (AGGREGATE)",4,NA,NA,NA,NA
"CHARMN_2_PGONG1","PROCTER  AND  GAMBLE OXNARD I",1,NA,NA,NA,NA
"CHESTN_2_CHWBX2","Chestnut Westside BESS",1,NA,NA,NA,NA
"CHEVMN_2_UNITS","CHEVRON U.S.A. UNITS 1 & 2 AGGREGATE",32,736344,3,0.323469971401335,2.91388888888889
"CHICPK_7_UNIT 1","Chicago Park Powerhouse",4,NA,NA,NA,NA
"CHILLS_1_SYCENG","Sycamore Energy 1",3,NA,NA,NA,NA
"CHILLS_7_UNITA1","Sycamore Energy 2",3,NA,NA,NA,NA
"CHWCHL_1_UNIT","CHOW 2 PEAKER PLANT",1,NA,NA,NA,NA
"CLINESCO_3_PVDYN","CLINES CORNERS",5,914978,2,1,1.96322238666367
"CLINESCO_3_WBDYN","CLINES CORNERS B",1,NA,NA,NA,NA
"CLRMNT_6_CLEBT1","Clairemont Energy Storage",10,143302,6,0,5.73333333333333
"CMBLND_2_DS2BT1","Daggett 2 a BESS",2,NA,NA,NA,NA
"CNTNLA_2_SOLAR1","Centinela Solar Energy I",7,124574,2,1,1.94868236427519
"COCOPP_2_CTG3","Marsh Landing 3",2,NA,NA,NA,NA
"COGNAT_1_UNIT","Stockton Biomas",3,NA,NA,NA,NA
"COLGAT_7_UNIT 1","Colgate Powerhouse Unit 1",2,NA,NA,NA,NA
"COLGAT_7_UNIT 2","Colgate Powerhouse Unit 2",6,NA,NA,NA,NA
"COLGNS_2_CNSSR1","ColGreen North Shore",2,NA,NA,NA,NA
"COLUSA_2_PL1X3","Colusa Generating Station",22,101489,2,1,2
"COLVIL_7_PL1X2","COLLIERVILLE HYDRO UNIT 1 & 2 AGGREGATE",21,201370,4,1,3.88302482998826
"CONTRL_1_LUNDY","LUNDY",10,163107,3,0.333333333333333,3
"CONTRL_1_POOLE","POOLE HYDRO PLANT 1",6,814548,4,0.0332268338608229,3.96623433372396
"CONTRL_1_RUSHCK","RUSH CREEK",15,151598,2,0.0110732538330495,1.95666666666667
"COVERD_2_MCKHY1","Montgomery Creek Hydro",5,133011,2,1,1.9047619047619
"COWCRK_2_UNIT","Cow Creek Hydro",1,NA,NA,NA,NA
"CRELMN_6_RAMSR3","Ramona Solar Energy",1,NA,NA,NA,NA
"CRESTA_7_PL1X2","CRESTA PH UNIT 1 & 2 AGGREGATE",57,179949,8,0.243224743673492,7.78409090909091
"CRIMSN_2_CRMBT1","Crimson",50,NA,NA,NA,NA
"CRIMSN_2_CRMBT2","Crimson 2",12,589872,3,0.00535982520824807,2.9292
"CRSTWD_6_KUMYAY","Kumeyaay Wind Farm",27,997249,6,0.172774180459846,5.90290322580645
"CSCCOG_1_UNIT 1","SANTA CLARA CO-GEN",2,NA,NA,NA,NA
"CSLR4S_2_SOLAR","Csolar IV South",1,NA,NA,NA,NA
"DEADCK_1_UNIT","DEADCK_1_UNIT",6,148199,4,0,3.89041095890411
"DELAMO_2_ALASB2","Los Alamitos 2",4,643213,2,0,2
"DELSUR_6_CREST","Delsur Aggregate Solar Resources",1,NA,NA,NA,NA
"DELTA_2_PL1X4","DELTA ENERGY CENTER AGGREGATE",6,NA,NA,NA,NA
"DIABLO_7_UNIT 1","Diablo Canyon Unit 1",33,126417,10,0.203016443329362,9.93205148833468
"DIABLO_7_UNIT 2","Diablo Canyon Unit 2",10,195335,2,1,1.99493927125506
"DONNLS_7_UNIT","Donnells Hydro",2,NA,NA,NA,NA
"DRACKR_2_DSUBT1","Dracker Solar Unit 1 BESS",98,140316,40,0.0243949098423806,39.1726627889945
"DRACKR_2_DSUBT2","Dracker Solar Unit 2 BESS",3,NA,NA,NA,NA
"DRACKR_2_DSUBT4","Dracker Solar Unit 4 BESS",1,NA,NA,NA,NA
"DREWSR_2_BHSSR1","Blue Hornet Solar",1,NA,NA,NA,NA
"DREWS_6_PL1X4","Drews Generating Plant",13,186841,5,0.213896855482474,4.99033816425121
"DRUM_7_PL1X2","Drum PH 1 Units 1 & 2 Aggregate",16,591854,2,0.00155520995334368,1.97846153846154
"DRUM_7_PL3X4","Drum PH 1 Units 3 & 4 Aggregate",36,171240,5,0.0148805542283804,4.9922480620155
"DRUM_7_UNIT 5","DRUM PH 2 UNIT 5",1,NA,NA,NA,NA
"DSFLWR_2_WS2SR1","Willow Springs 2",4,NA,NA,NA,NA
"DSRTHV_2_DH2SR2","Desert Harvest 2",1,NA,NA,NA,NA
"DSRTSL_2_SOLAR1","Desert Stateline",13,201021,4,0.231773472801086,3.8681057027987
"DSRTSN_2_DS2X2","Desert Sunlight PV II Storage",2,263628,2,1,1.93481481481481
"DUANE_1_PL1X3","DONALD VON RAESFELD POWER PROJECT",12,514544,3,0.354074074074074,3
"DVLCYN_1_UNITS","DEVIL CANYON HYDRO UNITS 1-4 AGGREGATE",95,319098,25,0.0760153911964163,24.3600744360902
"EASTWD_7_UNIT","EASTWOOD PUMP-GEN",10,983166,2,1,1.95555555555556
"EDMONS_2_NSPIN","EDMONS_2_NSPIN",2,NA,NA,NA,NA
"EDWARD_2_ESSSB2","Sanborn Solar 2",4,170587,2,0.00382470306680882,1.97254568854569
"ELCAJN_6_EB1BT1","Eastern BESS 1",414,372178,155,0.323447283898897,155
"ELCAJN_6_LM6K","El Cajon Energy Center",1,NA,NA,NA,NA
"ELECTR_7_PL1X3","ELECTRA PH UNIT 1 & 2 AGGREGATE",56,954013,14,0.199147680020731,13.6935343232374
"ELKHIL_2_PL1X3","ELK HILLS COMBINED CYCLE (AGGREGATE)",23,NA,NA,NA,NA
"ELKHRN_1_EESX3","Elkhorn Energy Storage",20,883062,11,0.00452899429664733,10.7933125555839
"ELLIOT_6_ELIBT1","Elliott Energy Storage",14,376549,5,0.3972479667108,4.84157509157509
"ELSEGN_2_UN1011","El Segundo Energy Center 5/6",1,NA,NA,NA,NA
"ENWIND_2_WIND1","Cameron Ridge",2,NA,NA,NA,NA
"ENWIND_2_WIND2","Ridgetop I",3,NA,NA,NA,NA
"ESCNDO_6_EB1BT1","Escondido BESS 1",93,882665,13,0.0793945464025241,12.7205070707071
"ESCNDO_6_EB2BT2","Escondido BESS 2",95,193527,15,0.462759462759463,14.8909090909091
"ESCNDO_6_EB3BT3","Escondido BESS 3",110,NA,NA,NA,NA
"ESCNDO_6_UNITB1","CalPeak Power Enterprise Unit 1",5,917872,2,1,1.9452
"ETIWND_2_FONTNA","FONTANALYTLE CREEK POWERHOUSE P",4,190607,3,1,2.9126213592233
"ETIWND_2_UNIT1","ETIWND_2_UNIT1",2,NA,NA,NA,NA
"ETIWND_6_GRPLND","Grapeland Peaker",3,156192,3,0,2.98760172237034
"EXCHEC_7_UNIT 1","EXCHEQUER HYDRO",3,140162,2,1,2
"FALBRK_6_FESBT1","Fallbrook Energy Storage",7,NA,NA,NA,NA
"FIFTHS_2_FSSBT","Fifth Standard Battery",5,NA,NA,NA,NA
"FMEADO_7_UNIT","FRENCH MEADOWS HYDRO",3,159739,2,0.00594732370433304,1.96166666666667
"GARLND_2_GARBT1","Garland B BESS",17,131086,3,0.00317888085802265,2.91364213564214
"GARLND_2_GASLR","Garland B",15,106183,7,0.576962535938809,6.8566500793132
"GARNET_1_SOLAR2","Garnet Solar Power Generation Station 1",1,NA,NA,NA,NA
"GARNET_1_WIND","GARNET WIND ENERGY CENTER",11,155043,2,0.0159753645047763,1.98701298701299
"GARNET_1_WT3WND","Wagner Wind",1,NA,NA,NA,NA
"GARNET_2_COAWD2","Coachella 2",10,442155,5,0.209111290467223,4.91579968259566
"GARNET_2_WIND1","Phoenix",6,186392,2,1,1.96092093899662
"GARNET_2_WIND3","San Gorgonio East",7,858482,4,0.231732776617954,3.86810228802153
"GARNET_2_WIND4","Windustries",12,916013,3,0.0118006264140045,2.94478122283396
"GARNET_2_WIND5","Eastwind",6,127538,2,0.00243902439024402,1.95238095238095
"GASKW1_2_GW1SR1","Gaskell West 1",1,NA,NA,NA,NA
"GASKW1_2_GW2BT1","Gaskell West 2 BESS",2,NA,NA,NA,NA
"GASKW1_2_GW2SR1","Gaskell West 2a",1,NA,NA,NA,NA
"GASKW1_2_GW3SR1","Gaskell West 3",2,NA,NA,NA,NA
"GASKW1_2_GW4SR1","Gaskell West 4",1,NA,NA,NA,NA
"GASKW1_2_GW5SR1","Gaskell West 5",1,NA,NA,NA,NA
"GATEWY_2_GESBT1","Gateway Energy Storage",2,NA,NA,NA,NA
"GATWAY_2_PL1X3","GATEWAY GENERATING STATION",22,140969,7,0,6.72162921235054
"GENESI_2_STG","Genesis Station",7,NA,NA,NA,NA
"GEYS11_7_UNIT11","GEYSERS UNIT 11 (HEALDSBURG)",3,NA,NA,NA,NA
"GEYS12_7_UNIT12","GEYSERS UNIT 12 (HEALDSBURG)",2,NA,NA,NA,NA
"GEYS13_7_UNIT13","GEYSERS UNIT 13 (HEALDSBURG)",10,NA,NA,NA,NA
"GEYS14_7_UNIT14","GEYSERS UNIT 14 (HEALDSBURG)",2,NA,NA,NA,NA
"GEYS16_7_UNIT16","GEYSERS UNIT 16 (HEALDSBURG)",3,NA,NA,NA,NA
"GEYS17_7_UNIT17","GEYSERS UNIT 17 (HEALDSBURG)",7,NA,NA,NA,NA
"GEYS18_7_UNIT18","GEYSERS UNIT 18 (HEALDSBURG)",5,798391,2,1,1.95833333333333
"GEYS20_7_UNIT20","GEYSERS UNIT 20 (HEALDSBURG)",5,NA,NA,NA,NA
"GILROY_1_UNIT","GILROY COGEN AGGREGATE",1,NA,NA,NA,NA
"GLNARM_2_UNIT 5","Glenarm Turbine 5",1,NA,NA,NA,NA
"GLNARM_7_UNIT 1","GLEN ARM UNIT 1",3,190023,2,1,1.97222222222222
"GLNARM_7_UNIT 2","GLEN ARM UNIT 2",3,NA,NA,NA,NA
"GLNARM_7_UNIT 3","GLEN ARM UNIT 3",5,NA,NA,NA,NA
"GLNARM_7_UNIT 4","GLEN ARM UNIT 4",3,174755,2,0.0094142259414226,1.97988165680473
"GRADYW_5_GDYWD1","Grady Wind",3,NA,NA,NA,NA
"GRNLF1_1_PL1X2","Greenleaf 1",1,NA,NA,NA,NA
"GUERNS_6_SOLAR","Guernsey Solar Station",2,NA,NA,NA,NA
"GYS5X6_7_UNITS","GEYSERS UNITS 5 & 6 AGGREGATE",26,181382,6,0.329798083380605,5.86390702810382
"GYS7X8_7_UNITS","GEYSERS UNITS 7 & 8 AGGREGATE",4,670863,2,1,1.92417873173737
"HAASPH_7_PL1X2","HAAS PH UNIT 1 & 2 AGGREGATE",81,107633,15,0.544154320987654,15
"HAMLIN_1_BLDSB1","Baldy Mesa Hybrid",3,NA,NA,NA,NA
"HATLOS_6_LSCRK","Lost Creek 1 & 2 Hydro Conversion",1,NA,NA,NA,NA
"HATRDG_2_WIND","Hatchet Ridge Wind Farm",1,NA,NA,NA,NA
"HELMPG_7_UNIT 1","HELMS PUMP-GEN UNIT 1",9,NA,NA,NA,NA
"HELMPG_7_UNIT 2","HELMS PUMP-GEN UNIT 2",10,NA,NA,NA,NA
"HELMPG_7_UNIT 3","HELMS PUMP-GEN UNIT 3",11,NA,NA,NA,NA
"HENRTS_1_SOLAR","Henrietta Solar Project",1,NA,NA,NA,NA
"HIDSRT_2_UNITS","HIGH DESERT POWER PROJECT AGGREGATE",39,203842,31,0.00461858910757551,30.5344837603105
"HIGGNS_1_COMBIE","Combie South",3,713354,3,0,3
"HIGHDS_2_H5SBT1","High 5 Solar BESS",1,NA,NA,NA,NA
"HIGHDS_2_H5SSR1","High 5 Solar",8,360176,2,0.00557606669657285,1.93883333333333
"HNTGBH_2_PL1X3","Huntington Beach Energy",3,NA,NA,NA,NA
"HOOVER_2_SCEPT","Hoover DAM - SCE Share",2,158253,2,0.00250909090909102,1.9891565949877
"HUMBPP_1_UNITS3","Humboldt Bay Generating Station 3",95,133308,33,0.0453140302000902,31.6797493713316
"HUMBPP_6_UNITS","Humboldt Bay Generating Station 1",189,NA,NA,NA,NA
"HYTTHM_2_UNITS","HYATT-THERMALITO PUMP-GEN (AGGREGATE)",547,952796,86,0.483379973173303,84.326051700624
"INDIGO_1_UNIT 1","INDIGO PEAKER UNIT 1",1,NA,NA,NA,NA
"INDIGO_1_UNIT 2","INDIGO PEAKER UNIT 2",1,NA,NA,NA,NA
"INDIGO_1_UNIT 3","INDIGO PEAKER UNIT 3",2,NA,NA,NA,NA
"INTKEP_2_UNITS","CCSF Hetch_Hetchy Hydro Aggregate",102,879947,10,0.199492081874654,9.83109668109668
"INTMNT_3_ANAHEIM","Intermountain Power Project",12,107681,2,1,1.91890616425828
"INTMNT_3_PASADENA","Intermountain Power Project",5,NA,NA,NA,NA
"INTMNT_3_RIVERSIDE","IPPDYN",13,195432,5,0.603744873337461,5
"IVANPA_1_UNIT1","Ivanpah 1",3,166139,3,0.000702811244979729,2.93978748524203
"IVANPA_1_UNIT3","Ivanpah 3",2,NA,NA,NA,NA
"IVSLRP_2_SOLAR1","Silver Ridge Mount Signal",5,NA,NA,NA,NA
"IVWEST_2_SOLAR1","Imperial Valley West ( Q # 608)",4,117281,2,0.0121517331589275,1.98571428571429
"JAWBNE_2_NSRWND","North Sky River Wind Project",2,NA,NA,NA,NA
"JOANEC_2_ST3BT3","Santa Ana Storage 3",5,741263,5,0.39047619047619,4.921875
"JOANEC_2_STABT2","Santa Ana Storage 2",28,108602,19,0.0404440178239692,18.6693492063492
"KEARNY_6_NESBT1","Kearny North Energy Storage",2,NA,NA,NA,NA
"KEARNY_6_SESBT2","Kearny South Energy Storage",27,779880,6,0.339057912650368,5.83166666666667
"KELSO_2_UNITS","Mariposa Energy",12,856960,2,0.000852640371872382,1.97328493647913
"KERNRG_1_UNITS","South Belridge Cogen Facility",14,628632,7,0.411788876022562,6.69275
"KERRGN_1_UNIT 1","KERN RIVER HYDRO UNITS 1-4 AGGREGATE",16,124287,5,0.386636870548041,4.89106673673148
"KNGBRD_2_SOLAR1","Kingbird Solar A",1,NA,NA,NA,NA
"KRAMER_1_R1BX3","Resurgence 1 BESS",5,NA,NA,NA,NA
"KRAMER_1_R1PX3","Resurgence 1 PV",25,105576,6,0.670506944444444,6
"LAMONT_1_SOLAR2","Redwood Solar Farm 4",3,NA,NA,NA,NA
"LAMONT_1_SOLAR3","Woodmere Solar Farm",1,NA,NA,NA,NA
"LARKSP_6_UNIT 1","LARKSPUR PEAKER UNIT 1",2,NA,NA,NA,NA
"LARKSP_6_UNIT 2","LARKSPUR PEAKER UNIT 2",2,NA,NA,NA,NA
"LCKHT1_2_LH1SR1","Lockhart Solar 1 PV",169,104756,71,0,69.2526991091396
"LCKHT1_2_LH1SR2","Lockhart Solar 2",2,NA,NA,NA,NA
"LEBECS_2_UNITS","Pastoria Energy Facility",41,NA,NA,NA,NA
"LECEF_1_UNITS","LOS ESTEROS ENERGY FACILITY AGGREGATE",21,475261,4,0.491636926011886,3.89349747474747
"LECONT_2_LESBT1","LeConte Energy Storage",1,NA,NA,NA,NA
"LITLRK_6_GBCSR1","Green Beanworks C",1,NA,NA,NA,NA
"LMBEPK_2_UNITA3","Goose Haven Energy Center, Unit #1",2,116743,2,0,1.9957805907173
"LMEC_1_PL1X3","Los Medanos Energy Center AGGREGATE",53,NA,NA,NA,NA
"LODI25_6_ERKNG1","LODI STRATEGIC RESERVE",3,148758,2,0.0180553254927944,1.97481190709846
"LOWGAP_7_QFUNTS","Matthews Dam Hydro",3,NA,NA,NA,NA
"LTBERA_1_LB1SR1","Little Bear Solar 1",1,NA,NA,NA,NA
"MAGNLA_6_CERRITOS","Magnolia Power Plant Cerritos",8,NA,NA,NA,NA
"MAGNLA_6_COLTON","Magnolia Power Project",3,NA,NA,NA,NA
"MALCHQ_7_UNIT 1","MALACHA HYDRO L.P.",1,NA,NA,NA,NA
"MARVEL_2_MARBX2","Marvel",1,NA,NA,NA,NA
"MCFLND_5_MFSSR1","McFarland Solar A PV",19,135142,2,1,1.94520467836257
"METEC_2_PL1X3","Metcalf Energy Center",11,NA,NA,NA,NA
"MIDWD_2_WIND2","Coram Energy",2,NA,NA,NA,NA
"MIDWYS_2_MIDSL1","Midway Solar Farm",1,NA,NA,NA,NA
"MIRLOM_2_MLBBTB","Mira Loma BESS B",66,491560,15,0.0764147746526601,14.755
"MNDALY_6_MCGRTH","McGrath Beach Peaker",1,NA,NA,NA,NA
"MNDOTA_1_SOLAR1","North Star Solar 1",1,NA,NA,NA,NA
"MOJAVE_1_SIPHON","MOJAVE SIPHON POWER PLANT",1,NA,NA,NA,NA
"MONTPH_7_UNITS","MONTICELLO HYDRO AGGREGATE",7,184635,2,1,1.94117647058824
"MOORPK_2_CALABS","Calabasas Gas-to-Energy Facility",12,211201,3,1,2.93333333333333
"MORWD_6_QF","Morwind",1,NA,NA,NA,NA
"MOSSLD_2_PSP1","MOSS LANDING POWER BLOCK 1",8,NA,NA,NA,NA
"MOSSLD_2_PSP2","MOSS LANDING POWER BLOCK 2",2,NA,NA,NA,NA
"MRCHNT_2_PL1X3","Desert Star Energy Center",50,NA,NA,NA,NA
"MRGT_6_TGEBT1","Top Gun Energy Storage",18,285521,6,0.00626780626780632,5.90909090909091
"MRLSDS_6_SOLAR1","Morelos Solar",1,NA,NA,NA,NA
"MSHGTS_6_MMARLF","MIRAMAR LANDFILL",1,NA,NA,NA,NA
"MSOLAR_2_SOLAR1","Mesquite Solar 1",2,961257,2,1,1.97411003236246
"MSTANG_2_MTGBT1","Mustang 1 BESS",10,NA,NA,NA,NA
"MSTANG_2_SOLAR","Mustang",6,984603,2,1,1.96629705281587
"MSTANG_2_SOLAR3","Mustang 3",6,974145,2,1,1.954
"MSTANG_2_SOLAR4","Mustang 4",12,654478,2,1,1.99058823529412
"MTWIND_1_MVPWD1","Mountain View Power Project I Repower",18,131675,14,0.00784971581361926,13.6493028865182
"MTWIND_1_UNIT 3","Mountain View Power Project III",21,165858,4,0.495792174798967,3.94029017857143
"NAROW1_2_UNIT","NARROWS PH 1 UNIT",1,NA,NA,NA,NA
"NAROW2_2_UNIT","Narrows Powerhouse Unit 2",1,NA,NA,NA,NA
"NCPA_7_GP2UN4","NCPA GEO PLANT 2 UNIT 4",3,NA,NA,NA,NA
"NEENCH_6_SOLAR","Alpine Solar",11,NA,NA,NA,NA
"NGILAA_5_SDGDYN","NGILAA_5_SDGDYN",5,174744,4,0.00727272727272721,4
"NORCNV_1_NCVBT1","North Central Valley",6,NA,NA,NA,NA
"NZWIND_6_CALWND","Wind Resource I",2,NA,NA,NA,NA
"OAK C_7_UNIT 1","OAKLAND STATION C GT UNIT 1",8,NA,NA,NA,NA
"OAK C_7_UNIT 3","OAKLAND STATION C GT UNIT 3",7,NA,NA,NA,NA
"OAKWD_6_QF","Oak Creek",1,NA,NA,NA,NA
"OASIS_6_CREST","CREST Contracts",1,NA,NA,NA,NA
"OBERON_5_O2BBX2","Oberon 2 BESS",1,NA,NA,NA,NA
"OBERON_5_O2SSR5","Oberon 2B Solar",182,118485,19,0.109320997598986,18.5206586203507
"OCOTLO_6_OCWSB1","Ocotillo Wells Solar and BESS",221,729047,129,0.736434108527132,125.090909090909
"OCTILO_5_WIND","Ocotillo Wind Energy Facility",9,124064,5,0.00245610581605149,4.94261673650468
"OGROVE_6_PL1X2","Orange Grove Energy Center",10,139204,2,0.0252960172228203,1.97659574468085
"OILFLD_7_QFUNTS","Nacimiento Hydroelectric Plant",2,NA,NA,NA,NA
"OMAR_2_UNIT 1","KERN RIVER COGENERATION CO. UNIT 1",1,NA,NA,NA,NA
"OMAR_2_UNIT 2","KERN RIVER COGENERATION CO. UNIT 2",1,NA,NA,NA,NA
"OMAR_2_UNIT 3","KERN RIVER COGENERATION CO. UNIT 3",1,NA,NA,NA,NA
"OMAR_2_UNIT 4","KERN RIVER COGENERATION CO. UNIT 4",3,962064,3,0.00456621004566193,3
"ORMOND_7_UNIT 1","ORMOND BEACH GEN STA. UNIT 1",3,NA,NA,NA,NA
"OROVIL_6_UNIT","Oroville Cogeneration, LP",1,NA,NA,NA,NA
"OTMESA_2_PL1X3","OTAY MESA ENERGY CENTER",11,304325,6,0.000580939593054497,5.970819135361
"OXBOW_6_DRUM","OXBOW HYDRO",1,NA,NA,NA,NA
"OXMTN_6_LNDFIL","Ox Mountain Landfill Generating Plant",2,153153,2,1,1.94953216374269
"PACLUM_6_UNIT","Humboldt Redwood",33,198465,9,0.092421052631579,8.63636363636364
"PALA_6_PGCBT1","Pala Gomez Creek BESS",13,385155,8,0.253499874256015,7.88955026455027
"PALOMR_2_PL1X3","Palomar Energy Center",21,844371,8,0.00636621877061516,7.75075122951836
"PARDEB_6_UNITS","Pardee Power House",12,183275,5,0.592289655103158,4.90544334975369
"PARDSE_6_PESBT1","Paradise Energy Storage",7,347450,5,0.194858742802688,4.80279823269514
"PEORIA_1_SOLAR","Sonora 1",1,NA,NA,NA,NA
"PINFLT_7_UNITS","PINE FLAT HYDRO AGGREGATE",6,122732,2,0.0160460187708144,1.95733333333333
"PIOPIC_2_CTG1","Pio Pico Unit 1",3,NA,NA,NA,NA
"PIOPIC_2_CTG2","Pio Pico Unit 2",1,NA,NA,NA,NA
"PIT1_7_UNIT 1","PIT PH 1 UNIT 1",29,687240,7,0.00617395274326593,6.94526066350711
"PIT1_7_UNIT 2","PIT PH 1 UNIT 2",29,NA,NA,NA,NA
"PIT3_7_PL1X3","PIT PH 3 UNITS 1, 2 & 3 AGGREGATE",55,428176,16,0.195992857411574,15.6856124156979
"PIT4_7_PL1X2","PIT PH 4 UNITS 1 & 2 AGGREGATE",22,131041,4,0.250148994372832,3.91811170212766
"PIT5_7_PL1X2","PIT PH 5 UNITS 1 & 2 AGGREGATE",27,130239,7,0.441200529421975,6.93887383318278
"PIT5_7_PL3X4","PIT PH 5 UNITS 3 & 4 AGGREGATE",61,142584,10,0.108189567692173,9.8774465522433
"PIT6_7_UNIT 1","PIT PH 6 UNIT 1",11,NA,NA,NA,NA
"PIT6_7_UNIT 2","PIT PH 6 UNIT 2",13,988619,2,1,1.97811970638058
"PIT7_7_UNIT 1","PIT PH 7 UNIT 1",12,NA,NA,NA,NA
"PIT7_7_UNIT 2","PIT PH 7 UNIT 2",13,806870,2,1,1.94247996228194
"PNCHEG_2_PL1X4","PANOCHE ENERGY CENTER (Aggregated)",70,NA,NA,NA,NA
"PNCHPP_1_PL1X2","Midway Peaking Aggregate",4,NA,NA,NA,NA
"POEPH_7_UNIT 1","POE HYDRO UNIT 1",11,NA,NA,NA,NA
"POEPH_7_UNIT 2","POE HYDRO UNIT 2",10,NA,NA,NA,NA
"POLRIS_2_ASRSR1","Antelope Solar 2 Raceway",20,NA,NA,NA,NA
"PRIMM_2_SOLAR1","Silver State South",2,NA,NA,NA,NA
"PVERDE_5_SCEDYN","PVERDE_5_SCEDYN",49,NA,NA,NA,NA
"RCKCRK_7_UNIT 1","ROCK CREEK HYDRO UNIT 1",3,123566,3,0.00627082108563581,2.97435399261706
"RCKCRK_7_UNIT 2","ROCK CREEK HYDRO UNIT 2",1,NA,NA,NA,NA
"RDWAY_1_CREST","CREST Contracts",1,NA,NA,NA,NA
"RECTOR_2_CREST","Rector Aggregate Solar Resources",1,NA,NA,NA,NA
"ROMOLA_5_MPBBT1","Menifee Power Bank",3,NA,NA,NA,NA
"ROMOLA_5_MPBBT2","Menifee Power Bank 2",3,NA,NA,NA,NA
"ROSMDW_2_WIND1","Pacific Wind - Phase 1",11,780584,3,0.0024124916391387,2.93783273086921
"RTEDDY_2_SOLAR1","Rosamond West Solar 1",3,114138,3,0.0006767426122265,2.94225663716814
"RTREE_2_WIND2","Rising Tree 2",1,NA,NA,NA,NA
"RUSCTY_2_UNITS","Russell City Energy Center",27,NA,NA,NA,NA
"RUSSELL_2_SOLANO1","Solano Renewables 1",26,NA,NA,NA,NA
"RVRVEW_1_UNITA1","Riverview Energy Center (GP Antioch)",2,376200,2,0.00210084033613445,2
"RVSIDE_6_SPRING","SPRINGS GENERATION PROJECT AGGREGATE",2,NA,NA,NA,NA
"SALTSP_7_UNITS","SALT SPRINGS HYDRO AGGREGATE",14,NA,NA,NA,NA
"SANBRN_2_EESSB2","Edsan 2 Edwards Sanborn E1B",5,111549,3,1,2.9020979020979
"SANBRN_2_ES1BT3","EdSan 1 Edwards 1",1,NA,NA,NA,NA
"SANBRN_2_ES2SB3","EdSan 2 Sanborn 3",1,NA,NA,NA,NA
"SANBRN_2_SS2BT3","Sanborn Solar 2 SBESS 3",2,NA,NA,NA,NA
"SANBRN_2_SS2SB4","Sanborn Solar 2 Edwards Sanborn S4",2,NA,NA,NA,NA
"SANDLT_2_SUNITS","Mojave Solar",16,NA,NA,NA,NA
"SANTFG_7_UNITS","GEYSERS CALISTOGA AGGREGATE",6,NA,NA,NA,NA
"SBERDO_2_PSP3","Mountainview Gen Sta. Unit 3",34,NA,NA,NA,NA
"SBERDO_2_PSP4","Mountainview Gen Sta. Unit 4",34,NA,NA,NA,NA
"SCARLT_2_SSBSR1","Scarlet Solar CA 1B PV",2,NA,NA,NA,NA
"SCEHOV_2_HOOVER","SCEHOV_2_HOOVER",1,NA,NA,NA,NA
"SCHLTE_1_PL1X3","Tracy Combined Cycle Power Plant",2,NA,NA,NA,NA
"SCHNDR_1_WSTSDE","Westside Solar Station",1,NA,NA,NA,NA
"SENTNL_2_CTG2","Sentinel Unit 2",19,NA,NA,NA,NA
"SENTNL_2_CTG4","Sentinel Unit 4",19,NA,NA,NA,NA
"SHUTLE_6_CREST","CREST Contracts",1,NA,NA,NA,NA
"SISPRG_2_DS3BT1","Daggett Solar 3 a BESS",2,352614,2,0.0189666448659254,2
"SISPRG_2_DS3BT2","Daggett Solar 3 b BESS",16,131816,12,0.0108187380542946,11.7949712056995
"SLATE_2_SLASR2","SLATE_2",41,561157,5,0.204093284018879,4.90196078431373
"SLATE_2_SLASR3","SLATE_3",49,435258,5,0.196782466775472,4.81910112359551
"SLATE_2_SLASR5","Slate 5",1,NA,NA,NA,NA
"SLRMS3_2_SRMSR1","SILVER RIDGE MOUNT SIGNAL 3",4,NA,NA,NA,NA
"SLSTR1_2_SOLAR1","Solar Star 1",3,NA,NA,NA,NA
"SLSTR2_2_SOLAR2","Solar Star 2",5,360573,2,0.0147575719805559,1.96642156862745
"SLUISP_2_UNITS","SAN LUIS (GIANELLI) PUMP-GEN (AGGREGATE)",136,NA,NA,NA,NA
"SMUDGO_7_UNIT 1","SONOMA POWER PLANT",5,NA,NA,NA,NA
"SNCLRA_2_UNIT1","New Indy Oxnard",10,620521,2,1,1.94727272727273
"SNORA_2_SNRSLR","SG Sorrento",1,NA,NA,NA,NA
"SOLBLU_2_WSBSX2","Westlands Solar Blue",1,NA,NA,NA,NA
"SPAULD_6_UNIT12","SPAULDING HYDRO PH 1 & 2 AGGREGATE",22,513723,4,0.249535708255951,3.8461038961039
"SPBURN_7_SNOWMT","Burney Creek Hydro",1,NA,NA,NA,NA
"SPICER_1_UNITS","SPICER HYDRO UNITS 1-3 AGGREGATE",6,553779,3,0.311827956989247,2.90625
"SPQUIN_6_SRPCQU","Quincy Biomass",1,NA,NA,NA,NA
"STANIS_7_UNIT 1","STANISLAUS HYDRO",7,NA,NA,NA,NA
"STANTN_2_SBEBX2","Stanton Battery Energy Storage",3,NA,NA,NA,NA
"STANTN_2_STAGT1","Stanton 1",1,NA,NA,NA,NA
"STROUD_6_SOLAR","Stroud Solar Station",1,NA,NA,NA,NA
"SUMWHT_6_SWSSR1","Summer Wheat Solar Farm",1,NA,NA,NA,NA
"SUNCAT_2_A1ABT1","Arlington Solar Unit 1A BESS",88,NA,NA,NA,NA
"SUNCAT_2_A1BBT1","Arlington Solar Unit 1B BESS",145,615344,26,0.19650299371763,25.2889423451314
"SUNCAT_2_A2ABT2","Arlington Solar Unit 2A BESS",1,NA,NA,NA,NA
"SUNCAT_2_A2BSR2","Arlington Solar Unit 2B",2,NA,NA,NA,NA
"SUNRIS_2_PL1X3","Sunrise Power Project AGGREGATE II",8,NA,NA,NA,NA
"SUNSHN_2_LNDFL","Sunshine Gas Producers",3,NA,NA,NA,NA
"SUNSLR_1_SSVSR1","Sunshine Valley Solar 1",17,345990,15,0.00434951069486078,14.9870729949695
"SUNSTR_5_SS1SCEDYN","Sunstream Solar 1",1,NA,NA,NA,NA
"SYCAMR_2_UNIT 1","Sycamore Cogeneration Unit 1",2,182568,2,9.31879601155927e-05,1.98648648648649
"SYCAMR_2_UNIT 2","Sycamore Cogeneration Unit 2",1,NA,NA,NA,NA
"SYCAMR_2_UNIT 3","Sycamore Cogeneration Unit 3",1,NA,NA,NA,NA
"SYCAMR_2_UNIT 4","Sycamore Cogeneration Unit 4",1,NA,NA,NA,NA
"TANHIL_6_SOLART","Berry Cogen 18",10,379813,2,1,1.95111111111111
"TEHAPI_2_PW2WD2","Point Wind 2",9,124050,2,1,1.95
"TERMEX_2_PL1X3","TDM",1,NA,NA,NA,NA
"TIFFNY_1_DILLON","TIFFNY_1_DILLON",20,939948,4,0.232391600802878,3.88037770705518
"TIGRCK_7_UNITS","TIGER CREEK HYDRO AGGREGATE",10,195278,3,0.331555555555556,2.90322580645161
"TITANS_2_TTSSR1","Titan Solar 1 Pseudo",4,NA,NA,NA,NA
"TOPAZ_2_SOLAR","Topaz Solar Farms",29,111727,9,0,8.86421141366332
"TOWNSITE_2_MEADDYN","Townsite Solar BESS",8,127137,2,1,1.94208333333333
"TRNQLT_2_RETBT1","RE Tranquillity BESS",7,116825,2,0.0125714285714287,2
"TRNQLT_2_SOLAR","Tranquillity",7,358008,2,1,1.9589022203834
"TRNSWD_1_QF","FPL Energy C Wind",2,134471,2,1,1.94967565035282
"TULEWD_1_TULWD1","Tule Wind",2,NA,NA,NA,NA
"TULLCK_7_UNITS","Tullock Hydro",13,809558,4,0.25,3.95959595959596
"TUMBWD_2_WISBT3","Willow Springs Solar 3",1,NA,NA,NA,NA
"ULTPFR_1_UNIT 1","Rio Bravo Fresno",1,NA,NA,NA,NA
"USWNDR_2_LABWD1","LaBrisa Wind Project",2,NA,NA,NA,NA
"USWNDR_2_SMUD","SOLANO WIND FARM",14,837024,5,0.179523195799752,4.82618167225614
"USWNDR_2_SMUD2","Solano Wind Project Phase 3",16,264747,3,0.00494683378623917,2.96908722956817
"USWPJR_2_UNITS","Vasco Wind",6,NA,NA,NA,NA
"VACADX_1_SOLAR","Vaca-Dixon Solar Station",1,NA,NA,NA,NA
"VALTNE_2_TBBBT1","Tropico Solar Big Beau",19,594888,18,0.00131663626004452,17.7661888111888
"VALTNE_2_TRSBT1","Tropico Solar",23,650623,23,0.00316455696202544,22.7125
"VENWD_1_WIND3","Painted Hills",1,NA,NA,NA,NA
"VESTAL_2_KERN","KERN RIVER PH 3 UNITS 1 & 2 AGGREGATE",3,NA,NA,NA,NA
"VESTAL_2_WELLHD","Wellhead Power Delano",1,NA,NA,NA,NA
"VICTOR_1_CREST","Victor Aggregate Solar Resources",2,NA,NA,NA,NA
"VISTRA_5_PLABT1","Plano Storage 1",1,NA,NA,NA,NA
"VSTAES_6_VESBT1","Vista Energy Storage",10,386425,7,0.007198035713043,6.94209797220323
"WALCRK_2_CTG1","Walnut Creek Energy Park Unit 1",2,NA,NA,NA,NA
"WALCRK_2_CTG2","Walnut Creek Energy Park Unit 2",1,NA,NA,NA,NA
"WALCRK_2_CTG3","Walnut Creek Energy Park Unit 3",2,NA,NA,NA,NA
"WALCRK_2_CTG5","Walnut Creek Energy Park Unit 5",3,NA,NA,NA,NA
"WALNUT_6_HILLGEN","Puente Hills",2,NA,NA,NA,NA
"WARNE_2_UNIT","WARNE HYDRO AGGREGATE",23,159511,9,0.778776890182579,8.92169092169092
"WDFRDF_2_WFFBT1","West Ford Flat Energy Storage",4,NA,NA,NA,NA
"WDLEAF_7_UNIT 1","WOODLEAF HYDRO",2,NA,NA,NA,NA
"WESCAN_2_BDSBT1","Bateria Del Sur",41,167201,7,0.283872551571561,6.78251178306597
"WHEATL_6_LNDFIL","G2 ENERGY, OSTROM ROAD LLC",3,NA,NA,NA,NA
"WHTWTR_1_WINDA1","Whitewater Hill Wind Project",1,NA,NA,NA,NA
"WISHON_6_UNITS","Wishon/San Joaquin  #1-A AGGREGATE",33,164152,14,0.0745358502291618,13.7202238209432
"WISTRA_2_WRSSR1","Wistaria Ranch Solar",1,NA,NA,NA,NA
"WNDSTR_2_WIND","Windstar",18,NA,NA,NA,NA
"WOLFSK_1_UNITA1","Wolfskill Energy Center",3,111621,3,0,2.99573560767591
"WRGTSR_2_WSFSR1","Wright Solar Freeman",6,NA,NA,NA,NA
"WSTWND_2_M89WD2","Mojave 89 Wind",1,NA,NA,NA,NA
"YELPIN_2_YP2BT1","Yellow Pine 2 BESS",66,655017,4,0.000301320848801856,3.92037647563326
"YUBACT_1_SUNSWT","YUBA CITY COGEN",1,NA,NA,NA,NA
"YUBACT_6_UNITA1","Yuba City Energy Center (Calpine)",1,NA,NA,NA,NA
