"generator","generator_name","RESOURCEBID_SEQ","rank","n_matches","pmax_mw","max_mw","mean_pct_err","score","confidence"
"ADLIN_1_UNITS","GEYSERS AIDLIN AGGREGATE",316580,1,3,22,20,0.00814814814814817,2.97555555555556,0.35195872089076
"ADLIN_1_UNITS","GEYSERS AIDLIN AGGREGATE",201934,2,2,22,20.63,0.0358585858585859,1.92828282828283,NA
"AKINGS_6_AMESR1","American Kings Solar",828735,1,2,123,126.81,0.0111034482758621,1.97779310344828,1
"ALHMBR_1_ALHSLR","SG Alhambra",158082,1,3,50,49,0,3,0
"ALHMBR_1_ALHSLR","SG Alhambra",165788,2,3,50,49,0,3,NA
"ALHMBR_1_ALHSLR","SG Alhambra",852416,3,3,50,48,0,3,NA
"ALHMBR_1_ALHSLR","SG Alhambra",915712,4,3,50,50,0,3,NA
"ALMASL_2_AL6BT6","Almasol 6 BES",163688,1,4,50,45,0.0227272727272727,3.90909090909091,0.00523255813953494
"ALMASL_2_AL6BT6","Almasol 6 BES",156192,2,4,50,45.3,0.027840909090909,3.88863636363636,NA
"ALMASL_2_AL6BT6","Almasol 6 BES",932153,3,4,50,45.3,0.027840909090909,3.88863636363636,NA
"ALMASL_2_AL6BT6","Almasol 6 BES",951689,4,4,50,45.3,0.027840909090909,3.88863636363636,NA
"ALMASL_2_AL6BT6","Almasol 6 BES",764895,5,4,50,46.5,0.0311363636363637,3.87545454545455,NA
"ARBWD_6_QF","Wind Resource II",107701,1,2,19.95,18,0.0229121870935203,1.95417562581296,0.00350921281564531
"ARBWD_6_QF","Wind Resource II",819306,2,2,19.95,20,0.0263409961685825,1.94731800766283,NA
"ARBWD_6_QF","Wind Resource II",374413,3,2,19.95,20,0.0268199233716475,1.9463601532567,NA
"ARBWD_6_QF","Wind Resource II",122815,4,2,19.95,20,0.0301724137931034,1.93965517241379,NA
"ARCOGN_2_UNITS","WATSON COGENERATION",219791,1,3,305,290,0.0127371273712737,2.96178861788618,0.327971147100985
"ARCOGN_2_UNITS","WATSON COGENERATION",242438,2,2,305,275,0.00479629629629625,1.99040740740741,NA
"ARCOGN_2_UNITS","WATSON COGENERATION",158253,3,2,305,275,0.0185185185185185,1.96296296296296,NA
"ARCOGN_2_UNITS","WATSON COGENERATION",193488,4,2,305,290,0.0234303135888502,1.9531393728223,NA
"ARLVAL_5_SOLAR","Arlington Valley Solar Energy II",105465,1,4,127,126.35,0.0275,3.89,0.499023136246787
"ARLVAL_5_SOLAR","Arlington Valley Solar Energy II",101706,2,2,127,126,0.0256,1.9488,NA
"ARLVAL_5_SOLAR","Arlington Valley Solar Energy II",118485,3,2,127,116.92,0.029,1.942,NA
"ARLVAL_5_SOLAR","Arlington Valley Solar Energy II",164178,4,2,127,125,0.0306,1.9388,NA
"ARLVAL_5_SOLAR","Arlington Valley Solar Energy II",170663,5,2,127,137.06,0.0353,1.9294,NA
"AVSOLR_2_SOLAR","AV SOLAR RANCH 1",492855,1,13,241.5,240,0.0114042933810376,12.8517441860465,0.306970059508545
"AVSOLR_2_SOLAR","AV SOLAR RANCH 1",968309,2,9,241.5,234,0.0103729435036426,8.90664350846722,NA
"AVSOLR_2_SOLAR","AV SOLAR RANCH 1",705107,3,5,241.5,241.5,0.0159497739946775,4.92025113002661,NA
"AVSOLR_2_SOLAR","AV SOLAR RANCH 1",289323,4,5,241.5,250,0.0234786821705426,4.88260658914729,NA
"AVSOLR_2_SOLAR","AV SOLAR RANCH 1",106181,5,4,241.5,265,0.0193070730304773,3.92277170787809,NA
"BERCYN_2_BCEBT1","Bear Canyon Energy Storage",153772,1,4,13,14,0.0437689393939394,3.82492424242424,0.215670740161223
"BERCYN_2_BCEBT1","Bear Canyon Energy Storage",191168,2,3,13,14,0,3,NA
"BERCYN_2_BCEBT1","Bear Canyon Energy Storage",569776,3,3,13,12,0,3,NA
"BERCYN_2_BCEBT1","Bear Canyon Energy Storage",742900,4,3,13,12.5,0,3,NA
"BERCYN_2_BCEBT1","Bear Canyon Energy Storage",164110,5,3,13,13,0.0181818181818181,2.94545454545455,NA
"BIGCRK_2_EXESWD","BIG CREEK HYDRO PROJECT PSP",166600,1,434,820,799.47,0.023337688426183,423.871443223037,0.581670922049279
"BIGCRK_2_EXESWD","BIG CREEK HYDRO PROJECT PSP",653256,2,183,820,750,0.0310505463763146,177.317750013134,NA
"BIGCRK_2_EXESWD","BIG CREEK HYDRO PROJECT PSP",203842,3,159,820,820,0.031705502185073,153.958825152573,NA
"BIGCRK_2_EXESWD","BIG CREEK HYDRO PROJECT PSP",985335,4,157,820,741.27,0.0358177561942413,151.376612277504,NA
"BIGCRK_2_EXESWD","BIG CREEK HYDRO PROJECT PSP",201337,5,77,820,882,0.0214931703677757,75.3450258816813,NA
"BISHOP_1_ALAMO","BISHOP CREEK PLANT 2  AND  6",742900,1,17,13.4,12.5,0.00736595942094848,16.8747786898439,0.484597601199136
"BISHOP_1_ALAMO","BISHOP CREEK PLANT 2  AND  6",186631,2,9,13.4,13.5,0.0336331760023071,8.69730141597924,NA
"BISHOP_1_ALAMO","BISHOP CREEK PLANT 2  AND  6",666436,3,8,13.4,13.8,0.0217255222402475,7.82619582207802,NA
"BISHOP_1_ALAMO","BISHOP CREEK PLANT 2  AND  6",153772,4,8,13.4,14,0.0251317170293749,7.798946263765,NA
"BISHOP_1_ALAMO","BISHOP CREEK PLANT 2  AND  6",691663,5,8,13.4,12.19,0.0267849053822564,7.78572075694195,NA
"BISHOP_1_UNITS","BISHOP CREEK PLANT 3  AND  4",301986,1,8,15.8,16.44,0.0186416834761419,7.85086653219086,0.00871506084454898
"BISHOP_1_UNITS","BISHOP CREEK PLANT 3  AND  4",131964,2,8,15.8,14.4,0.0271942809149514,7.78244575268039,NA
"BISHOP_1_UNITS","BISHOP CREEK PLANT 3  AND  4",928755,3,8,15.8,15,0.0304417680278227,7.75646585577742,NA
"BISHOP_1_UNITS","BISHOP CREEK PLANT 3  AND  4",153266,4,7,15.8,15,0.0185764511340235,6.86996484206184,NA
"BISHOP_1_UNITS","BISHOP CREEK PLANT 3  AND  4",159739,5,7,15.8,15,0.0221734795758269,6.84478564296921,NA
"BLAST_1_WIND","Mountain View IV Wind",106763,1,5,49,52.73,0.0211451007860484,4.89427449606976,0.20103090222056
"BLAST_1_WIND","Mountain View IV Wind",997249,2,4,49,50.5,0.0224064803975561,3.91037407840978,NA
"BLAST_1_WIND","Mountain View IV Wind",201838,3,4,49,50,0.0281820893390722,3.88727164264371,NA
"BLAST_1_WIND","Mountain View IV Wind",340172,4,3,49,45,0.00867283283465494,2.97398150149604,NA
"BLAST_1_WIND","Mountain View IV Wind",179047,5,3,49,50,0.0123316188062364,2.96300514358129,NA
"BLVRDE_6_BLVBT1","Boulevard Energy Storage",284463,1,8,10,10,0.0233404382973348,7.81327649362132,0.128368799944259
"BLVRDE_6_BLVBT1","Boulevard Energy Storage",916013,2,7,10,10,0.027100633356791,6.81029556650246,NA
"BLVRDE_6_BLVBT1","Boulevard Energy Storage",182278,3,6,10,10,0.0128205128205128,5.92307692307692,NA
"BLVRDE_6_BLVBT1","Boulevard Energy Storage",222736,4,6,10,10,0.0128205128205128,5.92307692307692,NA
"BLVRDE_6_BLVBT1","Boulevard Energy Storage",376549,5,6,10,10,0.0191025641025641,5.88538461538462,NA
"BUCKCK_7_PL1X2","BUCKS CREEK AGGREGATE",497303,1,77,57.25,57.25,0.00016922471467926,76.9869696969697,0.822929861653285
"BUCKCK_7_PL1X2","BUCKS CREEK AGGREGATE",624752,2,14,57.25,54,0.0262790446330846,13.6320933751368,NA
"BUCKCK_7_PL1X2","BUCKS CREEK AGGREGATE",178559,3,13,57.25,60,0.0198863937458354,12.7414768813041,NA
"BUCKCK_7_PL1X2","BUCKS CREEK AGGREGATE",736984,4,13,57.25,54,0.0281604574801697,12.6339140527578,NA
"BUCKCK_7_PL1X2","BUCKS CREEK AGGREGATE",157358,5,10,57.25,60,0.0221695680206318,9.77830431979368,NA
"CALFTN_2_SOLAR","California Flats North",195275,1,4,130,127.6,0.0213315217391305,3.91467391304348,0.000416493127863404
"CALFTN_2_SOLAR","California Flats North",476474,2,4,130,119,0.0217391304347826,3.91304347826087,NA
"CALFTN_2_SOLAR","California Flats North",127378,3,3,130,130,0.0134782608695652,2.9595652173913,NA
"CALFTN_2_SOLAR","California Flats North",828735,4,3,130,126.81,0.0336231884057971,2.89913043478261,NA
"CALFTN_2_SOLAR","California Flats North",124574,5,3,130,128.39,0.0350724637681159,2.89478260869565,NA
"CALFTS_2_CFSSR1","California Flats Solar South",576455,1,7,150,150,0.0233289646133682,6.83669724770642,0.294036104513719
"CALFTS_2_CFSSR1","California Flats Solar South",995493,2,5,150,144.78,0.0347077157497672,4.82646142125116,NA
"CALFTS_2_CFSSR1","California Flats Solar South",914978,3,4,150,139.97,0.0323888657214346,3.87044453711426,NA
"CALFTS_2_CFSSR1","California Flats Solar South",920866,4,3,150,150,0.023381778544827,2.92985466436552,NA
"CALFTS_2_CFSSR1","California Flats Solar South",589872,5,3,150,141.78,0.0283030303030303,2.91509090909091,NA
"CARBOU_7_PL2X3","CARIBOU PH 1 UNIT 2 & 3 AGGREGATE",890505,1,3,49,50,0.0203277777777778,2.93901666666667,0.00703750120505164
"CARBOU_7_PL2X3","CARIBOU PH 1 UNIT 2 & 3 AGGREGATE",111869,2,3,49,50,0.0272222222222222,2.91833333333333,NA
"CARBOU_7_PL2X3","CARIBOU PH 1 UNIT 2 & 3 AGGREGATE",841533,3,3,49,49.72,0.0314528735632184,2.90564137931035,NA
"CARBOU_7_PL2X3","CARIBOU PH 1 UNIT 2 & 3 AGGREGATE",426166,4,2,49,47.7,0.0172413793103448,1.96551724137931,NA
"CARBOU_7_PL2X3","CARIBOU PH 1 UNIT 2 & 3 AGGREGATE",444308,5,2,49,49,0.0172413793103448,1.96551724137931,NA
"CARBOU_7_PL4X5","CARIBOU PH 2 UNIT 4 & 5 AGGREGATE",108072,1,14,120,120,0.00946658463329761,13.8674678151338,0.503976579382283
"CARBOU_7_PL4X5","CARIBOU PH 2 UNIT 4 & 5 AGGREGATE",469253,2,7,120,115,0.0173444541473161,6.87858882096879,NA
"CARBOU_7_PL4X5","CARIBOU PH 2 UNIT 4 & 5 AGGREGATE",476474,3,5,120,119,0.00505649717514124,4.97471751412429,NA
"CARBOU_7_PL4X5","CARIBOU PH 2 UNIT 4 & 5 AGGREGATE",993410,4,4,120,117.96,0.022184976596063,3.91126009361575,NA
"CARBOU_7_PL4X5","CARIBOU PH 2 UNIT 4 & 5 AGGREGATE",828735,5,4,120,126.81,0.0262989719366491,3.8948041122534,NA
"CARBOU_7_UNIT 1","CARIBOU PH 1 UNIT 1",160554,1,2,24,22,0.05,1.9,1
"CARLS1_2_CARCT1","Carlsbad 1",160605,1,4,422,407,0.001230012300123,3.99507995079951,0
"CARLS1_2_CARCT1","Carlsbad 1",944410,2,4,422,407,0.001230012300123,3.99507995079951,NA
"CARLS1_2_CARCT1","Carlsbad 1",879947,3,4,422,404,0.00615006150061501,3.97539975399754,NA
"CARLS1_2_CARCT1","Carlsbad 1",123833,4,4,422,417,0.025830258302583,3.89667896678967,NA
"CARLS1_2_CARCT1","Carlsbad 1",129058,5,4,422,422,0.038130381303813,3.84747847478475,NA
"CENTPD_2_BMSSX2","Blythe Mesa Solar",238485,1,3,223.6,210,0.0336700336700337,2.8989898989899,0.328596994000371
"CENTPD_2_BMSSX2","Blythe Mesa Solar",705107,2,2,223.6,241.5,0.0268047337278107,1.94639053254438,NA
"CENTPD_2_BMSSX2","Blythe Mesa Solar",178320,3,2,223.6,226.84,0.0310909090909091,1.93781818181818,NA
"CENTPD_2_BMSSX2","Blythe Mesa Solar",263628,4,2,223.6,208.96,0.0325925925925926,1.93481481481481,NA
"CHEVMN_2_UNITS","CHEVRON U.S.A. UNITS 1 & 2 AGGREGATE",736344,1,3,124.87,114.8,0.0287037037037037,2.91388888888889,0.323469971401335
"CHEVMN_2_UNITS","CHEVRON U.S.A. UNITS 1 & 2 AGGREGATE",195275,2,2,124.87,127.6,0.0143333333333333,1.97133333333333,NA
"CLINESCO_3_PVDYN","CLINES CORNERS",914978,1,2,129.94,139.97,0.0183888066681664,1.96322238666367,1
"CLRMNT_6_CLEBT1","Clairemont Energy Storage",143302,1,6,9,9.5,0.0444444444444445,5.73333333333333,0
"CLRMNT_6_CLEBT1","Clairemont Energy Storage",193527,2,6,9,9.5,0.0444444444444445,5.73333333333333,NA
"CLRMNT_6_CLEBT1","Clairemont Energy Storage",385155,3,6,9,9.5,0.0444444444444445,5.73333333333333,NA
"CLRMNT_6_CLEBT1","Clairemont Energy Storage",491560,4,2,9,9,0.0374675324675325,1.92506493506494,NA
"CNTNLA_2_SOLAR1","Centinela Solar Energy I",124574,1,2,125,128.39,0.025658817862405,1.94868236427519,1
"COLUSA_2_PL1X3","Colusa Generating Station",101489,1,2,641,635,0,2,1
"COLVIL_7_PL1X2","COLLIERVILLE HYDRO UNIT 1 & 2 AGGREGATE",201370,1,4,246.86,243.54,0.0292437925029354,3.88302482998826,1
"CONTRL_1_LUNDY","LUNDY",163107,1,3,3,2.7,9.25185853854297e-17,3,0.333333333333333
"CONTRL_1_LUNDY","LUNDY",179000,2,2,3,2.75,0,2,NA
"CONTRL_1_LUNDY","LUNDY",106695,3,2,3,2.91,2.77555756156289e-16,2,NA
"CONTRL_1_POOLE","POOLE HYDRO PLANT 1",814548,1,4,11.07,10,0.00844141656901106,3.96623433372396,0.0332268338608229
"CONTRL_1_POOLE","POOLE HYDRO PLANT 1",442155,2,4,11.07,10.5,0.0413877688839454,3.83444892446422,NA
"CONTRL_1_POOLE","POOLE HYDRO PLANT 1",101363,3,2,11.07,11,0.00790513833992078,1.98418972332016,NA
"CONTRL_1_POOLE","POOLE HYDRO PLANT 1",569776,4,2,11.07,12,0.00844141656901106,1.98311716686198,NA
"CONTRL_1_POOLE","POOLE HYDRO PLANT 1",135714,5,2,11.07,10,0.0118577075098815,1.97628458498024,NA
"CONTRL_1_RUSHCK","RUSH CREEK",151598,1,2,11.94,12,0.0216666666666669,1.95666666666667,0.0110732538330495
"CONTRL_1_RUSHCK","RUSH CREEK",370894,2,2,11.94,11.4,0.0325000000000002,1.935,NA
"COVERD_2_MCKHY1","Montgomery Creek Hydro",133011,1,2,2.8,3,0.0476190476190479,1.9047619047619,1
"CRESTA_7_PL1X2","CRESTA PH UNIT 1 & 2 AGGREGATE",179949,1,8,70.4,70,0.0269886363636364,7.78409090909091,0.243224743673492
"CRESTA_7_PL1X2","CRESTA PH UNIT 1 & 2 AGGREGATE",234172,2,6,70.4,74,0.0181987678339819,5.89080739299611,NA
"CRESTA_7_PL1X2","CRESTA PH UNIT 1 & 2 AGGREGATE",798391,3,5,70.4,75,0.019112258149829,4.90443870925086,NA
"CRESTA_7_PL1X2","CRESTA PH UNIT 1 & 2 AGGREGATE",895511,4,4,70.4,74.12,0.0168733470840243,3.9325066116639,NA
"CRESTA_7_PL1X2","CRESTA PH UNIT 1 & 2 AGGREGATE",321061,5,3,70.4,74.66,0.0260967285638339,2.9217098143085,NA
"CRIMSN_2_CRMBT1","Crimson",358008,1,13,200,189,0.00923076923076923,12.88,0.401123188405797
"CRIMSN_2_CRMBT1","Crimson",135142,2,8,200,200,0.0358083333333333,7.71353333333333,NA
"CRIMSN_2_CRMBT1","Crimson",784426,3,7,200,198.99,0.0224571428571428,6.8428,NA
"CRIMSN_2_CRMBT1","Crimson",122732,4,5,200,210,0.02152,4.8924,NA
"CRIMSN_2_CRMBT1","Crimson",196456,5,5,200,203.25,0.0259483333333333,4.87025833333333,NA
"CRIMSN_2_CRMBT2","Crimson 2",589872,1,3,150,141.78,0.0236,2.9292,0.00535982520824807
"CRIMSN_2_CRMBT2","Crimson 2",167201,2,3,150,140,0.0288333333333333,2.9135,NA
"CRIMSN_2_CRMBT2","Crimson 2",309385,3,3,150,150,0.0302,2.9094,NA
"CRIMSN_2_CRMBT2","Crimson 2",670988,4,3,150,150,0.0359333333333333,2.8922,NA
"CRIMSN_2_CRMBT2","Crimson 2",170663,5,2,150,137.06,0.0294,1.9412,NA
"CRSTWD_6_KUMYAY","Kumeyaay Wind Farm",997249,1,6,50,50.5,0.0161827956989247,5.90290322580645,0.172774180459846
"CRSTWD_6_KUMYAY","Kumeyaay Wind Farm",148758,2,5,50,50,0.0233932082732083,4.88303395863396,NA
"CRSTWD_6_KUMYAY","Kumeyaay Wind Farm",973878,3,4,50,50,0.0371891774891775,3.85124329004329,NA
"CRSTWD_6_KUMYAY","Kumeyaay Wind Farm",628632,4,3,50,50.43,0.0125840783312048,2.96224776500639,NA
"CRSTWD_6_KUMYAY","Kumeyaay Wind Farm",353349,5,3,50,47.98,0.0156,2.9532,NA
"DEADCK_1_UNIT","DEADCK_1_UNIT",148199,1,4,1.96,1.89,0.0273972602739726,3.89041095890411,0
"DEADCK_1_UNIT","DEADCK_1_UNIT",265407,2,4,1.96,1.98,0.0273972602739726,3.89041095890411,NA
"DEADCK_1_UNIT","DEADCK_1_UNIT",103773,3,4,1.96,1.8,0.0410958904109589,3.83561643835616,NA
"DEADCK_1_UNIT","DEADCK_1_UNIT",771288,4,2,1.96,1.82,0.0189069634703197,1.96218607305936,NA
"DEADCK_1_UNIT","DEADCK_1_UNIT",190775,5,2,1.96,2,0.0416666666666667,1.91666666666667,NA
"DELAMO_2_ALASB2","Los Alamitos 2",643213,1,2,10,9.5,0,2,0
"DELAMO_2_ALASB2","Los Alamitos 2",963357,2,2,10,9.55,0,2,NA
"DELAMO_2_ALASB2","Los Alamitos 2",136915,3,2,10,9,0.0199999999999999,1.96,NA
"DIABLO_7_UNIT 1","Diablo Canyon Unit 1",126417,1,10,1150,1150,0.00679485116653259,9.93205148833468,0.203016443329362
"DIABLO_7_UNIT 1","Diablo Canyon Unit 1",195335,2,8,1150,1150,0.0105397849738909,7.91568172020887,NA
"DIABLO_7_UNIT 2","Diablo Canyon Unit 2",195335,1,2,1150,1150,0.00253036437246964,1.99493927125506,1
"DRACKR_2_DSUBT1","Dracker Solar Unit 1 BESS",140316,1,40,63,60,0.0206834302751372,39.1726627889945,0.0243949098423806
"DRACKR_2_DSUBT1","Dracker Solar Unit 1 BESS",917893,2,39,63,60,0.0200756612315125,38.217049211971,NA
"DRACKR_2_DSUBT1","Dracker Solar Unit 1 BESS",145917,3,39,63,57,0.0317300184765444,37.7625292794148,NA
"DRACKR_2_DSUBT1","Dracker Solar Unit 1 BESS",131675,4,36,63,60,0.0225563891109409,35.1879699920061,NA
"DRACKR_2_DSUBT1","Dracker Solar Unit 1 BESS",237420,5,34,63,62.5,0.0212397388902827,33.2778488777304,NA
"DREWS_6_PL1X4","Drews Generating Plant",186841,1,5,41.4,38.39,0.00193236714975848,4.99033816425121,0.213896855482474
"DREWS_6_PL1X4","Drews Generating Plant",493401,2,4,41.4,40,0.0192698692190769,3.92292052312369,NA
"DREWS_6_PL1X4","Drews Generating Plant",141013,3,3,41.4,38.23,0.0251207729468599,2.92463768115942,NA
"DREWS_6_PL1X4","Drews Generating Plant",437886,4,3,41.4,39.47,0.0368277358789297,2.88951679236321,NA
"DREWS_6_PL1X4","Drews Generating Plant",180457,5,2,41.4,40,0.0119162640901772,1.97616747181965,NA
"DRUM_7_PL1X2","Drum PH 1 Units 1 & 2 Aggregate",591854,1,2,26,26.65,0.0107692307692308,1.97846153846154,0.00155520995334368
"DRUM_7_PL1X2","Drum PH 1 Units 1 & 2 Aggregate",455287,2,2,26,28,0.0123076923076923,1.97538461538462,NA
"DRUM_7_PL1X2","Drum PH 1 Units 1 & 2 Aggregate",975528,3,2,26,26,0.0142307692307692,1.97153846153846,NA
"DRUM_7_PL1X2","Drum PH 1 Units 1 & 2 Aggregate",165103,4,2,26,24,0.0153846153846154,1.96923076923077,NA
"DRUM_7_PL1X2","Drum PH 1 Units 1 & 2 Aggregate",517313,5,2,26,23.66,0.0180769230769231,1.96384615384615,NA
"DRUM_7_PL3X4","Drum PH 1 Units 3 & 4 Aggregate",171240,1,5,28.9,27,0.00155038759689935,4.9922480620155,0.0148805542283804
"DRUM_7_PL3X4","Drum PH 1 Units 3 & 4 Aggregate",620521,2,5,28.9,30,0.016407871198569,4.91796064400716,NA
"DRUM_7_PL3X4","Drum PH 1 Units 3 & 4 Aggregate",415983,3,4,28.9,28.9,1.11022302462516e-16,4,NA
"DRUM_7_PL3X4","Drum PH 1 Units 3 & 4 Aggregate",654478,4,4,28.9,30,0.024762969588551,3.9009481216458,NA
"DRUM_7_PL3X4","Drum PH 1 Units 3 & 4 Aggregate",591854,5,2,28.9,26.65,0.0195033914728682,1.96099321705426,NA
"DSFLWR_2_WS2SR1","Willow Springs 2",105576,1,2,100,91,0.00398406374501995,1.99203187250996,0.0331666666666668
"DSFLWR_2_WS2SR1","Willow Springs 2",173313,2,2,100,100,0.0370185922974768,1.92596281540505,NA
"DSRTSL_2_SOLAR1","Desert Stateline",201021,1,4,296.19,276,0.032973574300324,3.8681057027987,0.231773472801086
"DSRTSL_2_SOLAR1","Desert Stateline",254978,2,3,296.19,271.74,0.00947286303354512,2.97158141089936,NA
"DSRTSL_2_SOLAR1","Desert Stateline",158253,3,3,296.19,275,0.0141535718265909,2.95753928452023,NA
"DSRTSL_2_SOLAR1","Desert Stateline",213626,4,3,296.19,274.31,0.0190200230320592,2.94293993090382,NA
"DSRTSL_2_SOLAR1","Desert Stateline",242438,5,2,296.19,275,0.0370428197821929,1.92591436043561,NA
"DSRTSN_2_DS2X2","Desert Sunlight PV II Storage",263628,1,2,230,208.96,0.0325925925925926,1.93481481481481,1
"DUANE_1_PL1X3","DONALD VON RAESFELD POWER PROJECT",514544,1,3,147.8,141,2.25569122463524e-16,3,0.354074074074074
"DUANE_1_PL1X3","DONALD VON RAESFELD POWER PROJECT",576455,2,2,147.8,150,0.0311111111111113,1.93777777777778,NA
"DVLCYN_1_UNITS","DEVIL CANYON HYDRO UNITS 1-4 AGGREGATE",319098,1,25,235,250,0.025597022556391,24.3600744360902,0.0760153911964163
"DVLCYN_1_UNITS","DEVIL CANYON HYDRO UNITS 1-4 AGGREGATE",705107,2,23,235,241.5,0.0213767892062171,22.508333848257,NA
"DVLCYN_1_UNITS","DEVIL CANYON HYDRO UNITS 1-4 AGGREGATE",178320,3,21,235,226.84,0.0310909090909091,20.3470909090909,NA
"DVLCYN_1_UNITS","DEVIL CANYON HYDRO UNITS 1-4 AGGREGATE",289323,4,20,235,250,0.022407561255595,19.5518487748881,NA
"DVLCYN_1_UNITS","DEVIL CANYON HYDRO UNITS 1-4 AGGREGATE",407814,5,17,235,235,0.00481483563324996,16.9181477942348,NA
"EASTWD_7_UNIT","EASTWOOD PUMP-GEN",983166,1,2,200,200,0.0222222222222222,1.95555555555556,1
"EDWARD_2_ESSSB2","Sanborn Solar 2",170587,1,2,132,133,0.0137271557271557,1.97254568854569,0.00382470306680882
"EDWARD_2_ESSSB2","Sanborn Solar 2",166745,2,2,132,125,0.0174993564993565,1.96500128700129,NA
"EDWARD_2_ESSSB2","Sanborn Solar 2",264747,3,2,132,140,0.0176666666666666,1.96466666666667,NA
"EDWARD_2_ESSSB2","Sanborn Solar 2",143349,4,2,132,131,0.0182239382239383,1.96355212355212,NA
"EDWARD_2_ESSSB2","Sanborn Solar 2",123202,5,2,132,123,0.0253050193050193,1.94938996138996,NA
"ELCAJN_6_EB1BT1","Eastern BESS 1",372178,1,155,7.5,7,0,155,0.323447283898897
"ELCAJN_6_EB1BT1","Eastern BESS 1",981846,2,108,7.5,8.25,0.0290215648548982,104.865670995671,NA
"ELCAJN_6_EB1BT1","Eastern BESS 1",185580,3,101,7.5,6.96,0.0230178274970354,98.6751994227994,NA
"ELCAJN_6_EB1BT1","Eastern BESS 1",397134,4,86,7.5,7.8,0.0113552468203631,85.0234487734488,NA
"ELCAJN_6_EB1BT1","Eastern BESS 1",101989,5,65,7.5,7.3,0.0228747221770478,63.5131430584919,NA
"ELECTR_7_PL1X3","ELECTRA PH UNIT 1 & 2 AGGREGATE",954013,1,14,93,85,0.0218904054830459,13.6935343232374,0.199147680020731
"ELECTR_7_PL1X3","ELECTRA PH UNIT 1 & 2 AGGREGATE",798542,2,11,93,93,0.0030455698654195,10.9664987314804,NA
"ELECTR_7_PL1X3","ELECTRA PH UNIT 1 & 2 AGGREGATE",360176,3,8,93,100,0.0246277243818489,7.80297820494521,NA
"ELECTR_7_PL1X3","ELECTRA PH UNIT 1 & 2 AGGREGATE",181382,4,8,93,100,0.0289056706978941,7.76875463441685,NA
"ELECTR_7_PL1X3","ELECTRA PH UNIT 1 & 2 AGGREGATE",837024,5,7,93,100,0.0220973387257442,6.84531862891979,NA
"ELKHIL_2_PL1X3","ELK HILLS COMBINED CYCLE (AGGREGATE)",111727,1,6,551.7,510,0.0156327393235879,5.90620356405847,0
"ELKHIL_2_PL1X3","ELK HILLS COMBINED CYCLE (AGGREGATE)",200912,2,6,551.7,510,0.0156327393235879,5.90620356405847,NA
"ELKHRN_1_EESX3","Elkhorn Energy Storage",883062,1,11,182.5,174.29,0.0187897676741949,10.7933125555839,0.00452899429664733
"ELKHRN_1_EESX3","Elkhorn Energy Storage",357513,2,11,182.5,175.67,0.0232336632202105,10.7444297045777,NA
"ELKHRN_1_EESX3","Elkhorn Energy Storage",193937,3,11,182.5,176.72,0.0271761529143133,10.7010623179426,NA
"ELKHRN_1_EESX3","Elkhorn Energy Storage",784426,4,10,182.5,198.99,0.0268840390181709,9.73115960981829,NA
"ELKHRN_1_EESX3","Elkhorn Energy Storage",185686,5,10,182.5,178.87,0.0374717219994449,9.62528278000555,NA
"ELLIOT_6_ELIBT1","Elliott Energy Storage",376549,1,5,10,10,0.0316849816849817,4.84157509157509,0.3972479667108
"ELLIOT_6_ELIBT1","Elliott Energy Storage",492010,2,3,10,10,0.0272435897435897,2.91826923076923,NA
"ELLIOT_6_ELIBT1","Elliott Energy Storage",347450,3,3,10,9.45,0.0279202279202279,2.91623931623932,NA
"ELLIOT_6_ELIBT1","Elliott Energy Storage",153153,4,3,10,10,0.0329380341880341,2.9011858974359,NA
"ELLIOT_6_ELIBT1","Elliott Energy Storage",209856,5,3,10,10,0.0329517704517705,2.90114468864469,NA
"ESCNDO_6_EB1BT1","Escondido BESS 1",882665,1,13,10,9.84,0.0214994560994561,12.7205070707071,0.0793945464025241
"ESCNDO_6_EB1BT1","Escondido BESS 1",193527,2,12,10,9.5,0.0241193181818182,11.7105681818182,NA
"ESCNDO_6_EB1BT1","Escondido BESS 1",749304,3,11,10,9.8,0.0169002754820936,10.814096969697,NA
"ESCNDO_6_EB1BT1","Escondido BESS 1",104183,4,7,10,9.12,0.016955266955267,6.88131313131313,NA
"ESCNDO_6_EB1BT1","Escondido BESS 1",186392,5,7,10,10.5,0.0244861471861472,6.82859696969697,NA
"ESCNDO_6_EB2BT2","Escondido BESS 2",193527,1,15,10,9.5,0.00727272727272729,14.8909090909091,0.462759462759463
"ESCNDO_6_EB2BT2","Escondido BESS 2",196445,2,8,10,10.5,0,8,NA
"ESCNDO_6_EB2BT2","Escondido BESS 2",186392,3,7,10,10.5,0.0201251526251526,6.85912393162393,NA
"ESCNDO_6_EB2BT2","Escondido BESS 2",376549,4,7,10,10,0.0325273267201618,6.77230871295887,NA
"ESCNDO_6_EB2BT2","Escondido BESS 2",779880,5,7,10,10.92,0.0342596516867617,6.76018243819267,NA
"ESCNDO_6_EB3BT3","Escondido BESS 3",882665,1,15,10,9.84,0.0225661946193662,14.6615070807095,0.0732082585435031
"ESCNDO_6_EB3BT3","Escondido BESS 3",566935,2,14,10,10,0.0294168800208912,13.5881636797075,NA
"ESCNDO_6_EB3BT3","Escondido BESS 3",193527,3,13,10,9.5,0.0276693455797934,12.6402985074627,NA
"ESCNDO_6_EB3BT3","Escondido BESS 3",749304,4,10,10,9.8,0.0202386120823621,9.79761387917638,NA
"ESCNDO_6_EB3BT3","Escondido BESS 3",153153,5,10,10,10,0.030283143939394,9.69716856060606,NA
"ESCNDO_6_UNITB1","CalPeak Power Enterprise Unit 1",917872,1,2,48.04,47.1,0.0274,1.9452,1
"ETIWND_2_FONTNA","FONTANALYTLE CREEK POWERHOUSE P",190607,1,3,2.56,2.5,0.029126213592233,2.9126213592233,1
"ETIWND_6_GRPLND","Grapeland Peaker",156192,1,3,45.64,45.3,0.00413275920988808,2.98760172237034,0
"ETIWND_6_GRPLND","Grapeland Peaker",932153,2,3,45.64,45.3,0.00413275920988808,2.98760172237034,NA
"ETIWND_6_GRPLND","Grapeland Peaker",951689,3,3,45.64,45.3,0.00413275920988808,2.98760172237034,NA
"ETIWND_6_GRPLND","Grapeland Peaker",288377,4,3,45.64,45.42,0.0050267091239099,2.98491987262827,NA
"ETIWND_6_GRPLND","Grapeland Peaker",163688,5,3,45.64,45,0.00514128704904122,2.98457613885288,NA
"EXCHEC_7_UNIT 1","EXCHEQUER HYDRO",140162,1,2,94.5,94.5,0,2,1
"FMEADO_7_UNIT","FRENCH MEADOWS HYDRO",159739,1,2,16,15,0.0191666666666667,1.96166666666667,0.00594732370433304
"FMEADO_7_UNIT","FRENCH MEADOWS HYDRO",379476,2,2,16,17,0.0250000000000001,1.95,NA
"GARLND_2_GARBT1","Garland B BESS",131086,1,3,88,80,0.0287859547859548,2.91364213564214,0.00317888085802265
"GARLND_2_GARBT1","Garland B BESS",954013,2,3,88,85,0.0318733285233285,2.90438001443001,NA
"GARLND_2_GARBT1","Garland B BESS",643444,3,2,88,80,0.00528658008658007,1.98942683982684,NA
"GARLND_2_GARBT1","Garland B BESS",130239,4,2,88,82,0.0194805194805195,1.96103896103896,NA
"GARLND_2_GARBT1","Garland B BESS",196140,5,2,88,85,0.0194805194805195,1.96103896103896,NA
"GARLND_2_GASLR","Garland B",106183,1,7,180,179,0.0204785600981143,6.8566500793132,0.576962535938809
"GARLND_2_GASLR","Garland B",961257,2,3,180,165,0.0331267128307933,2.90061986150762,NA
"GARLND_2_GASLR","Garland B",856960,3,2,180,180,0.0278383633563188,1.94432327328736,NA
"GARLND_2_GASLR","Garland B",100651,4,2,180,179.5,0.029590236585532,1.94081952682894,NA
"GARLND_2_GASLR","Garland B",137023,5,2,180,167,0.0306811208836163,1.93863775823277,NA
"GARNET_1_WIND","GARNET WIND ENERGY CENTER",155043,1,2,6.5,6.16,0.00649350649350644,1.98701298701299,0.0159753645047763
"GARNET_1_WIND","GARNET WIND ENERGY CENTER",188719,2,2,6.5,6.86,0.0223651348651349,1.95526973026973,NA
"GARNET_1_WIND","GARNET WIND ENERGY CENTER",133202,3,2,6.5,5.96,0.0300714285714286,1.93985714285714,NA
"GARNET_1_WIND","GARNET WIND ENERGY CENTER",181860,4,2,6.5,6,0.0398886827458257,1.92022263450835,NA
"GARNET_2_COAWD2","Coachella 2",442155,1,5,10.8,10.5,0.0168400634808677,4.91579968259566,0.209111290467223
"GARNET_2_COAWD2","Coachella 2",184635,2,4,10.8,11.5,0.02803738317757,3.88785046728972,NA
"GARNET_2_COAWD2","Coachella 2",101363,3,4,10.8,11,0.046728971962617,3.81308411214953,NA
"GARNET_2_COAWD2","Coachella 2",346252,4,3,10.8,10.62,0.00561335449362257,2.98315993651913,NA
"GARNET_2_COAWD2","Coachella 2",294553,5,2,10.8,11.2,0.0336448598130841,1.93271028037383,NA
"GARNET_2_WIND1","Phoenix",186392,1,2,11.2,10.5,0.0195395305016881,1.96092093899662,1
"GARNET_2_WIND3","San Gorgonio East",858482,1,4,12.6,13.4,0.0329744279946165,3.86810228802153,0.231732776617954
"GARNET_2_WIND3","San Gorgonio East",434639,2,3,12.6,11.72,0.00942126514131902,2.97173620457604,NA
"GARNET_2_WIND4","Windustries",916013,1,3,9.8,10,0.0184062590553464,2.94478122283396,0.0118006264140045
"GARNET_2_WIND4","Windustries",209856,2,3,9.8,10,0.0299896800825594,2.91003095975232,NA
"GARNET_2_WIND4","Windustries",196445,3,2,9.8,10.5,0,2,NA
"GARNET_2_WIND4","Windustries",284463,4,2,9.8,10,0.00764705882352935,1.98470588235294,NA
"GARNET_2_WIND4","Windustries",153153,5,2,9.8,10,0.0141176470588235,1.97176470588235,NA
"GARNET_2_WIND5","Eastwind",127538,1,2,3,3,0.0238095238095237,1.95238095238095,0.00243902439024402
"GARNET_2_WIND5","Eastwind",133919,2,2,3,2.73,0.0261904761904762,1.94761904761905,NA
"GATWAY_2_PL1X3","GATEWAY GENERATING STATION",140969,1,7,585,555,0.0397672553784949,6.72162921235054,0
"GATWAY_2_PL1X3","GATEWAY GENERATING STATION",435045,2,7,585,555,0.0397672553784949,6.72162921235054,NA
"GATWAY_2_PL1X3","GATEWAY GENERATING STATION",844371,3,7,585,551.7,0.0403802222770166,6.71733844406088,NA
"GATWAY_2_PL1X3","GATEWAY GENERATING STATION",445404,4,4,585,580,0,4,NA
"GATWAY_2_PL1X3","GATEWAY GENERATING STATION",304325,5,4,585,585,0.00862068965517241,3.96551724137931,NA
"GEYS13_7_UNIT13","GEYSERS UNIT 13 (HEALDSBURG)",798391,1,2,73,75,0.0400641025641026,1.91987179487179,1
"GEYS18_7_UNIT18","GEYSERS UNIT 18 (HEALDSBURG)",798391,1,2,72,75,0.0208333333333333,1.95833333333333,1
"GLNARM_7_UNIT 1","GLEN ARM UNIT 1",190023,1,2,22.13,24,0.0138888888888889,1.97222222222222,1
"GLNARM_7_UNIT 4","GLEN ARM UNIT 4",174755,1,2,42.42,40,0.0100591715976332,1.97988165680473,0.0094142259414226
"GLNARM_7_UNIT 4","GLEN ARM UNIT 4",617807,2,2,42.42,40,0.0193786982248522,1.9612426035503,NA
"GLNARM_7_UNIT 4","GLEN ARM UNIT 4",189802,3,2,42.42,42.96,0.0285502958579882,1.94289940828402,NA
"GYS5X6_7_UNITS","GEYSERS UNITS 5 & 6 AGGREGATE",181382,1,6,98.43,100,0.0226821619826971,5.86390702810382,0.329798083380605
"GYS5X6_7_UNITS","GEYSERS UNITS 5 & 6 AGGREGATE",139204,2,4,98.43,100,0.0174995677217203,3.93000172911312,NA
"GYS5X6_7_UNITS","GEYSERS UNITS 5 & 6 AGGREGATE",187185,3,4,98.43,94.55,0.0248572913588855,3.90057083456446,NA
"GYS5X6_7_UNITS","GEYSERS UNITS 5 & 6 AGGREGATE",102982,4,4,98.43,107.6,0.0380208197768206,3.84791672089272,NA
"GYS5X6_7_UNITS","GEYSERS UNITS 5 & 6 AGGREGATE",173313,5,3,98.43,100,0.0279995202050338,2.9160014393849,NA
"GYS7X8_7_UNITS","GEYSERS UNITS 7 & 8 AGGREGATE",670863,1,2,95.8,100,0.0379106341313149,1.92417873173737,1
"HAASPH_7_PL1X2","HAAS PH UNIT 1 & 2 AGGREGATE",107633,1,15,144,144,0,15,0.544154320987654
"HAASPH_7_PL1X2","HAAS PH UNIT 1 & 2 AGGREGATE",670988,2,7,144,150,0.0231878306878307,6.83768518518518,NA
"HAASPH_7_PL1X2","HAAS PH UNIT 1 & 2 AGGREGATE",995493,3,6,144,144.78,0.0212158289241623,5.87270502645503,NA
"HAASPH_7_PL1X2","HAAS PH UNIT 1 & 2 AGGREGATE",167201,4,5,144,140,0.0226388888888889,4.88680555555556,NA
"HAASPH_7_PL1X2","HAAS PH UNIT 1 & 2 AGGREGATE",195874,5,5,144,147,0.0277222222222222,4.86138888888889,NA
"HIDSRT_2_UNITS","HIGH DESERT POWER PROJECT AGGREGATE",203842,1,31,830,820,0.0150166528932111,30.5344837603105,0.00461858910757551
"HIDSRT_2_UNITS","HIGH DESERT POWER PROJECT AGGREGATE",166600,2,31,830,799.47,0.0195658862513017,30.3934575262096,NA
"HIDSRT_2_UNITS","HIGH DESERT POWER PROJECT AGGREGATE",723251,3,29,830,850,0.0201307672807874,28.4162077488572,NA
"HIDSRT_2_UNITS","HIGH DESERT POWER PROJECT AGGREGATE",653256,4,2,830,750,0.043976667099961,1.91204666580008,NA
"HIGGNS_1_COMBIE","Combie South",713354,1,3,1.5,1.62,0,3,0
"HIGGNS_1_COMBIE","Combie South",857306,2,3,1.5,1.6,0,3,NA
"HIGGNS_1_COMBIE","Combie South",380369,3,3,1.5,1.38,0.0166666666666667,2.95,NA
"HIGGNS_1_COMBIE","Combie South",143485,4,3,1.5,1.5,0.04,2.88,NA
"HIGGNS_1_COMBIE","Combie South",121133,5,2,1.5,1.39,0.035,1.93,NA
"HIGHDS_2_H5SSR1","High 5 Solar",360176,1,2,100,100,0.0305833333333333,1.93883333333333,0.00557606669657285
"HIGHDS_2_H5SSR1","High 5 Solar",670863,2,2,100,100,0.0359888653234359,1.92802226935313,NA
"HOOVER_2_SCEPT","Hoover DAM - SCE Share",158253,1,2,287,275,0.00542170250614765,1.9891565949877,0.00250909090909102
"HOOVER_2_SCEPT","Hoover DAM - SCE Share",213626,2,2,287,274.31,0.00791718987076858,1.98416562025846,NA
"HOOVER_2_SCEPT","Hoover DAM - SCE Share",135963,3,2,287,300,0.0171034766912573,1.96579304661749,NA
"HOOVER_2_SCEPT","Hoover DAM - SCE Share",254978,4,2,287,271.74,0.0172119761418929,1.96557604771621,NA
"HOOVER_2_SCEPT","Hoover DAM - SCE Share",532921,5,2,287,310,0.0352590514309632,1.92948189713807,NA
"HUMBPP_1_UNITS3","Humboldt Bay Generating Station 3",133308,1,33,65.08,63,0.0400075948081334,31.6797493713316,0.0453140302000902
"HUMBPP_1_UNITS3","Humboldt Bay Generating Station 3",236353,2,31,65.08,60,0.0243802499487809,30.2442122515878,NA
"HUMBPP_1_UNITS3","Humboldt Bay Generating Station 3",615344,3,19,65.08,64.66,0.0166380918491681,18.6838762548658,NA
"HUMBPP_1_UNITS3","Humboldt Bay Generating Station 3",694071,4,18,65.08,60,0.0254842582674122,17.5412833511866,NA
"HUMBPP_1_UNITS3","Humboldt Bay Generating Station 3",157358,5,14,65.08,60,0.0232534316738373,13.6744519565663,NA
"HUMBPP_6_UNITS","Humboldt Bay Generating Station 1",670863,1,45,97.62,100,0.0251628764597418,43.8676705593116,0.139090996977836
"HUMBPP_6_UNITS","Humboldt Bay Generating Station 1",854844,2,39,97.62,90,0.0316391659968796,37.7660725261217,NA
"HUMBPP_6_UNITS","Humboldt Bay Generating Station 1",118279,3,37,97.62,100,0.0243259854814864,36.099938537185,NA
"HUMBPP_6_UNITS","Humboldt Bay Generating Station 1",187185,4,36,97.62,94.55,0.030891893737622,34.8878918254456,NA
"HUMBPP_6_UNITS","Humboldt Bay Generating Station 1",581281,5,35,97.62,100,0.0228817279831416,34.19913952059,NA
"HYTTHM_2_UNITS","HYATT-THERMALITO PUMP-GEN (AGGREGATE)",952796,1,86,933.1,880,0.0194645151090228,84.326051700624,0.483379973173303
"HYTTHM_2_UNITS","HYATT-THERMALITO PUMP-GEN (AGGREGATE)",723251,2,45,933.1,850,0.0318993979607592,43.5645270917658,NA
"HYTTHM_2_UNITS","HYATT-THERMALITO PUMP-GEN (AGGREGATE)",201337,3,15,933.1,882,0.0239524983729808,14.6407125244053,NA
"INTKEP_2_UNITS","CCSF Hetch_Hetchy Hydro Aggregate",879947,1,10,405,404,0.0168903318903319,9.83109668109668,0.199492081874654
"INTKEP_2_UNITS","CCSF Hetch_Hetchy Hydro Aggregate",160605,2,8,405,407,0.0162661578657866,7.86987073707371,NA
"INTKEP_2_UNITS","CCSF Hetch_Hetchy Hydro Aggregate",944410,3,8,405,407,0.0162661578657866,7.86987073707371,NA
"INTKEP_2_UNITS","CCSF Hetch_Hetchy Hydro Aggregate",123833,4,7,405,417,0.0395509193776521,6.72314356435644,NA
"INTKEP_2_UNITS","CCSF Hetch_Hetchy Hydro Aggregate",129058,5,2,405,422,0.0445544554455446,1.91089108910891,NA
"INTMNT_3_ANAHEIM","Intermountain Power Project",107681,1,2,234,223.6,0.0405469178708615,1.91890616425828,1
"INTMNT_3_RIVERSIDE","IPPDYN",195432,1,5,136,136,0,5,0.603744873337461
"INTMNT_3_RIVERSIDE","IPPDYN",127378,2,2,136,130,0.0093621833436522,1.9812756333127,NA
"INTMNT_3_RIVERSIDE","IPPDYN",641340,3,2,136,123,0.013900442997639,1.97219911400472,NA
"INTMNT_3_RIVERSIDE","IPPDYN",117281,4,2,136,139,0.0296296296296296,1.94074074074074,NA
"INTMNT_3_RIVERSIDE","IPPDYN",623762,5,2,136,144.46,0.0340419553391115,1.93191608932178,NA
"IVANPA_1_UNIT1","Ivanpah 1",166139,1,3,126,120,0.0200708382526564,2.93978748524203,0.000702811244979729
"IVANPA_1_UNIT1","Ivanpah 1",754274,2,3,126,125,0.0207595434868162,2.93772136953955,NA
"IVANPA_1_UNIT1","Ivanpah 1",165806,3,3,126,119.91,0.020805785123967,2.9375826446281,NA
"IVANPA_1_UNIT1","Ivanpah 1",181027,4,2,126,127,0.0202922077922078,1.95941558441558,NA
"IVANPA_1_UNIT1","Ivanpah 1",525442,5,2,126,120,0.0377804014167651,1.92443919716647,NA
"IVWEST_2_SOLAR1","Imperial Valley West ( Q # 608)",117281,1,2,150,139,0.00714285714285714,1.98571428571429,0.0121517331589275
"IVWEST_2_SOLAR1","Imperial Valley West ( Q # 608)",995749,2,2,150,151,0.0192077922077922,1.96158441558442,NA
"IVWEST_2_SOLAR1","Imperial Valley West ( Q # 608)",432370,3,2,150,137,0.0214285714285714,1.95714285714286,NA
"IVWEST_2_SOLAR1","Imperial Valley West ( Q # 608)",107633,4,2,150,144,0.0285714285714286,1.94285714285714,NA
"IVWEST_2_SOLAR1","Imperial Valley West ( Q # 608)",787730,5,2,150,135,0.0357142857142857,1.92857142857143,NA
"JOANEC_2_ST3BT3","Santa Ana Storage 3",741263,1,5,40,36.8,0.015625,4.921875,0.39047619047619
"JOANEC_2_ST3BT3","Santa Ana Storage 3",133829,2,3,40,37.5,0,3,NA
"JOANEC_2_ST3BT3","Santa Ana Storage 3",186146,3,3,40,40,0.0217708333333333,2.9346875,NA
"JOANEC_2_ST3BT3","Santa Ana Storage 3",189802,4,2,40,42.96,0.0271875,1.945625,NA
"JOANEC_2_ST3BT3","Santa Ana Storage 3",509923,5,2,40,41,0.038125,1.92375,NA
"JOANEC_2_STABT2","Santa Ana Storage 2",108602,1,19,20,18.14,0.0174026733500418,18.6693492063492,0.0404440178239692
"JOANEC_2_STABT2","Santa Ana Storage 2",197260,2,18,20,18,0.00476190476190476,17.9142857142857,NA
"JOANEC_2_STABT2","Santa Ana Storage 2",515655,3,15,20,18.5,0.0250740740740741,14.6238888888889,NA
"JOANEC_2_STABT2","Santa Ana Storage 2",195000,4,12,20,20,0.02,11.76,NA
"JOANEC_2_STABT2","Santa Ana Storage 2",411052,5,12,20,18,0.0213687169312169,11.7435753968254,NA
"KEARNY_6_SESBT2","Kearny South Energy Storage",779880,1,6,10,10.92,0.0280555555555555,5.83166666666667,0.339057912650368
"KEARNY_6_SESBT2","Kearny South Energy Storage",401817,2,4,10,10,0.0364015151515151,3.85439393939394,NA
"KEARNY_6_SESBT2","Kearny South Energy Storage",454499,3,3,10,10.6,0.0166666666666666,2.95,NA
"KEARNY_6_SESBT2","Kearny South Energy Storage",292435,4,3,10,9,0.0216666666666666,2.935,NA
"KEARNY_6_SESBT2","Kearny South Energy Storage",197582,5,3,10,9.99,0.0416666666666666,2.875,NA
"KELSO_2_UNITS","Mariposa Energy",856960,1,2,198.03,180,0.0133575317604356,1.97328493647913,0.000852640371872382
"KELSO_2_UNITS","Mariposa Energy",187658,2,2,198.03,198,0.0141987829614605,1.97160243407708,NA
"KELSO_2_UNITS","Mariposa Energy",346515,3,2,198.03,200,0.0171324863883848,1.96573502722323,NA
"KELSO_2_UNITS","Mariposa Energy",106183,4,2,198.03,179,0.0395644283121596,1.92087114337568,NA
"KERNRG_1_UNITS","South Belridge Cogen Facility",628632,1,7,55.2,50.43,0.0438928571428571,6.69275,0.411788876022562
"KERNRG_1_UNITS","South Belridge Cogen Facility",120783,2,4,55.2,50,0.0158125,3.93675,NA
"KERNRG_1_UNITS","South Belridge Cogen Facility",620765,3,3,55.2,50.4,0,3,NA
"KERNRG_1_UNITS","South Belridge Cogen Facility",973878,4,3,55.2,50,0.0189166666666666,2.94325,NA
"KERNRG_1_UNITS","South Belridge Cogen Facility",157358,5,3,55.2,60,0.02125,2.93625,NA
"KERRGN_1_UNIT 1","KERN RIVER HYDRO UNITS 1-4 AGGREGATE",124287,1,5,25.6,26,0.0217866526537047,4.89106673673148,0.386636870548041
"KERRGN_1_UNIT 1","KERN RIVER HYDRO UNITS 1-4 AGGREGATE",148387,2,3,25.6,25.6,0,3,NA
"KERRGN_1_UNIT 1","KERN RIVER HYDRO UNITS 1-4 AGGREGATE",134646,3,3,25.6,25,0.0401880072400305,2.87943597827991,NA
"KERRGN_1_UNIT 1","KERN RIVER HYDRO UNITS 1-4 AGGREGATE",637410,4,3,25.6,27.39,0.0402290730036395,2.87931278098908,NA
"KERRGN_1_UNIT 1","KERN RIVER HYDRO UNITS 1-4 AGGREGATE",113235,5,2,25.6,24.3,0,2,NA
"KRAMER_1_R1PX3","Resurgence 1 PV",105576,1,6,90,91,0,6,0.670506944444444
"KRAMER_1_R1PX3","Resurgence 1 PV",187185,2,2,90,94.55,0.0115208333333333,1.97695833333333,NA
"KRAMER_1_R1PX3","Resurgence 1 PV",130239,3,2,90,82,0.0182539682539683,1.96349206349206,NA
"KRAMER_1_R1PX3","Resurgence 1 PV",189054,4,2,90,95.62,0.029,1.942,NA
"LCKHT1_2_LH1SR1","Lockhart Solar 1 PV",104756,1,71,85,63,0.0246098717022598,69.2526991091396,0
"LCKHT1_2_LH1SR1","Lockhart Solar 1 PV",118774,2,71,85,63,0.0246098717022598,69.2526991091396,NA
"LCKHT1_2_LH1SR1","Lockhart Solar 1 PV",127688,3,71,85,63,0.0246098717022598,69.2526991091396,NA
"LCKHT1_2_LH1SR1","Lockhart Solar 1 PV",140547,4,71,85,63,0.0246098717022598,69.2526991091396,NA
"LCKHT1_2_LH1SR1","Lockhart Solar 1 PV",206601,5,71,85,63,0.0246098717022598,69.2526991091396,NA
"LECEF_1_UNITS","LOS ESTEROS ENERGY FACILITY AGGREGATE",475261,1,4,309.84,280.39,0.0266256313131314,3.89349747474747,0.491636926011886
"LECEF_1_UNITS","LOS ESTEROS ENERGY FACILITY AGGREGATE",362509,2,2,309.84,287.13,0.0103448275862069,1.97931034482759,NA
"LECEF_1_UNITS","LOS ESTEROS ENERGY FACILITY AGGREGATE",532921,3,2,309.84,310,0.024103448275862,1.95179310344828,NA
"LECEF_1_UNITS","LOS ESTEROS ENERGY FACILITY AGGREGATE",658374,4,2,309.84,302.58,0.0258620689655172,1.94827586206897,NA
"LMBEPK_2_UNITA3","Goose Haven Energy Center, Unit #1",116743,1,2,47.75,47.3,0.00210970464135024,1.9957805907173,0
"LMBEPK_2_UNITA3","Goose Haven Energy Center, Unit #1",912055,2,2,47.75,47.5,0.00210970464135024,1.9957805907173,NA
"LMBEPK_2_UNITA3","Goose Haven Energy Center, Unit #1",376200,3,2,47.75,47.6,0.00421940928270048,1.9915611814346,NA
"LMBEPK_2_UNITA3","Goose Haven Energy Center, Unit #1",528875,4,2,47.75,47.18,0.00464135021097044,1.99071729957806,NA
"LMBEPK_2_UNITA3","Goose Haven Energy Center, Unit #1",713009,5,2,47.75,47.16,0.00506329113924055,1.98987341772152,NA
"LODI25_6_ERKNG1","LODI STRATEGIC RESERVE",148758,1,2,47.97,50,0.0125940464507687,1.97481190709846,0.0180553254927944
"LODI25_6_ERKNG1","LODI STRATEGIC RESERVE",111869,2,2,47.97,50,0.0304219823356232,1.93915603532875,NA
"LODI25_6_ERKNG1","LODI STRATEGIC RESERVE",917872,3,2,47.97,47.1,0.0371279031730455,1.92574419365391,NA
"MCFLND_5_MFSSR1","McFarland Solar A PV",135142,1,2,200,200,0.0273976608187134,1.94520467836257,1
"MIRLOM_2_MLBBTB","Mira Loma BESS B",491560,1,15,10,9,0.0163333333333333,14.755,0.0764147746526601
"MIRLOM_2_MLBBTB","Mira Loma BESS B",376549,2,14,10,10,0.0266071428571429,13.6275,NA
"MIRLOM_2_MLBBTB","Mira Loma BESS B",279660,3,14,10,9.5,0.0297321428571429,13.58375,NA
"MIRLOM_2_MLBBTB","Mira Loma BESS B",442155,4,13,10,10.5,0,13,NA
"MIRLOM_2_MLBBTB","Mira Loma BESS B",170224,5,13,10,9.1,0.0173076923076923,12.775,NA
"MONTPH_7_UNITS","MONTICELLO HYDRO AGGREGATE",184635,1,2,12.5,11.5,0.0294117647058824,1.94117647058824,1
"MOORPK_2_CALABS","Calabasas Gas-to-Energy Facility",211201,1,3,6.96,6.5,0.0222222222222222,2.93333333333333,1
"MRGT_6_TGEBT1","Top Gun Energy Storage",285521,1,6,30,28,0.0151515151515152,5.90909090909091,0.00626780626780632
"MRGT_6_TGEBT1","Top Gun Energy Storage",817770,2,6,30,28,0.021324354657688,5.87205387205387,NA
"MRGT_6_TGEBT1","Top Gun Energy Storage",198465,3,5,30,28,0.0366363636363636,4.81681818181818,NA
"MRGT_6_TGEBT1","Top Gun Energy Storage",723250,4,5,30,28.56,0.0385454545454545,4.80727272727273,NA
"MRGT_6_TGEBT1","Top Gun Energy Storage",620521,5,3,30,30,0.0414135614844835,2.87575931554655,NA
"MSOLAR_2_SOLAR1","Mesquite Solar 1",961257,1,2,165,165,0.0129449838187702,1.97411003236246,1
"MSTANG_2_SOLAR","Mustang",984603,1,2,30,29,0.016851473592063,1.96629705281587,1
"MSTANG_2_SOLAR3","Mustang 3",974145,1,2,40,42,0.023,1.954,1
"MSTANG_2_SOLAR4","Mustang 4",654478,1,2,30,30,0.00470588235294118,1.99058823529412,1
"MTWIND_1_MVPWD1","Mountain View Power Project I Repower",131675,1,14,66.6,60,0.0250497938201265,13.6493028865182,0.00784971581361926
"MTWIND_1_MVPWD1","Mountain View Power Project I Repower",133308,2,14,66.6,63,0.032702875871068,13.542159737805,NA
"MTWIND_1_MVPWD1","Mountain View Power Project I Repower",237420,3,9,66.6,62.5,0.0313849969160776,8.7175350277553,NA
"MTWIND_1_MVPWD1","Mountain View Power Project I Repower",705142,4,6,66.6,62.5,0.0332627347508145,5.80042359149511,NA
"MTWIND_1_MVPWD1","Mountain View Power Project I Repower",264638,5,5,66.6,60,0.0296920161332121,4.85153991933394,NA
"MTWIND_1_UNIT 3","Mountain View Power Project III",165858,1,4,22.44,20.54,0.0149274553571429,3.94029017857143,0.495792174798967
"MTWIND_1_UNIT 3","Mountain View Power Project III",160554,2,2,22.44,22,0.00663742920075515,1.98672514159849,NA
"MTWIND_1_UNIT 3","Mountain View Power Project III",201934,3,2,22.44,20.63,0.029777635155542,1.94044472968892,NA
"NGILAA_5_SDGDYN","NGILAA_5_SDGDYN",174744,1,4,57,55,0,4,0.00727272727272721
"NGILAA_5_SDGDYN","NGILAA_5_SDGDYN",127463,2,4,57,54.6,0.00727272727272725,3.97090909090909,NA
"NGILAA_5_SDGDYN","NGILAA_5_SDGDYN",131675,3,4,57,60,0.00909090909090909,3.96363636363636,NA
"NGILAA_5_SDGDYN","NGILAA_5_SDGDYN",360257,4,4,57,55,0.0181818181818182,3.92727272727273,NA
"NGILAA_5_SDGDYN","NGILAA_5_SDGDYN",364184,5,4,57,54,0.0181818181818182,3.92727272727273,NA
"OBERON_5_O2SSR5","Oberon 2B Solar",118485,1,19,125,116.92,0.0252284936657535,18.5206586203507,0.109320997598986
"OBERON_5_O2SSR5","Oberon 2B Solar",828735,2,17,125,126.81,0.0296493091891947,16.4959617437837,NA
"OBERON_5_O2SSR5","Oberon 2B Solar",469253,3,12,125,115,0.0202276110862318,11.7572686669652,NA
"OBERON_5_O2SSR5","Oberon 2B Solar",970587,4,12,125,123.22,0.0222120735588378,11.7334551172939,NA
"OBERON_5_O2SSR5","Oberon 2B Solar",195275,5,11,125,127.6,0.0191533337807767,10.7893133284115,NA
"OCOTLO_6_OCWSB1","Ocotillo Wells Solar and BESS",729047,1,129,50,50,0.0303030303030303,125.090909090909,0.736434108527132
"OCOTLO_6_OCWSB1","Ocotillo Wells Solar and BESS",480008,2,34,50,48,0.0303030303030303,32.969696969697,NA
"OCOTLO_6_OCWSB1","Ocotillo Wells Solar and BESS",710387,3,25,50,46.66,0.0248775757575758,24.3780606060606,NA
"OCOTLO_6_OCWSB1","Ocotillo Wells Solar and BESS",148758,4,25,50,50,0.0273866666666667,24.3153333333333,NA
"OCOTLO_6_OCWSB1","Ocotillo Wells Solar and BESS",841533,5,23,50,49.72,0.0273886693017128,22.3700606060606,NA
"OCTILO_5_WIND","Ocotillo Wind Energy Facility",124064,1,5,265,266,0.011476652699065,4.94261673650468,0.00245610581605149
"OCTILO_5_WIND","Ocotillo Wind Energy Facility",159421,2,5,265,266,0.0139045706416735,4.93047714679163,NA
"OCTILO_5_WIND","Ocotillo Wind Energy Facility",452231,3,5,265,266,0.01768150329822,4.9115924835089,NA
"OCTILO_5_WIND","Ocotillo Wind Energy Facility",418764,4,5,265,266,0.0236261285094525,4.88186935745274,NA
"OCTILO_5_WIND","Ocotillo Wind Energy Facility",106167,5,5,265,250,0.045284529713089,4.77357735143456,NA
"OGROVE_6_PL1X2","Orange Grove Energy Center",139204,1,2,96,100,0.0117021276595745,1.97659574468085,0.0252960172228203
"OGROVE_6_PL1X2","Orange Grove Energy Center",113665,2,2,96,100,0.0367021276595745,1.92659574468085,NA
"OGROVE_6_PL1X2","Orange Grove Energy Center",210154,3,2,96,99.26,0.0475106382978723,1.90497872340426,NA
"OMAR_2_UNIT 4","KERN RIVER COGENERATION CO. UNIT 4",962064,1,3,75,75,0,3,0.00456621004566193
"OMAR_2_UNIT 4","KERN RIVER COGENERATION CO. UNIT 4",113373,2,3,75,72,0.0045662100456621,2.98630136986301,NA
"OMAR_2_UNIT 4","KERN RIVER COGENERATION CO. UNIT 4",113402,3,3,75,72,0.0045662100456621,2.98630136986301,NA
"OMAR_2_UNIT 4","KERN RIVER COGENERATION CO. UNIT 4",182568,4,3,75,73,0.00925925925925926,2.97222222222222,NA
"OMAR_2_UNIT 4","KERN RIVER COGENERATION CO. UNIT 4",129089,5,3,75,74,0.0138254693049214,2.95852359208524,NA
"OTMESA_2_PL1X3","OTAY MESA ENERGY CENTER",304325,1,6,603.68,585,0.00486347743983249,5.970819135361,0.000580939593054497
"OTMESA_2_PL1X3","OTAY MESA ENERGY CENTER",172074,2,6,603.68,586,0.00544159164628235,5.96735045012231,NA
"OTMESA_2_PL1X3","OTAY MESA ENERGY CENTER",445404,3,6,603.68,580,0.00597521026798349,5.9641487383921,NA
"OTMESA_2_PL1X3","OTAY MESA ENERGY CENTER",588184,4,6,603.68,588.21,0.0080953820142577,5.95142770791445,NA
"OTMESA_2_PL1X3","OTAY MESA ENERGY CENTER",114630,5,6,603.68,597.05,0.023245690878449,5.86052585472931,NA
"OXMTN_6_LNDFIL","Ox Mountain Landfill Generating Plant",153153,1,2,10.62,10,0.025233918128655,1.94953216374269,1
"PACLUM_6_UNIT","Humboldt Redwood",198465,1,9,28.8,28,0.0404040404040404,8.63636363636364,0.092421052631579
"PACLUM_6_UNIT","Humboldt Redwood",620521,2,8,28.8,30,0.0202272727272727,7.83818181818182,NA
"PACLUM_6_UNIT","Humboldt Redwood",455287,3,5,28.8,28,0.00727272727272725,4.96363636363636,NA
"PACLUM_6_UNIT","Humboldt Redwood",805057,4,4,28.8,28.91,0.015,3.94,NA
"PACLUM_6_UNIT","Humboldt Redwood",975528,5,4,28.8,26,0.0306098964326812,3.87756041426928,NA
"PALA_6_PGCBT1","Pala Gomez Creek BESS",385155,1,8,10,9.5,0.0138062169312169,7.88955026455027,0.253499874256015
"PALA_6_PGCBT1","Pala Gomez Creek BESS",143302,2,6,10,9.5,0.0184082892416225,5.88955026455027,NA
"PALA_6_PGCBT1","Pala Gomez Creek BESS",193527,3,6,10,9.5,0.0184082892416225,5.88955026455027,NA
"PALA_6_PGCBT1","Pala Gomez Creek BESS",566935,4,6,10,10,0.0223565722585331,5.8658605664488,NA
"PALA_6_PGCBT1","Pala Gomez Creek BESS",834639,5,5,10,9.45,0.0166666666666668,4.91666666666667,NA
"PALOMR_2_PL1X3","Palomar Energy Center",844371,1,8,588.21,551.7,0.0311560963102051,7.75075122951836,0.00636621877061516
"PALOMR_2_PL1X3","Palomar Energy Center",140969,2,8,588.21,555,0.0373239685556711,7.70140825155463,NA
"PALOMR_2_PL1X3","Palomar Energy Center",435045,3,8,588.21,555,0.0373239685556711,7.70140825155463,NA
"PALOMR_2_PL1X3","Palomar Energy Center",129733,4,3,588.21,550,0.0206436763335683,2.9380689709993,NA
"PARDEB_6_UNITS","Pardee Power House",183275,1,5,30,30,0.0189113300492611,4.90544334975369,0.592289655103158
"PARDEB_6_UNITS","Pardee Power House",171240,2,2,30,27,0,2,NA
"PARDEB_6_UNITS","Pardee Power House",784129,3,2,30,32.5,0,2,NA
"PARDEB_6_UNITS","Pardee Power House",620521,4,2,30,30,0.00575000000000001,1.9885,NA
"PARDSE_6_PESBT1","Paradise Energy Storage",347450,1,5,10,9.45,0.039440353460972,4.80279823269514,0.194858742802688
"PARDSE_6_PESBT1","Paradise Energy Storage",916013,2,4,10,10,0.0332672482157018,3.86693100713719,NA
"PARDSE_6_PESBT1","Paradise Energy Storage",492010,3,3,10,10,0.0185714285714286,2.94428571428571,NA
"PARDSE_6_PESBT1","Paradise Energy Storage",284463,4,3,10,10,0.0244566544566544,2.92663003663004,NA
"PARDSE_6_PESBT1","Paradise Energy Storage",279660,5,3,10,9.5,0.0261904761904762,2.92142857142857,NA
"PINFLT_7_UNITS","PINE FLAT HYDRO AGGREGATE",122732,1,2,198.51,210,0.0213333333333333,1.95733333333333,0.0160460187708144
"PINFLT_7_UNITS","PINE FLAT HYDRO AGGREGATE",358008,2,2,198.51,189,0.037037037037037,1.92592592592593,NA
"PIT1_7_UNIT 1","PIT PH 1 UNIT 1",687240,1,7,32,32,0.00781990521327015,6.94526066350711,0.00617395274326593
"PIT1_7_UNIT 1","PIT PH 1 UNIT 1",823532,2,7,32,32,0.0139455782312925,6.90238095238095,NA
"PIT1_7_UNIT 1","PIT PH 1 UNIT 1",654478,3,5,32,30,0.0284170616113744,4.85791469194313,NA
"PIT1_7_UNIT 1","PIT PH 1 UNIT 1",805057,4,3,32,28.91,0.0139293112236598,2.95821206632902,NA
"PIT1_7_UNIT 1","PIT PH 1 UNIT 1",984603,5,3,32,29,0.0174168651214701,2.94774940463559,NA
"PIT1_7_UNIT 2","PIT PH 1 UNIT 2",687240,1,5,32,32,0.01,4.95,0
"PIT1_7_UNIT 2","PIT PH 1 UNIT 2",823532,2,5,32,32,0.01,4.95,NA
"PIT1_7_UNIT 2","PIT PH 1 UNIT 2",654478,3,5,32,30,0.0274045302830536,4.86297734858473,NA
"PIT1_7_UNIT 2","PIT PH 1 UNIT 2",805057,4,4,32,28.91,0.0168755548463163,3.93249778061473,NA
"PIT1_7_UNIT 2","PIT PH 1 UNIT 2",984603,5,3,32,29,0.0316670428044836,2.90499887158655,NA
"PIT3_7_PL1X3","PIT PH 3 UNITS 1, 2 & 3 AGGREGATE",428176,1,16,70.6,70,0.0196492240188822,15.6856124156979,0.195992857411574
"PIT3_7_PL1X3","PIT PH 3 UNITS 1, 2 & 3 AGGREGATE",751688,2,13,70.6,66,0.029896583223478,12.6113444180948,NA
"PIT3_7_PL1X3","PIT PH 3 UNITS 1, 2 & 3 AGGREGATE",234172,3,10,70.6,74,0.0265724625931065,9.73427537406893,NA
"PIT3_7_PL1X3","PIT PH 3 UNITS 1, 2 & 3 AGGREGATE",204333,4,9,70.6,72,0.0177667685431661,8.8400990831115,NA
"PIT3_7_PL1X3","PIT PH 3 UNITS 1, 2 & 3 AGGREGATE",529747,5,8,70.6,75,0.0267425672745213,7.78605946180383,NA
"PIT4_7_PL1X2","PIT PH 4 UNITS 1 & 2 AGGREGATE",131041,1,4,95,93,0.0204720744680851,3.91811170212766,0.250148994372832
"PIT4_7_PL1X2","PIT PH 4 UNITS 1 & 2 AGGREGATE",173313,2,3,95,100,0.0206666666666667,2.938,NA
"PIT4_7_PL1X2","PIT PH 4 UNITS 1 & 2 AGGREGATE",199925,3,3,95,100,0.0231666666666667,2.9305,NA
"PIT4_7_PL1X2","PIT PH 4 UNITS 1 & 2 AGGREGATE",189054,4,2,95,95.62,0.0244736842105264,1.95105263157895,NA
"PIT4_7_PL1X2","PIT PH 4 UNITS 1 & 2 AGGREGATE",849325,5,2,95,102.56,0.0350759109311741,1.92984817813765,NA
"PIT5_7_PL1X2","PIT PH 5 UNITS 1 & 2 AGGREGATE",130239,1,7,82,82,0.00873230954531768,6.93887383318278,0.441200529421975
"PIT5_7_PL1X2","PIT PH 5 UNITS 1 & 2 AGGREGATE",234172,2,4,82,74,0.030640243902439,3.87743902439024,NA
"PIT5_7_PL1X2","PIT PH 5 UNITS 1 & 2 AGGREGATE",131086,3,2,82,80,0.00817073170731709,1.98365853658537,NA
"PIT5_7_PL1X2","PIT PH 5 UNITS 1 & 2 AGGREGATE",142584,4,2,82,82,0.0121951219512195,1.97560975609756,NA
"PIT5_7_PL1X2","PIT PH 5 UNITS 1 & 2 AGGREGATE",798391,5,2,82,75,0.024390243902439,1.95121951219512,NA
"PIT5_7_PL3X4","PIT PH 5 UNITS 3 & 4 AGGREGATE",142584,1,10,82,82,0.01225534477567,9.8774465522433,0.108189567692173
"PIT5_7_PL3X4","PIT PH 5 UNITS 3 & 4 AGGREGATE",234172,2,9,82,74,0.0212433466829383,8.80880987985356,NA
"PIT5_7_PL3X4","PIT PH 5 UNITS 3 & 4 AGGREGATE",321061,3,7,82,74.66,0.0275628383265598,6.80706013171408,NA
"PIT5_7_PL3X4","PIT PH 5 UNITS 3 & 4 AGGREGATE",131086,4,6,82,80,0.0146485129227614,5.91210892246343,NA
"PIT5_7_PL3X4","PIT PH 5 UNITS 3 & 4 AGGREGATE",671897,5,5,82,78,0.0239838042936455,4.88008097853177,NA
"PIT6_7_UNIT 2","PIT PH 6 UNIT 2",988619,1,2,40,36.56,0.0109401468097116,1.97811970638058,1
"PIT7_7_UNIT 2","PIT PH 7 UNIT 2",806870,1,2,54.6,55,0.0287600188590298,1.94247996228194,1
"PNCHEG_2_PL1X4","PANOCHE ENERGY CENTER (Aggregated)",879947,1,2,417,404,0,2,0.00742574257425743
"PNCHEG_2_PL1X4","PANOCHE ENERGY CENTER (Aggregated)",160605,2,2,417,407,0.00742574257425743,1.98514851485149,NA
"PNCHEG_2_PL1X4","PANOCHE ENERGY CENTER (Aggregated)",944410,3,2,417,407,0.00742574257425743,1.98514851485149,NA
"PNCHEG_2_PL1X4","PANOCHE ENERGY CENTER (Aggregated)",123833,4,2,417,417,0.0321782178217822,1.93564356435644,NA
"PNCHEG_2_PL1X4","PANOCHE ENERGY CENTER (Aggregated)",129058,5,2,417,422,0.0445544554455446,1.91089108910891,NA
"POEPH_7_UNIT 1","POE HYDRO UNIT 1",104756,1,4,68,63,0.0260504788947903,3.89579808442084,0
"POEPH_7_UNIT 1","POE HYDRO UNIT 1",118774,2,4,68,63,0.0260504788947903,3.89579808442084,NA
"POEPH_7_UNIT 1","POE HYDRO UNIT 1",127688,3,4,68,63,0.0260504788947903,3.89579808442084,NA
"POEPH_7_UNIT 1","POE HYDRO UNIT 1",206601,4,4,68,63,0.0260504788947903,3.89579808442084,NA
"POEPH_7_UNIT 1","POE HYDRO UNIT 1",690855,5,4,68,63,0.0260504788947903,3.89579808442084,NA
"POEPH_7_UNIT 2","POE HYDRO UNIT 2",650623,1,5,68.5,64.8,0.0366500174662052,4.81674991266897,0.00285561521302902
"POEPH_7_UNIT 2","POE HYDRO UNIT 2",956532,2,5,68.5,65.08,0.0394009743318,4.802995128341,NA
"POEPH_7_UNIT 2","POE HYDRO UNIT 2",104756,3,4,68.5,63,0.0105487237116712,3.95780510515331,NA
"POEPH_7_UNIT 2","POE HYDRO UNIT 2",118774,4,4,68.5,63,0.0105487237116712,3.95780510515331,NA
"POEPH_7_UNIT 2","POE HYDRO UNIT 2",127688,5,4,68.5,63,0.0105487237116712,3.95780510515331,NA
"POLRIS_2_ASRSR1","Antelope Solar 2 Raceway",828735,1,3,125,126.81,0.0217390956382553,2.93478271308523,0.329396367031848
"POLRIS_2_ASRSR1","Antelope Solar 2 Raceway",195275,2,2,125,127.6,0.0159620253164557,1.96807594936709,NA
"POLRIS_2_ASRSR1","Antelope Solar 2 Raceway",108072,3,2,125,120,0.0217183673469387,1.95656326530612,NA
"PVERDE_5_SCEDYN","PVERDE_5_SCEDYN",101489,1,18,635,635,0.0154666947178763,17.7215994950782,0.0590744378912258
"PVERDE_5_SCEDYN","PVERDE_5_SCEDYN",123314,2,17,635,603.68,0.0191349431545263,16.6747059663731,NA
"PVERDE_5_SCEDYN","PVERDE_5_SCEDYN",552587,3,16,635,615.18,0.0158571473326321,15.7462856426779,NA
"PVERDE_5_SCEDYN","PVERDE_5_SCEDYN",114630,4,16,635,597.05,0.0230492992836872,15.631211211461,NA
"PVERDE_5_SCEDYN","PVERDE_5_SCEDYN",588184,5,14,635,588.21,0.0272886441389065,13.6179589820553,NA
"RCKCRK_7_UNIT 1","ROCK CREEK HYDRO UNIT 1",123566,1,3,57,51.91,0.00854866912764713,2.97435399261706,0.00627082108563581
"RCKCRK_7_UNIT 1","ROCK CREEK HYDRO UNIT 1",774713,2,3,57,52.23,0.0147658830386633,2.95570235088401,NA
"RCKCRK_7_UNIT 1","ROCK CREEK HYDRO UNIT 1",594888,3,3,57,52.3,0.016125898581698,2.95162230425491,NA
"RCKCRK_7_UNIT 1","ROCK CREEK HYDRO UNIT 1",469196,4,3,57,55,0.016903050320575,2.94929084903827,NA
"RCKCRK_7_UNIT 1","ROCK CREEK HYDRO UNIT 1",261590,5,3,57,52.4,0.0180687779288906,2.94579366621333,NA
"ROMOLA_5_MPBBT1","Menifee Power Bank",122732,1,2,230,210,0.0358981288037061,1.92820374239259,0.00214037435705738
"ROMOLA_5_MPBBT1","Menifee Power Bank",263628,2,2,230,208.96,0.0379616677264057,1.92407666454719,NA
"ROMOLA_5_MPBBT1","Menifee Power Bank",238485,3,2,230,210,0.0381506040512308,1.92369879189754,NA
"ROSMDW_2_WIND1","Pacific Wind - Phase 1",780584,1,3,140,130,0.0207224230435953,2.93783273086921,0.0024124916391387
"ROSMDW_2_WIND1","Pacific Wind - Phase 1",805736,2,3,140,152,0.0230849220103986,2.9307452339688,NA
"ROSMDW_2_WIND1","Pacific Wind - Phase 1",170587,3,3,140,133,0.0385996985150261,2.88420090445492,NA
"ROSMDW_2_WIND1","Pacific Wind - Phase 1",405491,4,3,140,133,0.039503886162695,2.88148834151192,NA
"ROSMDW_2_WIND1","Pacific Wind - Phase 1",196895,5,2,140,150,0.0155393053016454,1.96892138939671,NA
"RTEDDY_2_SOLAR1","Rosamond West Solar 1",114138,1,3,54,49,0.0192477876106194,2.94225663716814,0.0006767426122265
"RTEDDY_2_SOLAR1","Rosamond West Solar 1",628885,2,3,54,49,0.0199115044247787,2.94026548672566,NA
"RTEDDY_2_SOLAR1","Rosamond West Solar 1",106763,3,3,54,52.73,0.0398230088495575,2.88053097345133,NA
"RTEDDY_2_SOLAR1","Rosamond West Solar 1",893185,4,2,54,50,0.00984513274336284,1.98030973451327,NA
"RTEDDY_2_SOLAR1","Rosamond West Solar 1",997249,5,2,54,50.5,0.0348451327433627,1.93030973451327,NA
"RUSCTY_2_UNITS","Russell City Energy Center",140969,1,3,615.18,555,0.0192372080818839,2.94228837575435,0
"RUSCTY_2_UNITS","Russell City Energy Center",435045,2,3,615.18,555,0.0192372080818839,2.94228837575435,NA
"RUSCTY_2_UNITS","Russell City Energy Center",172074,3,3,615.18,586,0.0250956795134606,2.92471296145962,NA
"RUSSELL_2_SOLANO1","Solano Renewables 1",238485,1,12,229.98,210,0.0176675980471438,11.7879888234343,0.076832661323995
"RUSSELL_2_SOLANO1","Solano Renewables 1",263628,2,11,229.98,208.96,0.0107012481388809,10.8822862704723,NA
"RUSSELL_2_SOLANO1","Solano Renewables 1",492855,3,6,229.98,240,0.0278263191251399,5.83304208524916,NA
"RUSSELL_2_SOLANO1","Solano Renewables 1",122732,4,5,229.98,210,0.010565604364054,4.94717197817973,NA
"RUSSELL_2_SOLANO1","Solano Renewables 1",107681,5,5,229.98,223.6,0.0231646741854447,4.88417662907278,NA
"RVRVEW_1_UNITA1","Riverview Energy Center (GP Antioch)",376200,1,2,48.7,47.6,0,2,0.00210084033613445
"RVRVEW_1_UNITA1","Riverview Energy Center (GP Antioch)",426166,2,2,48.7,47.7,0.00210084033613448,1.99579831932773,NA
"RVRVEW_1_UNITA1","Riverview Energy Center (GP Antioch)",912055,3,2,48.7,47.5,0.00210084033613448,1.99579831932773,NA
"RVRVEW_1_UNITA1","Riverview Energy Center (GP Antioch)",702721,4,2,48.7,47.72,0.00252100840336129,1.99495798319328,NA
"RVRVEW_1_UNITA1","Riverview Energy Center (GP Antioch)",517145,5,2,48.7,47.75,0.00315126050420165,1.9936974789916,NA
"SALTSP_7_UNITS","SALT SPRINGS HYDRO AGGREGATE",729047,1,6,46,50,0,6,0.505147058823529
"SALTSP_7_UNITS","SALT SPRINGS HYDRO AGGREGATE",148758,2,3,46,50,0.0102941176470588,2.96911764705882,NA
"SALTSP_7_UNITS","SALT SPRINGS HYDRO AGGREGATE",628632,3,2,46,50.43,0.0205882352941176,1.95882352941176,NA
"SALTSP_7_UNITS","SALT SPRINGS HYDRO AGGREGATE",444308,4,2,46,49,0.0294117647058824,1.94117647058824,NA
"SALTSP_7_UNITS","SALT SPRINGS HYDRO AGGREGATE",973878,5,2,46,50,0.0297058823529412,1.94058823529412,NA
"SANBRN_2_EESSB2","Edsan 2 Edwards Sanborn E1B",111549,1,3,166,150,0.0326340326340326,2.9020979020979,1
"SANDLT_2_SUNITS","Mojave Solar",201021,1,3,275,276,0.0146666666666667,2.956,0.012227826300898
"SANDLT_2_SUNITS","Mojave Solar",289323,2,3,275,250,0.0267151515151515,2.91985454545455,NA
"SANDLT_2_SUNITS","Mojave Solar",319098,3,2,275,250,0.0158181818181819,1.96836363636364,NA
"SANDLT_2_SUNITS","Mojave Solar",360573,4,2,275,250,0.0198909090909091,1.96021818181818,NA
"SANDLT_2_SUNITS","Mojave Solar",106181,5,2,275,265,0.0251636363636364,1.94967272727273,NA
"SBERDO_2_PSP3","Mountainview Gen Sta. Unit 3",111727,1,6,555,510,0.0304008609093355,5.81759483454399,0
"SBERDO_2_PSP3","Mountainview Gen Sta. Unit 3",200912,2,6,555,510,0.0304008609093355,5.81759483454399,NA
"SBERDO_2_PSP3","Mountainview Gen Sta. Unit 3",844371,3,2,555,551.7,0.0210369799691834,1.95792604006163,NA
"SBERDO_2_PSP3","Mountainview Gen Sta. Unit 3",140969,4,2,555,555,0.0271443246019517,1.9457113507961,NA
"SBERDO_2_PSP3","Mountainview Gen Sta. Unit 3",435045,5,2,555,555,0.0271443246019517,1.9457113507961,NA
"SBERDO_2_PSP4","Mountainview Gen Sta. Unit 4",111727,1,5,555,510,0.0285714285714286,4.85714285714286,0
"SBERDO_2_PSP4","Mountainview Gen Sta. Unit 4",200912,2,5,555,510,0.0285714285714286,4.85714285714286,NA
"SISPRG_2_DS3BT1","Daggett Solar 3 a BESS",352614,1,2,61.5,61.5,0,2,0.0189666448659254
"SISPRG_2_DS3BT1","Daggett Solar 3 a BESS",140316,2,2,61.5,60,0.0189666448659254,1.96206671026815,NA
"SISPRG_2_DS3BT1","Daggett Solar 3 a BESS",236353,3,2,61.5,60,0.027141922825376,1.94571615434925,NA
"SISPRG_2_DS3BT1","Daggett Solar 3 a BESS",104756,4,2,61.5,63,0.0300850228907783,1.93982995421844,NA
"SISPRG_2_DS3BT1","Daggett Solar 3 a BESS",118774,5,2,61.5,63,0.0300850228907783,1.93982995421844,NA
"SISPRG_2_DS3BT2","Daggett Solar 3 b BESS",131816,1,12,60,58,0.0170857328583764,11.7949712056995,0.0108187380542946
"SISPRG_2_DS3BT2","Daggett Solar 3 b BESS",145917,2,12,60,57,0.0277196248444106,11.6673645018671,NA
"SISPRG_2_DS3BT2","Daggett Solar 3 b BESS",655017,3,10,60,60,0.0110230908198545,9.88976909180145,NA
"SISPRG_2_DS3BT2","Daggett Solar 3 b BESS",131675,4,10,60,60,0.0133604480661523,9.86639551933848,NA
"SISPRG_2_DS3BT2","Daggett Solar 3 b BESS",917893,5,10,60,60,0.0200109503299773,9.79989049670023,NA
"SLATE_2_SLASR2","SLATE_2",561157,1,5,93,100,0.0196078431372548,4.90196078431373,0.204093284018879
"SLATE_2_SLASR2","SLATE_2",851143,2,4,93,95,0.0246241225721556,3.90150350971138,NA
"SLATE_2_SLASR2","SLATE_2",210154,3,4,93,99.26,0.0252476326955295,3.89900946921788,NA
"SLATE_2_SLASR2","SLATE_2",181382,4,3,93,100,0.0172712170458649,2.94818634886241,NA
"SLATE_2_SLASR2","SLATE_2",581281,5,3,93,100,0.0208365234139882,2.93749042975804,NA
"SLATE_2_SLASR3","SLATE_3",435258,1,5,67.5,62.34,0.0361797752808988,4.81910112359551,0.196782466775472
"SLATE_2_SLASR3","SLATE_3",469821,2,4,67.5,69.13,0.0323033707865169,3.87078651685393,NA
"SLATE_2_SLASR3","SLATE_3",302804,3,3,67.5,61.5,0.0358302122347067,2.89250936329588,NA
"SLATE_2_SLASR3","SLATE_3",895511,4,2,67.5,74.12,0.0345995533001874,1.93080089339963,NA
"SLRMS3_2_SRMSR1","SILVER RIDGE MOUNT SIGNAL 3",201370,1,4,250,243.54,0.0231088082901555,3.90756476683938,0.0187758565821576
"SLRMS3_2_SRMSR1","SILVER RIDGE MOUNT SIGNAL 3",407814,2,4,250,235,0.0414507772020725,3.83419689119171,NA
"SLSTR2_2_SOLAR2","Solar Star 2",360573,1,2,276,250,0.0167892156862745,1.96642156862745,0.0147575719805559
"SLSTR2_2_SOLAR2","Solar Star 2",319098,2,2,276,250,0.0312990196078431,1.93740196078431,NA
"SNCLRA_2_UNIT1","New Indy Oxnard",620521,1,2,27.8,30,0.0263636363636364,1.94727272727273,1
"SPAULD_6_UNIT12","SPAULDING HYDRO PH 1 & 2 AGGREGATE",513723,1,4,11.4,11.5,0.038474025974026,3.8461038961039,0.249535708255951
"SPAULD_6_UNIT12","SPAULDING HYDRO PH 1 & 2 AGGREGATE",186392,2,3,11.4,10.5,0.0378787878787879,2.88636363636364,NA
"SPAULD_6_UNIT12","SPAULDING HYDRO PH 1 & 2 AGGREGATE",708548,3,3,11.4,12.43,0.0449783549783549,2.86506493506494,NA
"SPAULD_6_UNIT12","SPAULDING HYDRO PH 1 & 2 AGGREGATE",213734,4,2,11.4,10.8,0.0228571428571429,1.95428571428571,NA
"SPICER_1_UNITS","SPICER HYDRO UNITS 1-3 AGGREGATE",553779,1,3,6,6,0.0312499999999999,2.90625,0.311827956989247
"SPICER_1_UNITS","SPICER HYDRO UNITS 1-3 AGGREGATE",831190,2,2,6,6.32,0,2,NA
"SPICER_1_UNITS","SPICER HYDRO UNITS 1-3 AGGREGATE",110030,3,2,6,5.8,0.0227272727272727,1.95454545454545,NA
"SPICER_1_UNITS","SPICER HYDRO UNITS 1-3 AGGREGATE",672385,4,2,6,5.5,0.0319791666666667,1.93604166666667,NA
"SPICER_1_UNITS","SPICER HYDRO UNITS 1-3 AGGREGATE",213260,5,2,6,5.75,0.0454545454545455,1.90909090909091,NA
"STANTN_2_SBEBX2","Stanton Battery Energy Storage",798391,1,3,68.8,75,0.014336917562724,2.95698924731183,0.330666666666667
"STANTN_2_SBEBX2","Stanton Battery Energy Storage",900843,2,2,68.8,70,0.0103942652329749,1.97921146953405,NA
"STANTN_2_SBEBX2","Stanton Battery Energy Storage",248020,3,2,68.8,75,0.0492831541218639,1.90143369175627,NA
"SUNCAT_2_A1ABT1","Arlington Solar Unit 1A BESS",628632,1,12,47,50.43,0.0257504244895435,11.6909949061255,0.173980919372994
"SUNCAT_2_A1ABT1","Arlington Solar Unit 1A BESS",353349,2,10,47,47.98,0.0343015136027221,9.65698486397278,NA
"SUNCAT_2_A1ABT1","Arlington Solar Unit 1A BESS",890505,3,9,47,50,0.0249007819016561,8.7758929628851,NA
"SUNCAT_2_A1ABT1","Arlington Solar Unit 1A BESS",729047,4,8,47,50,0.0104615726160727,7.91630741907142,NA
"SUNCAT_2_A1ABT1","Arlington Solar Unit 1A BESS",444308,5,6,47,49,0.0184937853803489,5.88903728771791,NA
"SUNCAT_2_A1BBT1","Arlington Solar Unit 1B BESS",615344,1,26,63,64.66,0.0273483713410988,25.2889423451314,0.19650299371763
"SUNCAT_2_A1BBT1","Arlington Solar Unit 1B BESS",705142,2,21,63,62.5,0.0324005016018782,20.3195894663606,NA
"SUNCAT_2_A1BBT1","Arlington Solar Unit 1B BESS",133308,3,20,63,63,0.0187135614506128,19.6257287709877,NA
"SUNCAT_2_A1BBT1","Arlington Solar Unit 1B BESS",157358,4,20,63,60,0.0271695960690268,19.4566080786195,NA
"SUNCAT_2_A1BBT1","Arlington Solar Unit 1B BESS",264638,5,19,63,60,0.027266642847641,18.4819337858948,NA
"SUNSLR_1_SSVSR1","Sunshine Valley Solar 1",345990,1,15,100,96.61,0.000861800335364354,14.9870729949695,0.00434951069486078
"SUNSLR_1_SSVSR1","Sunshine Valley Solar 1",125988,2,15,100,100.1,0.00520756262044962,14.9218865606933,NA
"SUNSLR_1_SSVSR1","Sunshine Valley Solar 1",820471,3,15,100,100.1,0.00520756262044962,14.9218865606933,NA
"SUNSLR_1_SSVSR1","Sunshine Valley Solar 1",699344,4,15,100,100.1,0.00565568395791956,14.9151647406312,NA
"SUNSLR_1_SSVSR1","Sunshine Valley Solar 1",188521,5,15,100,100.1,0.00664155090035307,14.9003767364947,NA
"SYCAMR_2_UNIT 1","Sycamore Cogeneration Unit 1",182568,1,2,78,73,0.00675675675675676,1.98648648648649,9.31879601155927e-05
"SYCAMR_2_UNIT 1","Sycamore Cogeneration Unit 1",129089,2,2,78,74,0.00684931506849315,1.98630136986301,NA
"SYCAMR_2_UNIT 1","Sycamore Cogeneration Unit 1",141180,3,2,78,74,0.00684931506849315,1.98630136986301,NA
"SYCAMR_2_UNIT 1","Sycamore Cogeneration Unit 1",113373,4,2,78,72,0.0203628285820067,1.95927434283599,NA
"SYCAMR_2_UNIT 1","Sycamore Cogeneration Unit 1",113402,5,2,78,72,0.0203628285820067,1.95927434283599,NA
"TANHIL_6_SOLART","Berry Cogen 18",379813,1,2,17,18.65,0.0244444444444444,1.95111111111111,1
"TEHAPI_2_PW2WD2","Point Wind 2",124050,1,2,14.4,15,0.025,1.95,1
"TIFFNY_1_DILLON","TIFFNY_1_DILLON",939948,1,4,45,45,0.0299055732362041,3.88037770705518,0.232391600802878
"TIFFNY_1_DILLON","TIFFNY_1_DILLON",141208,2,3,45,47.49,0.00712982666905765,2.97861051999283,NA
"TIFFNY_1_DILLON","TIFFNY_1_DILLON",444308,3,3,45,49,0.0161349826795309,2.95159505196141,NA
"TIFFNY_1_DILLON","TIFFNY_1_DILLON",917872,4,3,45,47.1,0.0207318630315475,2.93780441090536,NA
"TIFFNY_1_DILLON","TIFFNY_1_DILLON",104155,5,3,45,47.26,0.0347518310441385,2.89574450686758,NA
"TIGRCK_7_UNITS","TIGER CREEK HYDRO AGGREGATE",195278,1,3,62,60,0.032258064516129,2.90322580645161,0.331555555555556
"TIGRCK_7_UNITS","TIGER CREEK HYDRO AGGREGATE",182859,2,2,62,57.14,0.0296774193548387,1.94064516129032,NA
"TOPAZ_2_SOLAR","Topaz Solar Farms",111727,1,9,550,510,0.0150876207040759,8.86421141366332,0
"TOPAZ_2_SOLAR","Topaz Solar Farms",200912,2,9,550,510,0.0150876207040759,8.86421141366332,NA
"TOWNSITE_2_MEADDYN","Townsite Solar BESS",127137,1,2,180,166,0.0289583333333333,1.94208333333333,1
"TRNQLT_2_RETBT1","RE Tranquillity BESS",116825,1,2,72,70,0,2,0.0125714285714287
"TRNQLT_2_RETBT1","RE Tranquillity BESS",233468,2,2,72,77.78,0.0125714285714286,1.97485714285714,NA
"TRNQLT_2_RETBT1","RE Tranquillity BESS",172299,3,2,72,66,0.0135,1.973,NA
"TRNQLT_2_RETBT1","RE Tranquillity BESS",895511,4,2,72,74.12,0.0418333333333334,1.91633333333333,NA
"TRNQLT_2_RETBT1","RE Tranquillity BESS",327142,5,2,72,68,0.05,1.9,NA
"TRNQLT_2_SOLAR","Tranquillity",358008,1,2,200,189,0.0205488898083022,1.9589022203834,1
"TRNSWD_1_QF","FPL Energy C Wind",134471,1,2,38.97,36,0.0251621748235878,1.94967565035282,1
"TULLCK_7_UNITS","Tullock Hydro",809558,1,4,25.9,25.08,0.0101010101010102,3.95959595959596,0.25
"TULLCK_7_UNITS","Tullock Hydro",199482,2,3,25.9,25,0.0101010101010102,2.96969696969697,NA
"TULLCK_7_UNITS","Tullock Hydro",198465,3,3,25.9,28,0.0184501234110196,2.94464962976694,NA
"TULLCK_7_UNITS","Tullock Hydro",190023,4,2,25.9,24,0.0133897110641296,1.97322057787174,NA
"TULLCK_7_UNITS","Tullock Hydro",148387,5,2,25.9,25.6,0.0342183807984082,1.93156323840318,NA
"USWNDR_2_SMUD","SOLANO WIND FARM",837024,1,5,102.18,100,0.0347636655487717,4.82618167225614,0.179523195799752
"USWNDR_2_SMUD","SOLANO WIND FARM",670863,2,4,102.18,100,0.0100574712643678,3.95977011494253,NA
"USWNDR_2_SMUD","SOLANO WIND FARM",131041,3,4,102.18,93,0.0210632183908046,3.91574712643678,NA
"USWNDR_2_SMUD","SOLANO WIND FARM",187185,4,3,102.18,94.55,0.0267049808429119,2.91988505747126,NA
"USWNDR_2_SMUD","SOLANO WIND FARM",851143,5,3,102.18,95,0.0268199233716475,2.91954022988506,NA
"USWNDR_2_SMUD2","Solano Wind Project Phase 3",264747,1,3,127.8,140,0.0103042568106089,2.96908722956817,0.00494683378623917
"USWNDR_2_SMUD2","Solano Wind Project Phase 3",145233,2,3,127.8,125,0.0152001171511154,2.95439964854665,NA
"USWNDR_2_SMUD2","Solano Wind Project Phase 3",143349,3,3,127.8,131,0.0318050234142187,2.90458492975734,NA
"USWNDR_2_SMUD2","Solano Wind Project Phase 3",458056,4,2,127.8,125,0.014536520899951,1.9709269582001,NA
"USWNDR_2_SMUD2","Solano Wind Project Phase 3",166745,5,2,127.8,125,0.0258157726692209,1.94836845466156,NA
"VALTNE_2_TBBBT1","Tropico Solar Big Beau",594888,1,18,58,52.3,0.0129895104895105,17.7661888111888,0.00131663626004452
"VALTNE_2_TBBBT1","Tropico Solar Big Beau",261590,2,18,58,52.4,0.0142890442890443,17.7427972027972,NA
"VALTNE_2_TBBBT1","Tropico Solar Big Beau",713184,3,18,58,52.43,0.0146789044289044,17.7357797202797,NA
"VALTNE_2_TBBBT1","Tropico Solar Big Beau",192354,4,18,58,52.5,0.0155885780885781,17.7194055944056,NA
"VALTNE_2_TBBBT1","Tropico Solar Big Beau",364184,5,18,58,54,0.0350815850815851,17.3685314685315,NA
"VALTNE_2_TRSBT1","Tropico Solar",650623,1,23,70,64.8,0.0125,22.7125,0.00316455696202544
"VALTNE_2_TRSBT1","Tropico Solar",104756,2,23,70,63,0.015625,22.640625,NA
"VALTNE_2_TRSBT1","Tropico Solar",118774,3,23,70,63,0.015625,22.640625,NA
"VALTNE_2_TRSBT1","Tropico Solar",127688,4,23,70,63,0.015625,22.640625,NA
"VALTNE_2_TRSBT1","Tropico Solar",206601,5,23,70,63,0.015625,22.640625,NA
"VSTAES_6_VESBT1","Vista Energy Storage",386425,1,7,40,37.7,0.00827171825668067,6.94209797220323,0.00719803571304301
"VSTAES_6_VESBT1","Vista Energy Storage",913449,2,7,40,37.2,0.015410213846304,6.89212850307587,NA
"VSTAES_6_VESBT1","Vista Energy Storage",133829,3,6,40,37.5,0.00652198678514468,5.96086807928913,NA
"VSTAES_6_VESBT1","Vista Energy Storage",211495,4,6,40,39,0.0354385964912281,5.78736842105263,NA
"VSTAES_6_VESBT1","Vista Energy Storage",617807,5,5,40,40,0.0134442105263158,4.93277894736842,NA
"WARNE_2_UNIT","WARNE HYDRO AGGREGATE",159511,1,9,76,76,0.0087010087010087,8.92169092169092,0.778776890182579
"WARNE_2_UNIT","WARNE HYDRO AGGREGATE",130239,2,2,76,82,0.0131578947368421,1.97368421052632,NA
"WARNE_2_UNIT","WARNE HYDRO AGGREGATE",321061,3,2,76,74.66,0.0223684210526315,1.95526315789474,NA
"WARNE_2_UNIT","WARNE HYDRO AGGREGATE",234172,4,2,76,74,0.0263157894736842,1.94736842105263,NA
"WARNE_2_UNIT","WARNE HYDRO AGGREGATE",428176,5,2,76,70,0.0263157894736842,1.94736842105263,NA
"WDFRDF_2_WFFBT1","West Ford Flat Energy Storage",190023,1,4,25,24,0.00434782608695658,3.98260869565217,0.00917030567685573
"WDFRDF_2_WFFBT1","West Ford Flat Energy Storage",131286,2,4,25,22.69,0.0134782608695652,3.94608695652174,NA
"WDFRDF_2_WFFBT1","West Ford Flat Energy Storage",222735,3,4,25,26,0.0217391304347826,3.91304347826087,NA
"WDFRDF_2_WFFBT1","West Ford Flat Energy Storage",749591,4,4,25,25,0.0217391304347826,3.91304347826087,NA
"WDFRDF_2_WFFBT1","West Ford Flat Energy Storage",114767,5,4,25,24.75,0.0391304347826086,3.84347826086957,NA
"WESCAN_2_BDSBT1","Bateria Del Sur",167201,1,7,131,140,0.0310697452762895,6.78251178306597,0.283872551571561
"WESCAN_2_BDSBT1","Bateria Del Sur",107633,2,5,131,144,0.0285714285714286,4.85714285714286,NA
"WESCAN_2_BDSBT1","Bateria Del Sur",105465,3,5,131,126.35,0.0314475580464372,4.84276220976781,NA
"WESCAN_2_BDSBT1","Bateria Del Sur",914978,4,4,131,139.97,0.0289089201877934,3.88436431924883,NA
"WESCAN_2_BDSBT1","Bateria Del Sur",641340,5,3,131,123,0.0341322124366159,2.89760336269015,NA
"WISHON_6_UNITS","Wishon/San Joaquin  #1-A AGGREGATE",164152,1,14,18.4,17,0.0199840127897683,13.7202238209432,0.0745358502291618
"WISHON_6_UNITS","Wishon/San Joaquin  #1-A AGGREGATE",993409,2,13,18.4,18,0.0232634405296277,12.6975752731148,NA
"WISHON_6_UNITS","Wishon/San Joaquin  #1-A AGGREGATE",181364,3,12,18.4,19.53,0.0277840394351186,11.6665915267786,NA
"WISHON_6_UNITS","Wishon/San Joaquin  #1-A AGGREGATE",811134,4,9,18.4,19,0.0169553876205577,8.84740151141498,NA
"WISHON_6_UNITS","Wishon/San Joaquin  #1-A AGGREGATE",941027,5,8,18.4,19.8,0.0170292135086257,7.86376629193099,NA
"WOLFSK_1_UNITA1","Wolfskill Energy Center",111621,1,3,48.68,47,0.00142146410803129,2.99573560767591,0
"WOLFSK_1_UNITA1","Wolfskill Energy Center",241464,2,3,48.68,47,0.00142146410803129,2.99573560767591,NA
"WOLFSK_1_UNITA1","Wolfskill Energy Center",258757,3,3,48.68,47,0.00142146410803129,2.99573560767591,NA
"WOLFSK_1_UNITA1","Wolfskill Energy Center",713009,4,3,48.68,47.16,0.0048305584539309,2.98550832463821,NA
"WOLFSK_1_UNITA1","Wolfskill Energy Center",528875,5,3,48.68,47.18,0.00525669524716843,2.98422991425849,NA
"YELPIN_2_YP2BT1","Yellow Pine 2 BESS",655017,1,4,65,60,0.0199058810916847,3.92037647563326,0.000301320848801856
"YELPIN_2_YP2BT1","Yellow Pine 2 BESS",694071,2,4,65,60,0.0202012038834999,3.919195184466,NA
"YELPIN_2_YP2BT1","Yellow Pine 2 BESS",151431,3,4,65,63.5,0.0204313704748047,3.91827451810078,NA
"YELPIN_2_YP2BT1","Yellow Pine 2 BESS",900843,4,4,65,70,0.0205901012860417,3.91763959485583,NA
"YELPIN_2_YP2BT1","Yellow Pine 2 BESS",131675,5,4,65,60,0.0249903664854853,3.90003853405806,NA
