"generator","generator_name","RESOURCEBID_SEQ","n_matches","pmax_mw","max_mw","mean_pct_err","score","confidence"
"COLVIL_7_PL1X2","COLLIERVILLE HYDRO UNIT 1 & 2 AGGREGATE",201370,4,246.86,243.54,0.0292437925029354,3.88302482998826,1
"MOORPK_2_CALABS","Calabasas Gas-to-Energy Facility",211201,3,6.96,6.5,0.0222222222222222,2.93333333333333,1
"ETIWND_2_FONTNA","FONTANALYTLE CREEK POWERHOUSE P",190607,3,2.56,2.5,0.029126213592233,2.9126213592233,1
"SANBRN_2_EESSB2","Edsan 2 Edwards Sanborn E1B",111549,3,166,150,0.0326340326340326,2.9020979020979,1
"COLUSA_2_PL1X3","Colusa Generating Station",101489,2,641,635,0,2,1
"EXCHEC_7_UNIT 1","EXCHEQUER HYDRO",140162,2,94.5,94.5,0,2,1
"DIABLO_7_UNIT 2","Diablo Canyon Unit 2",195335,2,1150,1150,0.00253036437246964,1.99493927125506,1
"MSTANG_2_SOLAR4","Mustang 4",654478,2,30,30,0.00470588235294118,1.99058823529412,1
"PIT6_7_UNIT 2","PIT PH 6 UNIT 2",988619,2,40,36.56,0.0109401468097116,1.97811970638058,1
"AKINGS_6_AMESR1","American Kings Solar",828735,2,123,126.81,0.0111034482758621,1.97779310344828,1
"MSOLAR_2_SOLAR1","Mesquite Solar 1",961257,2,165,165,0.0129449838187702,1.97411003236246,1
"GLNARM_7_UNIT 1","GLEN ARM UNIT 1",190023,2,22.13,24,0.0138888888888889,1.97222222222222,1
"MSTANG_2_SOLAR","Mustang",984603,2,30,29,0.016851473592063,1.96629705281587,1
"CLINESCO_3_PVDYN","CLINES CORNERS",914978,2,129.94,139.97,0.0183888066681664,1.96322238666367,1
"GARNET_2_WIND1","Phoenix",186392,2,11.2,10.5,0.0195395305016881,1.96092093899662,1
"TRNQLT_2_SOLAR","Tranquillity",358008,2,200,189,0.0205488898083022,1.9589022203834,1
"GEYS18_7_UNIT18","GEYSERS UNIT 18 (HEALDSBURG)",798391,2,72,75,0.0208333333333333,1.95833333333333,1
"EASTWD_7_UNIT","EASTWOOD PUMP-GEN",983166,2,200,200,0.0222222222222222,1.95555555555556,1
"MSTANG_2_SOLAR3","Mustang 3",974145,2,40,42,0.023,1.954,1
"TANHIL_6_SOLART","Berry Cogen 18",379813,2,17,18.65,0.0244444444444444,1.95111111111111,1
"TEHAPI_2_PW2WD2","Point Wind 2",124050,2,14.4,15,0.025,1.95,1
"TRNSWD_1_QF","FPL Energy C Wind",134471,2,38.97,36,0.0251621748235878,1.94967565035282,1
"OXMTN_6_LNDFIL","Ox Mountain Landfill Generating Plant",153153,2,10.62,10,0.025233918128655,1.94953216374269,1
"CNTNLA_2_SOLAR1","Centinela Solar Energy I",124574,2,125,128.39,0.025658817862405,1.94868236427519,1
"SNCLRA_2_UNIT1","New Indy Oxnard",620521,2,27.8,30,0.0263636363636364,1.94727272727273,1
"MCFLND_5_MFSSR1","McFarland Solar A PV",135142,2,200,200,0.0273976608187134,1.94520467836257,1
"ESCNDO_6_UNITB1","CalPeak Power Enterprise Unit 1",917872,2,48.04,47.1,0.0274,1.9452,1
"PIT7_7_UNIT 2","PIT PH 7 UNIT 2",806870,2,54.6,55,0.0287600188590298,1.94247996228194,1
"TOWNSITE_2_MEADDYN","Townsite Solar BESS",127137,2,180,166,0.0289583333333333,1.94208333333333,1
"MONTPH_7_UNITS","MONTICELLO HYDRO AGGREGATE",184635,2,12.5,11.5,0.0294117647058824,1.94117647058824,1
"DSRTSN_2_DS2X2","Desert Sunlight PV II Storage",263628,2,230,208.96,0.0325925925925926,1.93481481481481,1
"GYS7X8_7_UNITS","GEYSERS UNITS 7 & 8 AGGREGATE",670863,2,95.8,100,0.0379106341313149,1.92417873173737,1
"INTMNT_3_ANAHEIM","Intermountain Power Project",107681,2,234,223.6,0.0405469178708615,1.91890616425828,1
"COVERD_2_MCKHY1","Montgomery Creek Hydro",133011,2,2.8,3,0.0476190476190479,1.9047619047619,1
"CARBOU_7_UNIT 1","CARIBOU PH 1 UNIT 1",160554,2,24,22,0.05,1.9,1
"BUCKCK_7_PL1X2","BUCKS CREEK AGGREGATE",497303,77,57.25,57.25,0.00016922471467926,76.9869696969697,0.822929861653285
"WARNE_2_UNIT","WARNE HYDRO AGGREGATE",159511,9,76,76,0.0087010087010087,8.92169092169092,0.778776890182579
"OCOTLO_6_OCWSB1","Ocotillo Wells Solar and BESS",729047,129,50,50,0.0303030303030303,125.090909090909,0.736434108527132
"KRAMER_1_R1PX3","Resurgence 1 PV",105576,6,90,91,0,6,0.670506944444444
"INTMNT_3_RIVERSIDE","IPPDYN",195432,5,136,136,0,5,0.603744873337461
"PARDEB_6_UNITS","Pardee Power House",183275,5,30,30,0.0189113300492611,4.90544334975369,0.592289655103158
"BIGCRK_2_EXESWD","BIG CREEK HYDRO PROJECT PSP",166600,434,820,799.47,0.023337688426183,423.871443223037,0.581670922049279
"GARLND_2_GASLR","Garland B",106183,7,180,179,0.0204785600981143,6.8566500793132,0.576962535938809
"HAASPH_7_PL1X2","HAAS PH UNIT 1 & 2 AGGREGATE",107633,15,144,144,0,15,0.544154320987654
"CARBOU_7_PL4X5","CARIBOU PH 2 UNIT 4 & 5 AGGREGATE",108072,14,120,120,0.00946658463329761,13.8674678151338,0.503976579382283
"ARLVAL_5_SOLAR","Arlington Valley Solar Energy II",105465,4,127,126.35,0.0275,3.89,0.499023136246787
"MTWIND_1_UNIT 3","Mountain View Power Project III",165858,4,22.44,20.54,0.0149274553571429,3.94029017857143,0.495792174798967
"LECEF_1_UNITS","LOS ESTEROS ENERGY FACILITY AGGREGATE",475261,4,309.84,280.39,0.0266256313131314,3.89349747474747,0.491636926011886
"BISHOP_1_ALAMO","BISHOP CREEK PLANT 2  AND  6",742900,17,13.4,12.5,0.00736595942094848,16.8747786898439,0.484597601199136
"HYTTHM_2_UNITS","HYATT-THERMALITO PUMP-GEN (AGGREGATE)",952796,86,933.1,880,0.0194645151090228,84.326051700624,0.483379973173303
"ESCNDO_6_EB2BT2","Escondido BESS 2",193527,15,10,9.5,0.00727272727272729,14.8909090909091,0.462759462759463
"PIT5_7_PL1X2","PIT PH 5 UNITS 1 & 2 AGGREGATE",130239,7,82,82,0.00873230954531768,6.93887383318278,0.441200529421975
"KERNRG_1_UNITS","South Belridge Cogen Facility",628632,7,55.2,50.43,0.0438928571428571,6.69275,0.411788876022562
"ELLIOT_6_ELIBT1","Elliott Energy Storage",376549,5,10,10,0.0316849816849817,4.84157509157509,0.3972479667108
"JOANEC_2_ST3BT3","Santa Ana Storage 3",741263,5,40,36.8,0.015625,4.921875,0.39047619047619
"KERRGN_1_UNIT 1","KERN RIVER HYDRO UNITS 1-4 AGGREGATE",124287,5,25.6,26,0.0217866526537047,4.89106673673148,0.386636870548041
"DUANE_1_PL1X3","DONALD VON RAESFELD POWER PROJECT",514544,3,147.8,141,2.25569122463524e-16,3,0.354074074074074
"ADLIN_1_UNITS","GEYSERS AIDLIN AGGREGATE",316580,3,22,20,0.00814814814814817,2.97555555555556,0.35195872089076
"KEARNY_6_SESBT2","Kearny South Energy Storage",779880,6,10,10.92,0.0280555555555555,5.83166666666667,0.339057912650368
"CONTRL_1_LUNDY","LUNDY",163107,3,3,2.7,9.25185853854297e-17,3,0.333333333333333
"TIGRCK_7_UNITS","TIGER CREEK HYDRO AGGREGATE",195278,3,62,60,0.032258064516129,2.90322580645161,0.331555555555556
"GYS5X6_7_UNITS","GEYSERS UNITS 5 & 6 AGGREGATE",181382,6,98.43,100,0.0226821619826971,5.86390702810382,0.329798083380605
"CENTPD_2_BMSSX2","Blythe Mesa Solar",238485,3,223.6,210,0.0336700336700337,2.8989898989899,0.328596994000371
"ARCOGN_2_UNITS","WATSON COGENERATION",219791,3,305,290,0.0127371273712737,2.96178861788618,0.327971147100985
"CHEVMN_2_UNITS","CHEVRON U.S.A. UNITS 1 & 2 AGGREGATE",736344,3,124.87,114.8,0.0287037037037037,2.91388888888889,0.323469971401335
"ELCAJN_6_EB1BT1","Eastern BESS 1",372178,155,7.5,7,0,155,0.323447283898897
"SPICER_1_UNITS","SPICER HYDRO UNITS 1-3 AGGREGATE",553779,3,6,6,0.0312499999999999,2.90625,0.311827956989247
"AVSOLR_2_SOLAR","AV SOLAR RANCH 1",492855,13,241.5,240,0.0114042933810376,12.8517441860465,0.306970059508545
"CALFTS_2_CFSSR1","California Flats Solar South",576455,7,150,150,0.0233289646133682,6.83669724770642,0.294036104513719
"WESCAN_2_BDSBT1","Bateria Del Sur",167201,7,131,140,0.0310697452762895,6.78251178306597,0.283872551571561
"PALA_6_PGCBT1","Pala Gomez Creek BESS",385155,8,10,9.5,0.0138062169312169,7.88955026455027,0.253499874256015
"PIT4_7_PL1X2","PIT PH 4 UNITS 1 & 2 AGGREGATE",131041,4,95,93,0.0204720744680851,3.91811170212766,0.250148994372832
"TULLCK_7_UNITS","Tullock Hydro",809558,4,25.9,25.08,0.0101010101010102,3.95959595959596,0.25
"SPAULD_6_UNIT12","SPAULDING HYDRO PH 1 & 2 AGGREGATE",513723,4,11.4,11.5,0.038474025974026,3.8461038961039,0.249535708255951
"CRESTA_7_PL1X2","CRESTA PH UNIT 1 & 2 AGGREGATE",179949,8,70.4,70,0.0269886363636364,7.78409090909091,0.243224743673492
"TIFFNY_1_DILLON","TIFFNY_1_DILLON",939948,4,45,45,0.0299055732362041,3.88037770705518,0.232391600802878
"DSRTSL_2_SOLAR1","Desert Stateline",201021,4,296.19,276,0.032973574300324,3.8681057027987,0.231773472801086
"GARNET_2_WIND3","San Gorgonio East",858482,4,12.6,13.4,0.0329744279946165,3.86810228802153,0.231732776617954
"BERCYN_2_BCEBT1","Bear Canyon Energy Storage",153772,4,13,14,0.0437689393939394,3.82492424242424,0.215670740161223
"DREWS_6_PL1X4","Drews Generating Plant",186841,5,41.4,38.39,0.00193236714975848,4.99033816425121,0.213896855482474
"GARNET_2_COAWD2","Coachella 2",442155,5,10.8,10.5,0.0168400634808677,4.91579968259566,0.209111290467223
"SLATE_2_SLASR2","SLATE_2",561157,5,93,100,0.0196078431372548,4.90196078431373,0.204093284018879
"DIABLO_7_UNIT 1","Diablo Canyon Unit 1",126417,10,1150,1150,0.00679485116653259,9.93205148833468,0.203016443329362
"BLAST_1_WIND","Mountain View IV Wind",106763,5,49,52.73,0.0211451007860484,4.89427449606976,0.20103090222056
"INTKEP_2_UNITS","CCSF Hetch_Hetchy Hydro Aggregate",879947,10,405,404,0.0168903318903319,9.83109668109668,0.199492081874654
"ELECTR_7_PL1X3","ELECTRA PH UNIT 1 & 2 AGGREGATE",954013,14,93,85,0.0218904054830459,13.6935343232374,0.199147680020731
"SLATE_2_SLASR3","SLATE_3",435258,5,67.5,62.34,0.0361797752808988,4.81910112359551,0.196782466775472
"SUNCAT_2_A1BBT1","Arlington Solar Unit 1B BESS",615344,26,63,64.66,0.0273483713410988,25.2889423451314,0.19650299371763
"PIT3_7_PL1X3","PIT PH 3 UNITS 1, 2 & 3 AGGREGATE",428176,16,70.6,70,0.0196492240188822,15.6856124156979,0.195992857411574
"PARDSE_6_PESBT1","Paradise Energy Storage",347450,5,10,9.45,0.039440353460972,4.80279823269514,0.194858742802688
"USWNDR_2_SMUD","SOLANO WIND FARM",837024,5,102.18,100,0.0347636655487717,4.82618167225614,0.179523195799752
"CRSTWD_6_KUMYAY","Kumeyaay Wind Farm",997249,6,50,50.5,0.0161827956989247,5.90290322580645,0.172774180459846
"BLVRDE_6_BLVBT1","Boulevard Energy Storage",284463,8,10,10,0.0233404382973348,7.81327649362132,0.128368799944259
"OBERON_5_O2SSR5","Oberon 2B Solar",118485,19,125,116.92,0.0252284936657535,18.5206586203507,0.109320997598986
"PIT5_7_PL3X4","PIT PH 5 UNITS 3 & 4 AGGREGATE",142584,10,82,82,0.01225534477567,9.8774465522433,0.108189567692173
"PACLUM_6_UNIT","Humboldt Redwood",198465,9,28.8,28,0.0404040404040404,8.63636363636364,0.092421052631579
"ESCNDO_6_EB1BT1","Escondido BESS 1",882665,13,10,9.84,0.0214994560994561,12.7205070707071,0.0793945464025241
"MIRLOM_2_MLBBTB","Mira Loma BESS B",491560,15,10,9,0.0163333333333333,14.755,0.0764147746526601
"DVLCYN_1_UNITS","DEVIL CANYON HYDRO UNITS 1-4 AGGREGATE",319098,25,235,250,0.025597022556391,24.3600744360902,0.0760153911964163
"WISHON_6_UNITS","Wishon/San Joaquin  #1-A AGGREGATE",164152,14,18.4,17,0.0199840127897683,13.7202238209432,0.0745358502291618
"HUMBPP_1_UNITS3","Humboldt Bay Generating Station 3",133308,33,65.08,63,0.0400075948081334,31.6797493713316,0.0453140302000902
"JOANEC_2_STABT2","Santa Ana Storage 2",108602,19,20,18.14,0.0174026733500418,18.6693492063492,0.0404440178239692
"CONTRL_1_POOLE","POOLE HYDRO PLANT 1",814548,4,11.07,10,0.00844141656901106,3.96623433372396,0.0332268338608229
"OGROVE_6_PL1X2","Orange Grove Energy Center",139204,2,96,100,0.0117021276595745,1.97659574468085,0.0252960172228203
"DRACKR_2_DSUBT1","Dracker Solar Unit 1 BESS",140316,40,63,60,0.0206834302751372,39.1726627889945,0.0243949098423806
"SISPRG_2_DS3BT1","Daggett Solar 3 a BESS",352614,2,61.5,61.5,0,2,0.0189666448659254
"LODI25_6_ERKNG1","LODI STRATEGIC RESERVE",148758,2,47.97,50,0.0125940464507687,1.97481190709846,0.0180553254927944
"PINFLT_7_UNITS","PINE FLAT HYDRO AGGREGATE",122732,2,198.51,210,0.0213333333333333,1.95733333333333,0.0160460187708144
"GARNET_1_WIND","GARNET WIND ENERGY CENTER",155043,2,6.5,6.16,0.00649350649350644,1.98701298701299,0.0159753645047763
"DRUM_7_PL3X4","Drum PH 1 Units 3 & 4 Aggregate",171240,5,28.9,27,0.00155038759689935,4.9922480620155,0.0148805542283804
"SLSTR2_2_SOLAR2","Solar Star 2",360573,2,276,250,0.0167892156862745,1.96642156862745,0.0147575719805559
"TRNQLT_2_RETBT1","RE Tranquillity BESS",116825,2,72,70,0,2,0.0125714285714287
"IVWEST_2_SOLAR1","Imperial Valley West ( Q # 608)",117281,2,150,139,0.00714285714285714,1.98571428571429,0.0121517331589275
"GARNET_2_WIND4","Windustries",916013,3,9.8,10,0.0184062590553464,2.94478122283396,0.0118006264140045
"CONTRL_1_RUSHCK","RUSH CREEK",151598,2,11.94,12,0.0216666666666669,1.95666666666667,0.0110732538330495
"SISPRG_2_DS3BT2","Daggett Solar 3 b BESS",131816,12,60,58,0.0170857328583764,11.7949712056995,0.0108187380542946
"GLNARM_7_UNIT 4","GLEN ARM UNIT 4",174755,2,42.42,40,0.0100591715976332,1.97988165680473,0.0094142259414226
"BISHOP_1_UNITS","BISHOP CREEK PLANT 3  AND  4",301986,8,15.8,16.44,0.0186416834761419,7.85086653219086,0.00871506084454898
"MTWIND_1_MVPWD1","Mountain View Power Project I Repower",131675,14,66.6,60,0.0250497938201265,13.6493028865182,0.00784971581361926
"NGILAA_5_SDGDYN","NGILAA_5_SDGDYN",174744,4,57,55,0,4,0.00727272727272721
"VSTAES_6_VESBT1","Vista Energy Storage",386425,7,40,37.7,0.00827171825668067,6.94209797220323,0.00719803571304301
"CARBOU_7_PL2X3","CARIBOU PH 1 UNIT 2 & 3 AGGREGATE",890505,3,49,50,0.0203277777777778,2.93901666666667,0.00703750120505164
"PALOMR_2_PL1X3","Palomar Energy Center",844371,8,588.21,551.7,0.0311560963102051,7.75075122951836,0.00636621877061516
"RCKCRK_7_UNIT 1","ROCK CREEK HYDRO UNIT 1",123566,3,57,51.91,0.00854866912764713,2.97435399261706,0.00627082108563581
"MRGT_6_TGEBT1","Top Gun Energy Storage",285521,6,30,28,0.0151515151515152,5.90909090909091,0.00626780626780632
"PIT1_7_UNIT 1","PIT PH 1 UNIT 1",687240,7,32,32,0.00781990521327015,6.94526066350711,0.00617395274326593
"FMEADO_7_UNIT","FRENCH MEADOWS HYDRO",159739,2,16,15,0.0191666666666667,1.96166666666667,0.00594732370433304
"HIGHDS_2_H5SSR1","High 5 Solar",360176,2,100,100,0.0305833333333333,1.93883333333333,0.00557606669657285
"CRIMSN_2_CRMBT2","Crimson 2",589872,3,150,141.78,0.0236,2.9292,0.00535982520824807
"ALMASL_2_AL6BT6","Almasol 6 BES",163688,4,50,45,0.0227272727272727,3.90909090909091,0.00523255813953494
"USWNDR_2_SMUD2","Solano Wind Project Phase 3",264747,3,127.8,140,0.0103042568106089,2.96908722956817,0.00494683378623917
"HIDSRT_2_UNITS","HIGH DESERT POWER PROJECT AGGREGATE",203842,31,830,820,0.0150166528932111,30.5344837603105,0.00461858910757551
"OMAR_2_UNIT 4","KERN RIVER COGENERATION CO. UNIT 4",962064,3,75,75,0,3,0.00456621004566193
"ELKHRN_1_EESX3","Elkhorn Energy Storage",883062,11,182.5,174.29,0.0187897676741949,10.7933125555839,0.00452899429664733
"SUNSLR_1_SSVSR1","Sunshine Valley Solar 1",345990,15,100,96.61,0.000861800335364354,14.9870729949695,0.00434951069486078
"EDWARD_2_ESSSB2","Sanborn Solar 2",170587,2,132,133,0.0137271557271557,1.97254568854569,0.00382470306680882
"ARBWD_6_QF","Wind Resource II",107701,2,19.95,18,0.0229121870935203,1.95417562581296,0.00350921281564531
"GARLND_2_GARBT1","Garland B BESS",131086,3,88,80,0.0287859547859548,2.91364213564214,0.00317888085802265
"VALTNE_2_TRSBT1","Tropico Solar",650623,23,70,64.8,0.0125,22.7125,0.00316455696202544
"HOOVER_2_SCEPT","Hoover DAM - SCE Share",158253,2,287,275,0.00542170250614765,1.9891565949877,0.00250909090909102
"OCTILO_5_WIND","Ocotillo Wind Energy Facility",124064,5,265,266,0.011476652699065,4.94261673650468,0.00245610581605149
"GARNET_2_WIND5","Eastwind",127538,2,3,3,0.0238095238095237,1.95238095238095,0.00243902439024402
"ROSMDW_2_WIND1","Pacific Wind - Phase 1",780584,3,140,130,0.0207224230435953,2.93783273086921,0.0024124916391387
"RVRVEW_1_UNITA1","Riverview Energy Center (GP Antioch)",376200,2,48.7,47.6,0,2,0.00210084033613445
"DRUM_7_PL1X2","Drum PH 1 Units 1 & 2 Aggregate",591854,2,26,26.65,0.0107692307692308,1.97846153846154,0.00155520995334368
"VALTNE_2_TBBBT1","Tropico Solar Big Beau",594888,18,58,52.3,0.0129895104895105,17.7661888111888,0.00131663626004452
"KELSO_2_UNITS","Mariposa Energy",856960,2,198.03,180,0.0133575317604356,1.97328493647913,0.000852640371872382
"IVANPA_1_UNIT1","Ivanpah 1",166139,3,126,120,0.0200708382526564,2.93978748524203,0.000702811244979729
"RTEDDY_2_SOLAR1","Rosamond West Solar 1",114138,3,54,49,0.0192477876106194,2.94225663716814,0.0006767426122265
"OTMESA_2_PL1X3","OTAY MESA ENERGY CENTER",304325,6,603.68,585,0.00486347743983249,5.970819135361,0.000580939593054497
"CALFTN_2_SOLAR","California Flats North",195275,4,130,127.6,0.0213315217391305,3.91467391304348,0.000416493127863404
"YELPIN_2_YP2BT1","Yellow Pine 2 BESS",655017,4,65,60,0.0199058810916847,3.92037647563326,0.000301320848801856
"SYCAMR_2_UNIT 1","Sycamore Cogeneration Unit 1",182568,2,78,73,0.00675675675675676,1.98648648648649,9.31879601155927e-05
"LCKHT1_2_LH1SR1","Lockhart Solar 1 PV",104756,71,85,63,0.0246098717022598,69.2526991091396,0
"TOPAZ_2_SOLAR","Topaz Solar Farms",111727,9,550,510,0.0150876207040759,8.86421141366332,0
"GATWAY_2_PL1X3","GATEWAY GENERATING STATION",140969,7,585,555,0.0397672553784949,6.72162921235054,0
"CLRMNT_6_CLEBT1","Clairemont Energy Storage",143302,6,9,9.5,0.0444444444444445,5.73333333333333,0
"CARLS1_2_CARCT1","Carlsbad 1",160605,4,422,407,0.001230012300123,3.99507995079951,0
"DEADCK_1_UNIT","DEADCK_1_UNIT",148199,4,1.96,1.89,0.0273972602739726,3.89041095890411,0
"ALHMBR_1_ALHSLR","SG Alhambra",158082,3,50,49,0,3,0
"HIGGNS_1_COMBIE","Combie South",713354,3,1.5,1.62,0,3,0
"WOLFSK_1_UNITA1","Wolfskill Energy Center",111621,3,48.68,47,0.00142146410803129,2.99573560767591,0
"ETIWND_6_GRPLND","Grapeland Peaker",156192,3,45.64,45.3,0.00413275920988808,2.98760172237034,0
"DELAMO_2_ALASB2","Los Alamitos 2",643213,2,10,9.5,0,2,0
"LMBEPK_2_UNITA3","Goose Haven Energy Center, Unit #1",116743,2,47.75,47.3,0.00210970464135024,1.9957805907173,0
