"generator","total_outage_events","generator_name","RESOURCEBID_SEQ","n_matches","pmax_mw","max_mw","confidence","score"
"7STDRD_1_SOLAR1",8,NA,NA,NA,NA,NA,NA,NA
"ACACIA_6_SOLAR",9,NA,NA,NA,NA,NA,NA,NA
"ADERA_1_SOLAR1",10,NA,NA,NA,NA,NA,NA,NA
"ADLIN_1_UNITS",6,"GEYSERS AIDLIN AGGREGATE",374980,1,22,23,1,0.954545454545455
"ADMEST_6_SOLAR",17,NA,NA,NA,NA,NA,NA,NA
"ADOBEE_1_SOLAR",10,NA,NA,NA,NA,NA,NA,NA
"AGCANA_X_HOOVER",1,NA,NA,NA,NA,NA,NA,NA
"AGRICO_6_PL3N5",25,"Fresno Peaker",201934,1,22.69,21.59,0.00972672533580343,0.95152049360952
"AGRICO_7_UNIT",31,NA,NA,NA,NA,NA,NA,NA
"AGUCAL_5_SOLAR1",8,NA,NA,NA,NA,NA,NA,NA
"AKINGS_6_AMESR1",16,"American Kings Solar",203679,3,123,130,0.137931034482759,2.82926829268293
"ALAMIT_2_AESBT2",13,NA,NA,NA,NA,NA,NA,NA
"ALAMIT_2_PL1X3",18,NA,NA,NA,NA,NA,NA,NA
"ALAMIT_7_ES1",298,NA,NA,NA,NA,NA,NA,NA
"ALAMIT_7_UNIT 3",19,NA,NA,NA,NA,NA,NA,NA
"ALAMIT_7_UNIT 4",14,NA,NA,NA,NA,NA,NA,NA
"ALAMIT_7_UNIT 5",10,"ALAMITOS GEN STA. UNIT 5",242617,2,480,480,0.5,2
"ALAMO_6_UNIT",35,"ALAMO POWER PLANT",164152,2,17,15,0.433333333333333,1.76470588235294
"ALHMBR_1_ALHSLR",12,NA,NA,NA,NA,NA,NA,NA
"ALLGNY_6_HYDRO1",4,NA,NA,NA,NA,NA,NA,NA
"ALMASL_2_AL6BT6",12,"Almasol 6 BES",126265,1,50,38,0.473684210526316,0.76
"ALMASL_2_GS1SR1",7,NA,NA,NA,NA,NA,NA,NA
"ALMASL_2_GS4SR4",7,NA,NA,NA,NA,NA,NA,NA
"ALMASL_2_GS6SR6",5,NA,NA,NA,NA,NA,NA,NA
"ALMASL_2_GS7SR7",10,"Almasol Generating Station 7",634503,1,132,108,0.305555555555556,0.818181818181818
"ALMEGT_1_UNIT 1",80,NA,NA,NA,NA,NA,NA,NA
"ALMEGT_1_UNIT 2",72,NA,NA,NA,NA,NA,NA,NA
"ALPSLR_1_NTHSLR",17,"Alpaugh North, LLC",133003,1,20,35,0.2,0.25
"ALPSLR_1_SPSSLR",12,NA,NA,NA,NA,NA,NA,NA
"ALT6DN_2_WIND7",4,NA,NA,NA,NA,NA,NA,NA
"ALT6DS_2_WIND9",3,NA,NA,NA,NA,NA,NA,NA
"ALTA3A_2_CPCE4",2,NA,NA,NA,NA,NA,NA,NA
"ALTA3A_2_CPCE5",2,NA,NA,NA,NA,NA,NA,NA
"ALTA3A_2_CPCE8",5,"Alta Wind 8",711517,1,150,120,0.616666666666667,0.8
"ALTA4A_2_CPCW1",6,"Alta Wind 1",209289,1,150,150,0,1
"ALTA4B_2_CPCW2",4,"Alta Wind 2",561276,1,150,140,0.214285714285714,0.933333333333333
"ALTA4B_2_CPCW3",5,NA,NA,NA,NA,NA,NA,NA
"ALTA4B_2_CPCW6",3,NA,NA,NA,NA,NA,NA,NA
"ALTA6B_2_WIND11",2,NA,NA,NA,NA,NA,NA,NA
"ALTA6E_2_WIND10",4,NA,NA,NA,NA,NA,NA,NA
"ALTWD_2_AT3WD3",5,NA,NA,NA,NA,NA,NA,NA
"ALTWD_2_COAWD1",5,"Coachella 1",419525,1,50.4,80,0.951923076923077,0.412698412698413
"ANAHM_2_CANYN1",9,"CANYON POWER PLANT UNIT 1",529201,3,49.21,49.21,0.807491702228544,3
"ANAHM_2_CANYN2",15,"CANYON POWER PLANT UNIT 2",990961,7,48.04,48.04,0.858510764838825,7
"ANAHM_2_CANYN3",15,"CANYON POWER PLANT UNIT 3",698118,5,46.49,46.49,0.815013981501398,5
"ANAHM_2_CANYN4",9,"CANYON POWER PLANT UNIT 4",155479,5,49.8,49.8,0.74144578313253,5
"ANZA_6_SOLAR1",9,"Seville Solar One",134647,1,20,25,0.872,0.75
"APLHIL_1_SFKHY1",46,NA,NA,NA,NA,NA,NA,NA
"AQUAWS_2_AQWSR1",21,NA,NA,NA,NA,NA,NA,NA
"ARBWD_6_QF",8,NA,NA,NA,NA,NA,NA,NA
"ARCOGN_2_UNITS",1,"WATSON COGENERATION",443551,1,305,300,0.4,0.983606557377049
"ARKANS_1_ARKSLR",13,NA,NA,NA,NA,NA,NA,NA
"ARLNTN_2_AR1SR1",20,NA,NA,NA,NA,NA,NA,NA
"ARLNTN_2_ASUSR1",6,NA,NA,NA,NA,NA,NA,NA
"ARLVAL_5_SOLAR",9,NA,NA,NA,NA,NA,NA,NA
"ARVINN_6_ORION1",15,"Orion 1 Solar",799732,2,12,12,0.0833333333333334,2
"ARVINN_6_ORION2",16,"Orion 2 Solar",376549,2,8,10,0.166666666666667,1.5
"ASTORA_2_SOLAR1",24,NA,NA,NA,NA,NA,NA,NA
"ASTORA_2_SOLAR2",24,NA,NA,NA,NA,NA,NA,NA
"ATHOS_5_AP1X2",20,NA,NA,NA,NA,NA,NA,NA
"ATHOS_5_AP2X2",16,NA,NA,NA,NA,NA,NA,NA
"ATWEL2_1_SOLAR1",6,"Atwell West",415983,1,20,9.6,0.479166666666667,0.48
"ATWELL_1_SOLAR",16,NA,NA,NA,NA,NA,NA,NA
"AVENAL_6_AVPARK",17,NA,NA,NA,NA,NA,NA,NA
"AVENAL_6_AVSLR1",13,NA,NA,NA,NA,NA,NA,NA
"AVENAL_6_AVSLR2",21,NA,NA,NA,NA,NA,NA,NA
"AVENAL_6_SANDDG",23,NA,NA,NA,NA,NA,NA,NA
"AVENAL_6_SUNCTY",21,NA,NA,NA,NA,NA,NA,NA
"AVSOLR_2_SOLAR",7,NA,NA,NA,NA,NA,NA,NA
"BALCHS_7_UNIT 1",82,"BALCH 1 PH UNIT 1",159511,6,31,43,0.456140350877193,3.67741935483871
"BALCHS_7_UNIT 2",72,NA,NA,NA,NA,NA,NA,NA
"BALCHS_7_UNIT 3",84,NA,NA,NA,NA,NA,NA,NA
"BANKPP_2_NSPIN",4,"BANKPP_2_NSPIN",107219,1,270,85,0.997647058823529,0.314814814814815
"BARRE_2_ALASB1",19,NA,NA,NA,NA,NA,NA,NA
"BARRE_6_PEAKER",35,"Barre Peaker",134075,2,49,56,0.107142857142857,1.71428571428571
"BASICE_2_UNITS",38,"King City Cogen",455119,2,120,119,0.0756302521008404,1.98333333333333
"BCTSYS_5_PWXDYN",1,NA,NA,NA,NA,NA,NA,NA
"BDGRCK_1_UNITS",13,"BADGER CREEK LIMITED",288617,3,48.08,42,0.571428571428571,2.62063227953411
"BEARDS_7_UNIT 1",24,"Beardsley Hydro",184635,6,11.5,11.5,0.840579710144927,6
"BEARMT_1_UNIT",6,"Bear Mountain Limited",118390,1,49.21,49,0.142857142857143,0.995732574679943
"BEJNLS_5_BV2SCEDYN",22,"Broadview 2",255016,1,167,220,0.228070175438597,0.682634730538922
"BEKWJS_5_BV1SCEDYN",21,"Broadview 1",190770,1,130,160,0,0.769230769230769
"BELDEN_7_UNIT 1",33,"BELDEN HYDRO",479608,3,119,150,0.102272727272727,2.21848739495798
"BERCYN_2_BCEBT1",23,NA,NA,NA,NA,NA,NA,NA
"BGSKYN_2_AS2SR1",13,NA,NA,NA,NA,NA,NA,NA
"BGSKYN_2_ASPSR2",3,NA,NA,NA,NA,NA,NA,NA
"BGSKYN_2_ASSR1B",18,"Antelope Solar 1B",603185,10,17,17,0.294117647058824,10
"BGSKYN_2_ASSR3A",14,NA,NA,NA,NA,NA,NA,NA
"BGSKYN_2_ASSR3B",22,"Antelope Solar 3B",766252,3,5,5,0.333333333333333,3
"BGSKYN_2_BS3SR3",13,NA,NA,NA,NA,NA,NA,NA
"BIGCRK_2_EXESWD",2,"BIG CREEK HYDRO PROJECT PSP",246186,1,820,175,0.64,0.213414634146341
"BIGSKY_2_AS2BT1",61,NA,NA,NA,NA,NA,NA,NA
"BIGSKY_2_ASLBT2",111,NA,NA,NA,NA,NA,NA,NA
"BIGSKY_2_BSKSR6",5,NA,NA,NA,NA,NA,NA,NA
"BIGSKY_2_BSKSR7",6,NA,NA,NA,NA,NA,NA,NA
"BIGSKY_2_BSKSR8",6,"Big Sky Solar 8",102291,2,20,20,0.5,2
"BIGSKY_2_SOLAR1",3,"Antelope Big Sky Ranch",217748,2,20,19.12,0.267782426778243,1.912
"BIGSKY_2_SOLAR2",4,NA,NA,NA,NA,NA,NA,NA
"BIGSKY_2_SOLAR3",6,NA,NA,NA,NA,NA,NA,NA
"BIGSKY_2_SOLAR4",4,NA,NA,NA,NA,NA,NA,NA
"BIGSKY_2_SOLAR5",4,"Big Sky Solar 2",445378,1,5,5,0.674,1
"BIGSKY_2_SOLAR6",2,NA,NA,NA,NA,NA,NA,NA
"BIGSKY_2_SOLAR7",5,NA,NA,NA,NA,NA,NA,NA
"BIOMAS_1_UNIT 1",23,"WOODLAND BIOMASS",109052,1,25.5,25,0,0.980392156862745
"BISHOP_1_ALAMO",4,"BISHOP CREEK PLANT 2  AND  6",865499,1,13.4,15,0.847457627118644,0.880597014925373
"BISHOP_1_UNITS",5,NA,NA,NA,NA,NA,NA,NA
"BKRFLD_2_SOLAR1",18,NA,NA,NA,NA,NA,NA,NA
"BLACK_7_UNIT 1",38,"JAMES B. BLACK 1",196140,14,85,85,0.363949579831933,14
"BLACK_7_UNIT 2",57,"JAMES B. BLACK 2",883285,12,84.1,84.1,0.258026159334126,12
"BLAST_1_WIND",8,NA,NA,NA,NA,NA,NA,NA
"BLCKBT_2_STONEY",43,"BLACK BUTTE HYDRO",233734,5,6.2,6.2,0.838709677419355,5
"BLCKWL_6_SOLAR1",39,NA,NA,NA,NA,NA,NA,NA
"BLKCRK_2_GMCBT1",24,NA,NA,NA,NA,NA,NA,NA
"BLKCRK_2_SOLAR1",3,NA,NA,NA,NA,NA,NA,NA
"BLKDIA_2_BDEBT1",64,"Black Diamond Energy Storage",199228,2,200,175,0.271428571428571,1.75
"BLM W_2_COSBT1",29,"Coso Battery Storage",267185,1,60,60,0.0833333333333334,1
"BLM_2_UNITS",5,NA,NA,NA,NA,NA,NA,NA
"BLVRDE_6_BLVBT1",9,"Boulevard Energy Storage",223711,1,10,0.39,0.205128205128205,0.039
"BLYTHE_1_SOLAR1",11,"Blythe Solar 1 Project",177935,1,21,25,0.941176470588235,0.80952380952381
"BLYTHE_1_SOLAR2",12,NA,NA,NA,NA,NA,NA,NA
"BNNIEN_7_ALTAPH",27,NA,NA,NA,NA,NA,NA,NA
"BOGUE_1_UNITA1",26,NA,NA,NA,NA,NA,NA,NA
"BORDER_6_UNITA1",51,NA,NA,NA,NA,NA,NA,NA
"BOWMN_6_HYDRO",34,NA,NA,NA,NA,NA,NA,NA
"BRDSLD_2_HIWIND",2,NA,NA,NA,NA,NA,NA,NA
"BRDSLD_2_MTZUM2",3,NA,NA,NA,NA,NA,NA,NA
"BRDSLD_2_MTZUMA",3,NA,NA,NA,NA,NA,NA,NA
"BRDSLD_2_SHILO1",7,NA,NA,NA,NA,NA,NA,NA
"BRDSLD_2_SHILO2",5,"SHILOH WIND PROJECT 2",113005,1,150,155.1,0.0959282263630091,0.966
"BRDSLD_2_SHLO3A",3,"Shiloh III Wind Project, LLC",142035,1,102.5,107,0.23469387755102,0.95609756097561
"BRDSLD_2_SHLO3B",2,"Shiloh IV Wind Project",165180,1,100,100,0.5,1
"BREGGO_6_DEGRSL",20,"Desert Green Solar Farm",203902,1,6.3,10,0.619230769230769,0.412698412698413
"BREGGO_6_DSEBT1",2,NA,NA,NA,NA,NA,NA,NA
"BREGGO_6_SOLAR",20,NA,NA,NA,NA,NA,NA,NA
"BRODIE_2_WIND",3,NA,NA,NA,NA,NA,NA,NA
"BUCKBL_2_PL1X3",20,NA,NA,NA,NA,NA,NA,NA
"BUCKCK_2_HYDRO",5,NA,NA,NA,NA,NA,NA,NA
"BUCKCK_7_OAKFLT",1,NA,NA,NA,NA,NA,NA,NA
"BUCKCK_7_PL1X2",10,NA,NA,NA,NA,NA,NA,NA
"BUCKWD_1_NPALM1",1,NA,NA,NA,NA,NA,NA,NA
"BUCKWD_1_QF",6,"Buckwind Re-powering project",301986,1,16.5,16.5,0.151515151515151,1
"BUCKWD_7_WINTCV",3,"Wintec Energy, Ltd.",129473,1,1.32,100,0,-73.7575757575758
"BURNYF_2_UNIT 1",30,NA,NA,NA,NA,NA,NA,NA
"BUTTVL_7_UNIT 1",35,"BUTT VALLEY HYDRO",153037,6,39.5,39.5,0.835443037974684,6
"CABALO_2_M2BSR1",15,"Mustang 2 Barbaro Solar",178559,3,50,60,0.166666666666667,2.4
"CABALO_2_M2WSR2",14,"Mustang 2 Whirlaway Solar",131041,3,100,93,0.283154121863799,2.79
"CABLRO_2_CBSBT1",1,NA,NA,NA,NA,NA,NA,NA
"CABZON_1_WINDA1",6,"Cabazon Wind Project",104627,1,41,130,0,-1.17073170731707
"CALFTN_2_CFSBT1",46,NA,NA,NA,NA,NA,NA,NA
"CALFTN_2_SOLAR",9,NA,NA,NA,NA,NA,NA,NA
"CALFTS_2_CFSSR1",12,"California Flats Solar South",529747,4,150,75,0.464666666666667,2
"CALGEN_1_UNITS",10,NA,NA,NA,NA,NA,NA,NA
"CALPIN_1_AGNEW",41,NA,NA,NA,NA,NA,NA,NA
"CALPSS_6_SOLAR1",12,NA,NA,NA,NA,NA,NA,NA
"CAMCHE_1_PL1X3",14,"CAMANCHE UNITS  1, 2 &  3 AGGREGATE",197582,3,9.99,4.18,0.282296650717703,1.25525525525526
"CAMDEN_6_RDDBM1",2,"RuAnn Dairy Digester BioMAT",102701,1,0.55,70,0,-125.272727272727
"CAMERN_6_BSPBT1",1,NA,NA,NA,NA,NA,NA,NA
"CAMERN_6_BSPSR1",8,"Buckman Springs PV",138597,1,0.84,100,0,-117.047619047619
"CAMLOT_2_SOLAR1",15,NA,NA,NA,NA,NA,NA,NA
"CAMLOT_2_SOLAR2",12,NA,NA,NA,NA,NA,NA,NA
"CAMPFW_7_FARWST",21,NA,NA,NA,NA,NA,NA,NA
"CANTUA_1_SOLAR",13,NA,NA,NA,NA,NA,NA,NA
"CAPWD_1_QF",1,NA,NA,NA,NA,NA,NA,NA
"CARBOU_7_PL2X3",70,NA,NA,NA,NA,NA,NA,NA
"CARBOU_7_PL4X5",26,NA,NA,NA,NA,NA,NA,NA
"CARBOU_7_UNIT 1",55,NA,NA,NA,NA,NA,NA,NA
"CARLS1_2_CARCT1",729,"Carlsbad 1",129058,681,422,422,0.75,681
"CARLS2_1_CARCT1",745,"Carlsbad 2",710016,684,105.5,105.5,0.533701948393892,684
"CASADB_1_CD4GT1",13,NA,NA,NA,NA,NA,NA,NA
"CASCES_6_CESBT1",291,"Cascade Energy Storage",591854,14,25,26.65,0.311716121137963,13.076
"CASCES_6_CESBT2",9,NA,NA,NA,NA,NA,NA,NA
"CATLNA_2_SOLAR",9,"Catalina Solar - Phases 1 and 2",143349,4,110,131,0.168539325842697,3.23636363636364
"CATLNA_2_SOLAR2",8,NA,NA,NA,NA,NA,NA,NA
"CAVLSR_2_BSOLAR",15,NA,NA,NA,NA,NA,NA,NA
"CAVLSR_2_RSOLAR",11,NA,NA,NA,NA,NA,NA,NA
"CAYTNO_2_VASCO",47,NA,NA,NA,NA,NA,NA,NA
"CDWR07_2_GEN",2,NA,NA,NA,NA,NA,NA,NA
"CEDRCK_6_UNIT",10,NA,NA,NA,NA,NA,NA,NA
"CEDUCR_2_SOLAR1",5,"Ducor Solar 1",933839,1,20,20,1,1
"CEDUCR_2_SOLAR2",5,NA,NA,NA,NA,NA,NA,NA
"CEDUCR_2_SOLAR3",4,NA,NA,NA,NA,NA,NA,NA
"CEDUCR_2_SOLAR4",7,NA,NA,NA,NA,NA,NA,NA
"CENT40_1_C40SR1",34,NA,NA,NA,NA,NA,NA,NA
"CENTER_2_RHONDO",7,NA,NA,NA,NA,NA,NA,NA
"CENTER_2_SOLAR1",2,NA,NA,NA,NA,NA,NA,NA
"CENTER_6_PEAKER",31,NA,NA,NA,NA,NA,NA,NA
"CENTPD_2_BMSSX2",42,NA,NA,NA,NA,NA,NA,NA
"CENTPD_2_BMSX2",92,"Blythe Mesa Solar 2 BESS",331013,9,112,100,0.0933333333333335,8.03571428571429
"CENTRY_6_PL1X4",6,"CENTURY GENERATING PLANT (AGGREGATE)",374311,1,41.4,40,0.0905000000000002,0.966183574879227
"CHALK_1_UNIT",14,NA,NA,NA,NA,NA,NA,NA
"CHARMN_2_PGONG1",29,NA,NA,NA,NA,NA,NA,NA
"CHESTN_2_CHWBX2",29,"Chestnut Westside BESS",387388,2,135,121,0.00826446280991733,1.79259259259259
"CHESTN_2_CHWSX2",19,NA,NA,NA,NA,NA,NA,NA
"CHEVCD_6_UNIT",3,"CHEVRON USA (TAFT/CADET)",108072,1,11.5,16.8,0.446774193548387,0.539130434782609
"CHEVCO_6_UNIT 1",6,NA,NA,NA,NA,NA,NA,NA
"CHEVCO_6_UNIT 2",2,"AERA ENERGY LLC. (COALINGA)",156654,1,8.5,280,0,-30.9411764705882
"CHEVCY_1_UNIT",10,NA,NA,NA,NA,NA,NA,NA
"CHEVMN_2_UNITS",18,"CHEVRON U.S.A. UNITS 1 & 2 AGGREGATE",131943,2,124.87,150,0,1.59750140145752
"CHICPK_7_UNIT 1",380,NA,NA,NA,NA,NA,NA,NA
"CHILLS_1_SYCENG",20,NA,NA,NA,NA,NA,NA,NA
"CHILLS_7_UNITA1",18,"Sycamore Energy 2",650703,1,2.25,2,0,0.888888888888889
"CHINO_2_APEBT1",30,NA,NA,NA,NA,NA,NA,NA
"CHINO_2_PESBT1",28,"Pomona Energy Storage 2",262439,1,20,18,0.0666666666666667,0.9
"CHINO_2_SOLAR",1,NA,NA,NA,NA,NA,NA,NA
"CHINO_6_CIMGEN",3,"Chino Co-Generation",194982,1,26,35,1,0.653846153846154
"CHWCHL_1_AVSSR1",28,"Avenue 26 Phase I Solar",126447,2,2.56,1,0.44,0.78125
"CHWCHL_1_AVSSR2",28,"Avenue 26 Phase II Solar",818615,1,5,5,0.6,1
"CHWCHL_1_BIOMAS",23,NA,NA,NA,NA,NA,NA,NA
"CHWCHL_1_UNIT",6,"CHOW 2 PEAKER PLANT",142017,1,48.6,50,0.470338983050847,0.97119341563786
"CLINESCO_3_PVDYN",11,NA,NA,NA,NA,NA,NA,NA
"CLINESCO_3_WBDYN",9,"CLINES CORNERS B",199332,1,194.28,200,0.106067034365719,0.970557957586988
"CLOVDL_1_SOLAR",1,NA,NA,NA,NA,NA,NA,NA
"CLOVER_2_UNIT",48,"Clover Creek",179841,2,0.99,1,0,1.97979797979798
"CLRMNT_6_CLEBT1",7,"Clairemont Energy Storage",561157,1,9,40,0,-2.44444444444444
"CMBLND_2_DS2BT1",141,NA,NA,NA,NA,NA,NA,NA
"CMBLND_2_DS2BT2",22,NA,NA,NA,NA,NA,NA,NA
"CMBLND_2_DS2BT3",146,NA,NA,NA,NA,NA,NA,NA
"CMBLND_2_DS2SR1",123,NA,NA,NA,NA,NA,NA,NA
"CMBLND_2_DS2SR2",11,"Daggett 2 b PV",418080,2,65,65,0.0769230769230769,2
"CMBLND_2_DS2SR3",81,NA,NA,NA,NA,NA,NA,NA
"CNTNLA_2_SOLAR1",9,NA,NA,NA,NA,NA,NA,NA
"CNTNLA_2_SOLAR2",12,"Centinels Solar Energy 2",180457,6,45.6,40,0.12,5.26315789473684
"COCOPP_2_CTG1",12,"Marsh Landing 1",524669,2,204.2,242,0.348557692307692,1.62977473065622
"COCOPP_2_CTG2",16,NA,NA,NA,NA,NA,NA,NA
"COCOPP_2_CTG3",24,NA,NA,NA,NA,NA,NA,NA
"COCOPP_2_CTG4",29,"Marsh Landing 4",977347,2,204.29,190,0.296947368421053,1.86010083704538
"COCOSB_6_SOLAR",1,"Oakley Solar Project",447809,1,1.5,100,0,-64.6666666666667
"COGNAT_1_UNIT",52,NA,NA,NA,NA,NA,NA,NA
"COLEMN_2_UNIT",13,"Coleman",152702,1,13,10,1,0.769230769230769
"COLGAT_7_UNIT 1",8,NA,NA,NA,NA,NA,NA,NA
"COLGAT_7_UNIT 2",5,NA,NA,NA,NA,NA,NA,NA
"COLGNS_2_CNSSR1",18,"ColGreen North Shore",234172,9,74.8,74,0.531231231231231,8.90374331550802
"COLPIN_6_COLLNS",21,"Collins Pine",102551,1,3.3,0.99,0.0303030303030305,0.3
"COLTON_6_AGUAM1",3,"AGUA MANSA UNIT 1 (CITY OF COLTON)",328642,1,43,46,0.0499999999999999,0.930232558139535
"COLUSA_2_PL1X3",4,NA,NA,NA,NA,NA,NA,NA
"COLVIL_7_PL1X2",11,"COLLIERVILLE HYDRO UNIT 1 & 2 AGGREGATE",201370,1,246.86,246.86,0.696184071943612,1
"CONDOR_2_CDRBT1",43,NA,NA,NA,NA,NA,NA,NA
"CONTRL_1_CASAD1",16,NA,NA,NA,NA,NA,NA,NA
"CONTRL_1_CASAD2",16,NA,NA,NA,NA,NA,NA,NA
"CONTRL_1_CASAD3",10,"Mammoth G3",261146,1,14,13.6,0.117647058823529,0.971428571428571
"CONTRL_1_LUNDY",10,"LUNDY",991404,2,3,1.65,0.393939393939394,1.1
"CONTRL_1_OXBOW",40,NA,NA,NA,NA,NA,NA,NA
"CONTRL_1_POOLE",32,NA,NA,NA,NA,NA,NA,NA
"CONTRL_1_QF",4,NA,NA,NA,NA,NA,NA,NA
"CONTRL_1_RUSHCK",10,"RUSH CREEK",691663,5,12.19,12.19,0.633683457863113,4.95812395309883
"COPMT2_2_SOLAR2",2,NA,NA,NA,NA,NA,NA,NA
"COPMTN_2_CM10",2,"Copper Mountain 10",163531,1,10,10,0,1
"COPMTN_2_SOLAR1",3,NA,NA,NA,NA,NA,NA,NA
"CORCAN_1_SOLAR1",7,NA,NA,NA,NA,NA,NA,NA
"CORCAN_1_SOLAR2",4,"Corcoran City",136331,1,11,1.15,0.13913043478261,0.104545454545455
"CORONS_6_CLRWTR",14,NA,NA,NA,NA,NA,NA,NA
"CORRAL_6_SJOAQN",66,NA,NA,NA,NA,NA,NA,NA
"COTTLE_2_FRNKNH",7,"Frankenheimer Power Plant",842570,1,5.3,5,0.6,0.943396226415094
"COVERD_2_HCKHY1",14,NA,NA,NA,NA,NA,NA,NA
"COVERD_2_MCKHY1",3,"Montgomery Creek Hydro",705820,1,2.8,1,1,0.357142857142857
"COVERD_2_QFUNTS",15,"Cove Hydroelectric Project",103147,1,5.5,5.9,0,0.927272727272727
"COVERD_2_RCKHY1",19,NA,NA,NA,NA,NA,NA,NA
"COWCRK_2_UNIT",6,"Cow Creek Hydro",521760,1,2,50,1,-23
"CPVERD_2_SOLAR",39,NA,NA,NA,NA,NA,NA,NA
"CRELMN_6_AABBT1",16,"Air Attack Base",186633,1,0.47,0.45,0.0888888888888889,0.957446808510638
"CRELMN_6_RAMON1",10,NA,NA,NA,NA,NA,NA,NA
"CRELMN_6_RAMON2",10,NA,NA,NA,NA,NA,NA,NA
"CRELMN_6_RAMSR3",4,NA,NA,NA,NA,NA,NA,NA
"CRESTA_7_PL1X2",48,"CRESTA PH UNIT 1 & 2 AGGREGATE",179949,35,70.4,26,0.626373626373626,12.9261363636364
"CRIMSN_2_CRMBT1",185,"Crimson",164836,7,200,204,0.154154518950437,6.86
"CRIMSN_2_CRMBT2",98,NA,NA,NA,NA,NA,NA,NA
"CRNEVL_6_CRNVA",35,"Crane Valley",313257,1,0.9,1,1,0.888888888888889
"CRNEVL_6_SJQN 2",12,"SAN JOAQUIN 2",881550,1,3.2,1,1,0.3125
"CROKET_7_UNIT",54,NA,NA,NA,NA,NA,NA,NA
"CRSTWD_6_KUMYAY",7,"Kumeyaay Wind Farm",113238,1,50,40,0.375,0.8
"CRWCKS_1_SOLAR1",19,NA,NA,NA,NA,NA,NA,NA
"CSCCOG_1_UNIT 1",5,"SANTA CLARA CO-GEN",164427,2,7,7,1,2
"CSCGNR_1_UNIT 1",22,NA,NA,NA,NA,NA,NA,NA
"CSCGNR_1_UNIT 2",20,NA,NA,NA,NA,NA,NA,NA
"CSLR4S_2_SOLAR",30,NA,NA,NA,NA,NA,NA,NA
"CSTOGA_6_LNDFIL",3,NA,NA,NA,NA,NA,NA,NA
"CSTRVL_7_PL1X2",6,"Marina Land Fill Gas",352258,1,4.53,15,0,-1.31125827814569
"CSTRVL_7_QFUNTS",4,NA,NA,NA,NA,NA,NA,NA
"CUMBIA_1_SOLAR",6,"Columbia Solar Energy II",103700,1,19,42,0,-0.210526315789474
"CUYAMA_6_SB3SB1",4,NA,NA,NA,NA,NA,NA,NA
"CUYAMS_6_CUYSR1",55,"Cuyama Solar",685873,5,40,40,0.3875,5
"DAIRLD_1_CR1BM1",501,NA,NA,NA,NA,NA,NA,NA
"DAIRLD_1_MD2BM1",1,NA,NA,NA,NA,NA,NA,NA
"DAVIS_1_SOLAR1",1,NA,NA,NA,NA,NA,NA,NA
"DAVIS_1_SOLAR2",2,NA,NA,NA,NA,NA,NA,NA
"DEADCK_1_UNIT",4,"DEADCK_1_UNIT",193888,1,1.96,5.75,1,-0.933673469387755
"DEERCR_6_UNIT 1",38,NA,NA,NA,NA,NA,NA,NA
"DELAMO_2_ALASB2",13,NA,NA,NA,NA,NA,NA,NA
"DELSUR_6_CREST",1,NA,NA,NA,NA,NA,NA,NA
"DELSUR_6_DRYFRB",3,NA,NA,NA,NA,NA,NA,NA
"DELSUR_6_HORSR1",2,NA,NA,NA,NA,NA,NA,NA
"DELSUR_6_SOLAR1",9,"Summer Solar North",735117,1,6.5,9,1,0.615384615384615
"DELSUR_6_SOLAR4",1,NA,NA,NA,NA,NA,NA,NA
"DELSUR_6_SOLAR5",1,NA,NA,NA,NA,NA,NA,NA
"DELTA_2_PL1X4",12,NA,NA,NA,NA,NA,NA,NA
"DEVERS_1_SOLAR",9,"Cascade Solar",254645,1,18.5,18,0.944444444444444,0.972972972972973
"DEVERS_1_SOLAR1",10,"SEPV8",186631,1,12,13.5,0.0476190476190476,0.875
"DEVERS_1_SOLAR2",7,"SEPV9",155548,3,9,0.73,0.424657534246576,0.243333333333333
"DEVERS_2_DHSPG2",8,"Desert Hot Springs 2",423784,1,1.4,100,1,-69.4285714285714
"DEXZEL_1_UNIT",19,"Western Power and Steam Cogeneration",185773,1,20,20,0.25,1
"DIABLO_7_UNIT 1",2,NA,NA,NA,NA,NA,NA,NA
"DIABLO_7_UNIT 2",3,NA,NA,NA,NA,NA,NA,NA
"DISCOV_1_CHEVRN",15,"CHEVRON USA (EASTRIDGE)",623125,1,48.8,50,0.105042016806723,0.975409836065574
"DIXNLD_1_LNDFL",4,NA,NA,NA,NA,NA,NA,NA
"DMDVLY_1_UNITS",3,NA,NA,NA,NA,NA,NA,NA
"DONNLS_7_UNIT",14,NA,NA,NA,NA,NA,NA,NA
"DOSMGO_2_NSPIN",9,NA,NA,NA,NA,NA,NA,NA
"DOSPAL_1_DPSSR1",2,"Dos Palos Clean Power",622149,1,3,375,1,-123
"DOUBLC_1_UNITS",14,NA,NA,NA,NA,NA,NA,NA
"DRACKR_2_D4SR4B",5,"Dracker Solar Unit 4B",420763,2,62.5,40,0.25,1.28
"DRACKR_2_DS3SR3",3,"Dracker Solar Unit 3",950113,2,125,200,0.4,0.8
"DRACKR_2_DS4SR4",8,NA,NA,NA,NA,NA,NA,NA
"DRACKR_2_DSUBT1",44,NA,NA,NA,NA,NA,NA,NA
"DRACKR_2_DSUBT2",17,NA,NA,NA,NA,NA,NA,NA
"DRACKR_2_DSUBT3",27,"Dracker Solar Unit 3 BESS",701361,2,115,102,0.295098039215686,1.77391304347826
"DRACKR_2_DSUBT4",35,NA,NA,NA,NA,NA,NA,NA
"DRACKR_2_SOLAR1",5,NA,NA,NA,NA,NA,NA,NA
"DRACKR_2_SOLAR2",3,NA,NA,NA,NA,NA,NA,NA
"DREWSR_2_BHSSR1",12,NA,NA,NA,NA,NA,NA,NA
"DREWS_6_PL1X4",6,NA,NA,NA,NA,NA,NA,NA
"DRUM_7_PL1X2",109,NA,NA,NA,NA,NA,NA,NA
"DRUM_7_PL3X4",232,NA,NA,NA,NA,NA,NA,NA
"DRUM_7_UNIT 5",256,NA,NA,NA,NA,NA,NA,NA
"DSABLA_7_UNIT",19,"De Sabla Hydro",174396,1,18.5,7.42,0.948787061994609,0.401081081081081
"DSFLWR_2_W9CSB1",228,NA,NA,NA,NA,NA,NA,NA
"DSFLWR_2_W9CSB2",303,NA,NA,NA,NA,NA,NA,NA
"DSFLWR_2_WS2SR1",18,NA,NA,NA,NA,NA,NA,NA
"DSRTHV_2_DH1SR1",4,NA,NA,NA,NA,NA,NA,NA
"DSRTHV_2_DH2BT1",14,NA,NA,NA,NA,NA,NA,NA
"DSRTHV_2_DH2SR2",5,NA,NA,NA,NA,NA,NA,NA
"DSRTSL_2_SOLAR1",21,"Desert Stateline",723063,2,296.19,250,0.2,1.68810560788683
"DSRTSN_2_DS2BX2",39,"Desert Sunlight PV II Storage 2",296736,2,230,165.9,0.321880650994575,1.44260869565217
"DSRTSN_2_DS2X2",52,"Desert Sunlight PV II Storage",132494,3,230,242,0,2.84347826086957
"DSRTSN_2_SOLAR1",8,"Desert Sunlight 300",525717,1,300,288,0.131944444444444,0.96
"DSRTSN_2_SOLAR2",3,"Desert Sunlight 250",611852,1,250,150,0.266666666666667,0.6
"DTCHWD_2_BT3WND",7,NA,NA,NA,NA,NA,NA,NA
"DTCHWD_2_BT4WND",2,"Brookfield Tehachapi 4",136437,1,6.52,2.09,1,0.320552147239264
"DUANE_1_PL1X3",19,"DONALD VON RAESFELD POWER PROJECT",514544,6,147.8,147.8,0.50744248985115,6
"DURNMESA_3_WBDYN",5,NA,NA,NA,NA,NA,NA,NA
"DUTCH1_7_UNIT 1",376,"DUTCH FLAT 1 PH",844001,300,22,18.8,0.800425531914894,256.363636363636
"DUTCH2_7_UNIT 1",135,NA,NA,NA,NA,NA,NA,NA
"DVLCYN_1_UNITS",4,"DEVIL CANYON HYDRO UNITS 1-4 AGGREGATE",407814,2,235,235,0.574468085106383,2
"DYERSM_6_DSWWD1",36,"Dyer Summit Wind Repower",860091,6,44.8,44.8,0.727678571428571,6
"DYLAN_2_BMTBT1",11,"Beaumont BESS",262817,1,100,100,0.005,1
"EASTWD_7_UNIT",36,NA,NA,NA,NA,NA,NA,NA
"EDMONS_2_NSPIN",2,NA,NA,NA,NA,NA,NA,NA
"EDWARD_2_E21SB1",55,NA,NA,NA,NA,NA,NA,NA
"EDWARD_2_E23SB1",67,NA,NA,NA,NA,NA,NA,NA
"EDWARD_2_ES2BT3",61,"EdSan 2",108122,3,151,200,0.274509803921569,2.02649006622517
"EDWARD_2_ESSSB1",108,"Sanborn Solar 2 Edwards 5",173313,34,116,100,0.499411764705882,29.3103448275862
"EDWARD_2_ESSSB2",131,NA,NA,NA,NA,NA,NA,NA
"EEKTMN_6_SOLAR1",4,NA,NA,NA,NA,NA,NA,NA
"ELCABO_5_ECWSCEDYN",4,"El Cabo Wind",133667,1,298,300,0.027027027027027,0.993288590604027
"ELCAJN_6_EB1BT1",10,NA,NA,NA,NA,NA,NA,NA
"ELCAJN_6_LM6K",30,"El Cajon Energy Center",138902,2,48.1,50,0.494588744588745,1.92099792099792
"ELCAJN_6_UNITA1",30,NA,NA,NA,NA,NA,NA,NA
"ELDORO_7_UNIT 1",17,NA,NA,NA,NA,NA,NA,NA
"ELDORO_7_UNIT 2",14,NA,NA,NA,NA,NA,NA,NA
"ELECTR_7_PL1X3",4,NA,NA,NA,NA,NA,NA,NA
"ELKCRK_6_STONYG",24,"STONEY GORGE HYDRO AGGREGATE",127784,6,4.9,4.9,0.863945578231293,6
"ELKHIL_2_PL1X3",5,NA,NA,NA,NA,NA,NA,NA
"ELKHRN_1_EESX3",22,"Elkhorn Energy Storage",417420,2,182.5,182.51,0.203791988602115,1.9998904109589
"ELLIOT_6_ELIBT1",26,NA,NA,NA,NA,NA,NA,NA
"ELNIDO_1_ECRSR1",13,"East Cleveland Solar",636159,1,3,1,0,0.333333333333333
"ELNIDP_6_BIOMAS",14,"El Nido Biomass to Energy",764077,1,10.5,25,1,-0.380952380952381
"ELSEGN_2_UN1011",27,"El Segundo Energy Center 5/6",951615,1,274.31,275,0.0964110810613259,0.99748459771791
"ELSEGN_2_UN2021",38,NA,NA,NA,NA,NA,NA,NA
"ENERSJ_2_WIND",8,"ESJ Wind Energy",704081,1,151,180,0.590163934426229,0.80794701986755
"ENERSJ_5_ESJWD2",13,NA,NA,NA,NA,NA,NA,NA
"ENWIND_2_WIND1",6,"Cameron Ridge",719983,1,47.1,40,0.395,0.849256900212314
"ENWIND_2_WIND2",7,NA,NA,NA,NA,NA,NA,NA
"ESCNDO_6_EB1BT1",14,"Escondido BESS 1",647222,1,10,5.9,0.322033898305085,0.59
"ESCNDO_6_EB2BT2",16,NA,NA,NA,NA,NA,NA,NA
"ESCNDO_6_EB3BT3",17,NA,NA,NA,NA,NA,NA,NA
"ESCNDO_6_PL1X2",50,"MMC Escondido Aggregate",633120,1,48.71,50,0,0.973516731677274
"ESCNDO_6_UNITB1",48,"CalPeak Power Enterprise Unit 1",279238,2,48.04,40,0.0980000000000002,1.66527893422148
"ESCO_6_GLMQF",15,"Goal Line Cogen",717058,1,49.9,50,0,0.997995991983968
"ESNHWR_2_WC1BT1",68,NA,NA,NA,NA,NA,NA,NA
"ESQUON_6_LNDFIL",99,NA,NA,NA,NA,NA,NA,NA
"ESTWND_2_OPPWD1",13,NA,NA,NA,NA,NA,NA,NA
"ETIWND_2_FONTNA",3,NA,NA,NA,NA,NA,NA,NA
"ETIWND_2_RTS010",1,NA,NA,NA,NA,NA,NA,NA
"ETIWND_2_RTS015",1,NA,NA,NA,NA,NA,NA,NA
"ETIWND_2_RTS017",1,NA,NA,NA,NA,NA,NA,NA
"ETIWND_2_RTS018",2,NA,NA,NA,NA,NA,NA,NA
"ETIWND_2_RTS023",1,NA,NA,NA,NA,NA,NA,NA
"ETIWND_2_RTS026",1,NA,NA,NA,NA,NA,NA,NA
"ETIWND_2_RTS027",1,NA,NA,NA,NA,NA,NA,NA
"ETIWND_2_SEPBT1",103,NA,NA,NA,NA,NA,NA,NA
"ETIWND_2_UNIT1",15,NA,NA,NA,NA,NA,NA,NA
"ETIWND_6_GRPLND",45,NA,NA,NA,NA,NA,NA,NA
"ETIWND_6_INEBT1",14,"Inland Empire Energy Storage",155078,2,70,62,0.354838709677419,1.77142857142857
"ETIWND_6_MWDETI",2,NA,NA,NA,NA,NA,NA,NA
"EXCHEC_7_UNIT 1",40,"EXCHEQUER HYDRO",140162,8,94.5,94.5,0.764550264550265,8
"EXCLSG_1_SOLAR",2,NA,NA,NA,NA,NA,NA,NA
"FALBRK_6_FESBT1",42,NA,NA,NA,NA,NA,NA,NA
"FIFTHS_2_FSSBT",23,"Fifth Standard Battery",432370,6,137,137,0.534671532846715,6
"FIFTHS_2_FSSR1",95,NA,NA,NA,NA,NA,NA,NA
"FILIPPI_2_QZSSRX",169,NA,NA,NA,NA,NA,NA,NA
"FLOWD2_2_FPLWND",7,NA,NA,NA,NA,NA,NA,NA
"FLOWD_2_RT2WD2",6,NA,NA,NA,NA,NA,NA,NA
"FLOWD_2_WIND1",6,"Cameron Ridge 2",146475,1,11.9,6.2,0.662903225806452,0.521008403361344
"FMEADO_6_HELLHL",21,NA,NA,NA,NA,NA,NA,NA
"FMEADO_7_UNIT",22,"FRENCH MEADOWS HYDRO",110282,1,16,16,0.125,1
"FORBST_7_UNIT 1",17,"FORBESTOWN HYDRO",133829,6,37.5,37.5,0.8,6
"FORKBU_6_UNIT",15,NA,NA,NA,NA,NA,NA,NA
"FRESHW_1_SOLAR1",15,"Corcoran 3",163228,1,20,70,0,-1.5
"FRIANT_6_UNITS",8,NA,NA,NA,NA,NA,NA,NA
"FRNTBW_6_SOLAR1",24,NA,NA,NA,NA,NA,NA,NA
"FROGTN_1_UTICAA",49,NA,NA,NA,NA,NA,NA,NA
"FROGTN_1_UTICAM",48,NA,NA,NA,NA,NA,NA,NA
"FTSWRD_6_TRFORK",5,NA,NA,NA,NA,NA,NA,NA
"FTSWRD_7_QFUNTS",4,"FTSWRD_7_QFUNTS",798542,1,1.6,48.6,1,-28.375
"GALE_1_SR3SR3",23,NA,NA,NA,NA,NA,NA,NA
"GANSO_1_WSTBM1",24,"Weststar Dairy Biogas",174762,2,1,0.99,0,1.98
"GARLND_2_GARBT1",77,NA,NA,NA,NA,NA,NA,NA
"GARLND_2_GASLR",13,NA,NA,NA,NA,NA,NA,NA
"GARLND_2_GASLRA",16,NA,NA,NA,NA,NA,NA,NA
"GARNET_1_SOLAR",4,NA,NA,NA,NA,NA,NA,NA
"GARNET_1_SOLAR2",3,NA,NA,NA,NA,NA,NA,NA
"GARNET_1_WIND",26,NA,NA,NA,NA,NA,NA,NA
"GARNET_1_WINDS",4,NA,NA,NA,NA,NA,NA,NA
"GARNET_1_WT3WND",9,"Wagner Wind",189702,3,6,5.84,0.66324200913242,2.92
"GARNET_2_COAWD2",4,"Coachella 2",627078,1,10.8,120,1,-9.11111111111111
"GARNET_2_HYDRO",22,"Whitewater Hydro",292514,1,1,9,1,-7
"GARNET_2_WIND1",20,"Phoenix",118049,1,11.2,9.2,0.673913043478261,0.821428571428571
"GARNET_2_WIND2",34,NA,NA,NA,NA,NA,NA,NA
"GARNET_2_WIND3",13,NA,NA,NA,NA,NA,NA,NA
"GARNET_2_WIND4",7,NA,NA,NA,NA,NA,NA,NA
"GARNET_2_WIND5",12,"Eastwind",133798,1,3,1,0,0.333333333333333
"GASKW1_2_GW1SR1",22,NA,NA,NA,NA,NA,NA,NA
"GASKW1_2_GW2BT1",63,NA,NA,NA,NA,NA,NA,NA
"GASKW1_2_GW2SR1",34,"Gaskell West 2a",940797,4,16,10,0,2.5
"GASKW1_2_GW2SR2",92,NA,NA,NA,NA,NA,NA,NA
"GASKW1_2_GW3SR1",44,NA,NA,NA,NA,NA,NA,NA
"GASKW1_2_GW4SR1",41,NA,NA,NA,NA,NA,NA,NA
"GASKW1_2_GW5SR1",42,NA,NA,NA,NA,NA,NA,NA
"GATES_2_SOLAR",6,"Gates Solar Station",262440,1,20,20.01,0.249624812406203,0.9995
"GATES_2_WSOLAR",3,NA,NA,NA,NA,NA,NA,NA
"GATEWY_2_GESBT1",62,"Gateway Energy Storage",110776,3,250,266,0.145299145299145,2.808
"GATWAY_2_PL1X3",14,"GATEWAY GENERATING STATION",181838,2,585,541,0.44547134935305,1.84957264957265
"GENESI_2_STG",191,"Genesis Station",183646,6,250,219.7,0.449248975876195,5.2728
"GEYS11_7_UNIT11",10,NA,NA,NA,NA,NA,NA,NA
"GEYS12_7_UNIT12",5,"GEYSERS UNIT 12 (HEALDSBURG)",151431,1,57,16,0.875,0.280701754385965
"GEYS13_7_UNIT13",4,NA,NA,NA,NA,NA,NA,NA
"GEYS14_7_UNIT14",7,"GEYSERS UNIT 14 (HEALDSBURG)",911243,1,70,48,0.0416666666666666,0.685714285714286
"GEYS16_7_UNIT16",4,"GEYSERS UNIT 16 (HEALDSBURG)",119697,1,63,65,0.163934426229508,0.968253968253968
"GEYS17_7_UNIT17",10,NA,NA,NA,NA,NA,NA,NA
"GEYS18_7_UNIT18",4,NA,NA,NA,NA,NA,NA,NA
"GEYS20_7_UNIT20",3,"GEYSERS UNIT 20 (HEALDSBURG)",133703,1,50,75,1,0.5
"GIFENS_6_BUGSL1",18,NA,NA,NA,NA,NA,NA,NA
"GIFFEN_6_SOLAR",16,NA,NA,NA,NA,NA,NA,NA
"GIFFEN_6_SOLAR1",4,"Aspiration Solar G",903445,1,9,16.76,1,0.137777777777778
"GILROY_1_UNIT",42,NA,NA,NA,NA,NA,NA,NA
"GILRPP_1_PL1X2",33,NA,NA,NA,NA,NA,NA,NA
"GILRPP_1_PL3X4",36,"GILROY ENERGY CENTER, UNIT #3",429981,2,46.2,53,0.111675126903553,1.70562770562771
"GLDFGR_6_SOLAR1",15,NA,NA,NA,NA,NA,NA,NA
"GLDFGR_6_SOLAR2",14,NA,NA,NA,NA,NA,NA,NA
"GLDTWN_6_COLUM3",15,NA,NA,NA,NA,NA,NA,NA
"GLDTWN_6_SOLAR",14,NA,NA,NA,NA,NA,NA,NA
"GLNARM_2_UNIT 5",14,NA,NA,NA,NA,NA,NA,NA
"GLNARM_7_UNIT 1",23,"GLEN ARM UNIT 1",517313,1,22.13,23.66,0.0364077669902911,0.930863081789426
"GLNARM_7_UNIT 2",31,NA,NA,NA,NA,NA,NA,NA
"GLNARM_7_UNIT 3",26,NA,NA,NA,NA,NA,NA,NA
"GLNARM_7_UNIT 4",49,NA,NA,NA,NA,NA,NA,NA
"GLOW_6_SOLAR",5,NA,NA,NA,NA,NA,NA,NA
"GOLETA_2_GE2BT3",41,NA,NA,NA,NA,NA,NA,NA
"GOLETA_2_VALBT1",38,NA,NA,NA,NA,NA,NA,NA
"GOLETA_6_ELLWOD",22,NA,NA,NA,NA,NA,NA,NA
"GOLETA_6_TR2BM2",115,NA,NA,NA,NA,NA,NA,NA
"GONZLS_6_UNIT",119,NA,NA,NA,NA,NA,NA,NA
"GOOSLK_1_SOLAR1",8,"Goose Lake",982861,1,12,13,0.0909090909090908,0.916666666666667
"GRADYW_5_GDYWD1",24,NA,NA,NA,NA,NA,NA,NA
"GRIDLY_6_SOLAR",4,NA,NA,NA,NA,NA,NA,NA
"GRIFFI_2_LSPDYN",7,"Griffith Energy",279317,2,570,505,0.825742574257426,1.7719298245614
"GRIZLY_1_UNIT 1",17,"GRIZZLY HYDRO",198858,1,20,16,0.0625,0.8
"GRNLF1_1_PL1X2",27,"Greenleaf 1",454660,2,60,53,0.39622641509434,1.76666666666667
"GRNLF2_1_UNIT",18,"GREENLEAF II COGEN",824322,1,49.2,49.5,0.0102249488752557,0.99390243902439
"GRNVLY_7_SCLAND",62,"SANTA CRUZ LANDFILL GENERATING PLANT",311481,1,3.04,0.25,1,0.0822368421052632
"GRSCRK_6_BGCKWW",45,NA,NA,NA,NA,NA,NA,NA
"GRZZLY_1_BERKLY",4,NA,NA,NA,NA,NA,NA,NA
"GUERNS_6_HD3BM3",427,"Hanford Digester Genset 3",157437,18,1,0.99,0,17.82
"GUERNS_6_SOLAR",10,"Guernsey Solar Station",197335,1,20,11.07,1,0.5535
"GUERNS_6_VH2BM1",446,"Hanford Digester Genset 2",725123,22,1,0.84,0.0357142857142857,18.48
"GWFPWR_1_LDCTG1",1,NA,NA,NA,NA,NA,NA,NA
"GWFPWR_1_LDCTG2",1,NA,NA,NA,NA,NA,NA,NA
"GWFPWR_1_UNITS",18,NA,NA,NA,NA,NA,NA,NA
"GYS5X6_7_UNITS",4,NA,NA,NA,NA,NA,NA,NA
"GYS7X8_7_UNITS",5,"GEYSERS UNITS 7 & 8 AGGREGATE",334338,1,95.8,25,1,0.260960334029228
"GYSRVL_7_WSPRNG",1,NA,NA,NA,NA,NA,NA,NA
"HAASPH_7_PL1X2",47,"HAAS PH UNIT 1 & 2 AGGREGATE",112948,3,144,113,0.227138643067847,2.35416666666667
"HALSEY_6_UNIT",9,NA,NA,NA,NA,NA,NA,NA
"HAMLIN_1_BLDSB1",264,NA,NA,NA,NA,NA,NA,NA
"HAMLIN_1_BMSBT2",40,NA,NA,NA,NA,NA,NA,NA
"HARBGN_7_UNITS",14,NA,NA,NA,NA,NA,NA,NA
"HARDWK_6_STWBM1",32,"Still Water Ranch Dairy",627608,1,1,2,0,0
"HATCR1_7_UNIT",9,NA,NA,NA,NA,NA,NA,NA
"HATCR2_7_UNIT",17,"Hat Creek  #2",103214,1,8.5,15,1,0.235294117647059
"HATLOS_6_BWDHY1",5,NA,NA,NA,NA,NA,NA,NA
"HATRDG_2_WIND",2,NA,NA,NA,NA,NA,NA,NA
"HAYPRS_6_HAYHD1",20,"Haypress Lower",636736,1,5.8,4.22,0.187203791469194,0.727586206896552
"HAYPRS_6_HAYHD2",15,NA,NA,NA,NA,NA,NA,NA
"HELMPG_7_UNIT 1",35,"HELMS PUMP-GEN UNIT 1",891900,2,407,473,0.269794721407625,1.67567567567568
"HELMPG_7_UNIT 2",31,"HELMS PUMP-GEN UNIT 2",681987,3,407,393,0.348600508905852,2.8968058968059
"HELMPG_7_UNIT 3",29,"HELMS PUMP-GEN UNIT 3",473916,2,404,290,0.310344827586207,1.43564356435644
"HENRTA_6_ACDSR3",1,NA,NA,NA,NA,NA,NA,NA
"HENRTA_6_ELCBX2",1,"Electrolyte",243483,1,99.4,104,0.630801687763713,0.953722334004024
"HENRTA_6_ELCTG1",3,NA,NA,NA,NA,NA,NA,NA
"HENRTA_6_ELCTG2",4,NA,NA,NA,NA,NA,NA,NA
"HENRTA_6_HDEBT1",37,NA,NA,NA,NA,NA,NA,NA
"HENRTA_6_SOLAR1",8,"Lemoore 1",191300,1,1.5,0.99,0,0.66
"HENRTA_6_SOLAR2",4,NA,NA,NA,NA,NA,NA,NA
"HENRTA_6_UNITA1",32,NA,NA,NA,NA,NA,NA,NA
"HENRTA_6_UNITA2",28,"GWF HENRIETTA PEAKER PLANT UNIT 2",917526,1,49.42,49.42,0.00849858356940514,1
"HENRTS_1_SOLAR",18,NA,NA,NA,NA,NA,NA,NA
"HERDLN_6_BYHSR1",12,"Byron Highway Solar",945442,1,5,2,1,0.4
"HIDSRT_2_UNITS",17,NA,NA,NA,NA,NA,NA,NA
"HIGGNS_1_COMBIE",14,NA,NA,NA,NA,NA,NA,NA
"HIGHDS_2_H5SBT1",35,NA,NA,NA,NA,NA,NA,NA
"HIGHDS_2_H5SSR1",10,"High 5 Solar",204700,2,100,110,0.233333333333333,1.8
"HINSON_6_LBECH1",9,NA,NA,NA,NA,NA,NA,NA
"HINSON_6_LBECH2",10,NA,NA,NA,NA,NA,NA,NA
"HINSON_6_LBECH3",10,"Long Beach Unit 3",860525,1,63,60,0.15,0.952380952380952
"HINSON_6_LBECH4",9,NA,NA,NA,NA,NA,NA,NA
"HINSON_6_SERRGN",2,NA,NA,NA,NA,NA,NA,NA
"HNTGBH_2_PL1X3",12,"Huntington Beach Energy",281995,1,673.8,700,0.0457072266831376,0.961116058177501
"HNTGBH_7_UNIT 2",21,"HUNTINGTON BEACH GEN STA. UNIT 2",213655,1,226.84,230,0.0164520743919886,0.986069476282843
"HOLGAT_1_BORAX",22,NA,NA,NA,NA,NA,NA,NA
"HOLSTR_1_SOLAR",4,NA,NA,NA,NA,NA,NA,NA
"HOLSTR_1_SOLAR2",1,NA,NA,NA,NA,NA,NA,NA
"HOOVER_2_MWDDYN",36,NA,NA,NA,NA,NA,NA,NA
"HOOVER_2_MWDPT",375,NA,NA,NA,NA,NA,NA,NA
"HOOVER_2_SCEPT",8,"Hoover DAM - SCE Share",228662,1,287,300,0.0802919708029197,0.954703832752613
"HOOVER_2_VEADYN",34,NA,NA,NA,NA,NA,NA,NA
"HOOVER_2_VEAPT",345,NA,NA,NA,NA,NA,NA,NA
"HOOV_2_ANAPT",8,NA,NA,NA,NA,NA,NA,NA
"HUMBPP_1_UNITS3",10,NA,NA,NA,NA,NA,NA,NA
"HUMBPP_6_UNITS",2,NA,NA,NA,NA,NA,NA,NA
"HURON_6_SOLAR",14,NA,NA,NA,NA,NA,NA,NA
"HYTTHM_2_UNITS",16,"HYATT-THERMALITO PUMP-GEN (AGGREGATE)",201337,9,933.1,847,0.886370195461105,8.1695423855964
"INDIGO_1_UNIT 1",20,NA,NA,NA,NA,NA,NA,NA
"INDIGO_1_UNIT 2",17,"INDIGO PEAKER UNIT 2",777334,1,45.3,50,0.0591133004926108,0.896247240618101
"INDIGO_1_UNIT 3",18,"INDIGO PEAKER UNIT 3",403796,1,45.3,62,0.0489510489510488,0.631346578366446
"INDVLY_1_UNITS",4,"Indian Valley Hydro",581105,1,3.01,3,1,0.996677740863787
"INTKEP_2_UNITS",1,NA,NA,NA,NA,NA,NA,NA
"INTMNT_3_ANAHEIM",3,"Intermountain Power Project",791910,1,234,235,0.0300429184549357,0.995726495726496
"INTMNT_3_PASADENA",5,"Intermountain Power Project",195432,2,107,136,0.320512820512821,1.45794392523365
"INTMNT_3_RIVERSIDE",4,NA,NA,NA,NA,NA,NA,NA
"INTTRB_6_UNIT",8,NA,NA,NA,NA,NA,NA,NA
"INYOKN_1_IKSSR1",41,NA,NA,NA,NA,NA,NA,NA
"INYOKN_1_IKSSR2",41,"Inyokern Solar 1281",779880,34,11.9,11,0.116577540106952,31.4285714285714
"IVANPA_1_UNIT1",450,NA,NA,NA,NA,NA,NA,NA
"IVANPA_1_UNIT2",33,NA,NA,NA,NA,NA,NA,NA
"IVANPA_1_UNIT3",425,NA,NA,NA,NA,NA,NA,NA
"IVSLR2_2_SM2SR1",22,NA,NA,NA,NA,NA,NA,NA
"IVSLRP_2_SOLAR1",23,NA,NA,NA,NA,NA,NA,NA
"IVWEST_2_SOLAR1",4,"Imperial Valley West ( Q # 608)",170587,3,150,133,0.300751879699248,2.66
"JACMSR_1_JACSR1",8,NA,NA,NA,NA,NA,NA,NA
"JANCRK_6_RCABT1",65,NA,NA,NA,NA,NA,NA,NA
"JAVASR_1_JAVSR1",8,"Java Solar",331315,1,13.5,20,1,0.518518518518519
"JAWBNE_2_NSRWND",7,NA,NA,NA,NA,NA,NA,NA
"JAWBNE_2_SRWND",8,NA,NA,NA,NA,NA,NA,NA
"JAWBNE_2_SRWWD2",6,"Sky River Wind Repower B",654441,1,30.2,29,0.137931034482759,0.960264900662252
"JAYNE_6_WLSLR",10,NA,NA,NA,NA,NA,NA,NA
"JOANEC_2_ST3BT3",18,NA,NA,NA,NA,NA,NA,NA
"JOANEC_2_STABT1",10,NA,NA,NA,NA,NA,NA,NA
"JOANEC_2_STABT2",20,NA,NA,NA,NA,NA,NA,NA
"JOHANN_2_JOSBT1",81,NA,NA,NA,NA,NA,NA,NA
"JOHANN_2_JOSBT2",77,NA,NA,NA,NA,NA,NA,NA
"JOHANN_2_OCEBT2",56,NA,NA,NA,NA,NA,NA,NA
"JOHANN_2_OCEBT3",44,NA,NA,NA,NA,NA,NA,NA
"JOHANN_2_T1BBT1",46,"Titanium 1 BESS",727309,2,1.4,1,0.2,1.42857142857143
"KANSAS_6_SOLAR",23,NA,NA,NA,NA,NA,NA,NA
"KEARNY_6_NESBT1",13,NA,NA,NA,NA,NA,NA,NA
"KEARNY_6_SESBT2",23,"Kearny South Energy Storage",456996,1,10,9.72,0.0123456790123458,0.972
"KEKAWK_6_UNIT",2,NA,NA,NA,NA,NA,NA,NA
"KELSO_2_UNITS",4,"Mariposa Energy",391808,1,198.03,168,0.255952380952381,0.848356309650053
"KELYRG_6_UNIT",14,NA,NA,NA,NA,NA,NA,NA
"KERKH2_7_UNIT 1",40,NA,NA,NA,NA,NA,NA,NA
"KERMAN_6_SOLAR1",1,NA,NA,NA,NA,NA,NA,NA
"KERMAN_6_SOLAR2",4,NA,NA,NA,NA,NA,NA,NA
"KERNEY_6_FCSSR1",17,"Fresno Community Solar",401817,1,10,10,1,1
"KERNFT_1_UNITS",15,"KERN FRONT LIMITED",225415,2,52.4,55,0.0200803212851406,1.90076335877863
"KERNRG_1_UNITS",3,"South Belridge Cogen Facility",135013,1,55.2,46,0.165217391304348,0.833333333333333
"KERRGN_1_UNIT 1",5,NA,NA,NA,NA,NA,NA,NA
"KINGCO_1_KINGBR",20,NA,NA,NA,NA,NA,NA,NA
"KINGRV_7_UNIT 1",101,"KINGS RIVER HYDRO UNIT 1",949253,5,51.2,49,0.4,4.78515625
"KIRKER_7_KELCYN",107,"KELLER CANYON LANDFILL GEN FACILICITY",135714,1,3.56,3.61,0.111111111111111,0.985955056179775
"KNGBRD_2_SOLAR1",18,NA,NA,NA,NA,NA,NA,NA
"KNGBRD_2_SOLAR2",11,"Kingbird Solar B",150919,4,20,20,0.2,4
"KNGCTY_6_UNITA1",30,NA,NA,NA,NA,NA,NA,NA
"KNTSTH_6_SOLAR",8,NA,NA,NA,NA,NA,NA,NA
"KNTSTH_6_WALSR1",12,NA,NA,NA,NA,NA,NA,NA
"KRAMER_1_R1BX3",74,NA,NA,NA,NA,NA,NA,NA
"KRAMER_1_R1PX3",82,NA,NA,NA,NA,NA,NA,NA
"KRAMER_1_R2BX2",65,"Resurgence 2 BESS",185626,32,40,49,0,24.8
"KRAMER_1_R2PX2",73,"Resurgence 2 PV",973878,53,48,50,0.0377358490566039,50.7916666666667
"KRAMER_2_SEGS 9",20,NA,NA,NA,NA,NA,NA,NA
"KRNCNY_6_UNIT",38,NA,NA,NA,NA,NA,NA,NA
"KYCORA_6_KMSBT1",39,"Kearny Mesa Storage",134131,10,1,1,0.8,10
"LACIEN_2_VENICE",1,NA,NA,NA,NA,NA,NA,NA
"LAGBEL_2_CBPBT1",20,NA,NA,NA,NA,NA,NA,NA
"LAKHDG_6_UNIT 1",8,NA,NA,NA,NA,NA,NA,NA
"LAKHDG_6_UNIT 2",8,NA,NA,NA,NA,NA,NA,NA
"LAMONT_1_SOLAR1",20,NA,NA,NA,NA,NA,NA,NA
"LAMONT_1_SOLAR2",19,NA,NA,NA,NA,NA,NA,NA
"LAMONT_1_SOLAR3",2,NA,NA,NA,NA,NA,NA,NA
"LAMONT_1_SOLAR4",12,NA,NA,NA,NA,NA,NA,NA
"LAMONT_1_SOLAR5",9,NA,NA,NA,NA,NA,NA,NA
"LAPLMA_2_UNIT 1",14,"La Paloma Generating Plant Unit #1",173114,2,267,224,0.151785714285714,1.67790262172285
"LAPLMA_2_UNIT 2",21,NA,NA,NA,NA,NA,NA,NA
"LAPLMA_2_UNIT 3",15,NA,NA,NA,NA,NA,NA,NA
"LAPLMA_2_UNIT 4",29,"LA PALOMA GENERATING PLANT, UNIT #4",482638,8,267,242,0.25,7.25093632958801
"LARKSP_6_UNIT 1",19,NA,NA,NA,NA,NA,NA,NA
"LARKSP_6_UNIT 2",16,NA,NA,NA,NA,NA,NA,NA
"LAROA2_2_UNITA1",7,"LR2",203395,2,322,275,0.294545454545455,1.70807453416149
"LASSEN_6_UNITS",46,"Honey Lake Power",851690,11,30,30,0.909090909090909,11
"LAWRNC_7_SUNYVL",1,NA,NA,NA,NA,NA,NA,NA
"LCKHT1_2_LH1BT1",51,"Lockhart Solar BESS 1",956804,1,45,46.42,0.0133088572739788,0.968444444444444
"LCKHT1_2_LH1SR1",88,"Lockhart Solar 1 PV",131086,32,65,63,0.440067693744164,31.0153846153846
"LCKHT1_2_LH1SR2",38,NA,NA,NA,NA,NA,NA,NA
"LEBECS_2_UNITS",17,NA,NA,NA,NA,NA,NA,NA
"LECEF_1_UNITS",11,"LOS ESTEROS ENERGY FACILITY AGGREGATE",451866,1,309.84,322,0.02579951625907,0.960753937516137
"LECONT_2_LESBT1",34,NA,NA,NA,NA,NA,NA,NA
"LEPRFD_1_KANSAS",2,NA,NA,NA,NA,NA,NA,NA
"LGHTHP_6_ICEGEN",34,NA,NA,NA,NA,NA,NA,NA
"LHILLS_6_SOLAR1",24,NA,NA,NA,NA,NA,NA,NA
"LILIAC_6_SOLAR",9,NA,NA,NA,NA,NA,NA,NA
"LITLRK_6_GBCSR1",3,"Green Beanworks C",155592,1,3,189,0,-61
"LITLRK_6_SOLAR2",6,NA,NA,NA,NA,NA,NA,NA
"LIVOAK_1_UNIT 1",9,"LIVE OAK LIMITED",170209,1,49.7,50,0,0.993963782696177
"LMBEPK_2_UNITA1",14,NA,NA,NA,NA,NA,NA,NA
"LMBEPK_2_UNITA2",31,NA,NA,NA,NA,NA,NA,NA
"LMBEPK_2_UNITA3",24,NA,NA,NA,NA,NA,NA,NA
"LMEC_1_PL1X3",7,NA,NA,NA,NA,NA,NA,NA
"LNCSTR_6_SOLAR2",3,"SEPV Sierra NGR",125901,1,8.25,14,1,0.303030303030303
"LOCKFD_1_BEARCK",1,NA,NA,NA,NA,NA,NA,NA
"LOCKFD_1_KSOLAR",2,NA,NA,NA,NA,NA,NA,NA
"LODI25_2_UNIT 1",121,NA,NA,NA,NA,NA,NA,NA
"LODI25_6_ERKNG1",4,"LODI STRATEGIC RESERVE",712630,1,47.97,1,1,0.020846362309777
"LODIEC_2_PL1X2",14,"Lodi Energy Center",658374,4,302.58,302.58,0.545574724039923,4
"LOTUS_6_LSFSR1",15,"Lotus Solar Farm",736984,6,50,54,0.0942028985507247,5.52
"LOWGAP_1_SUPHR",4,NA,NA,NA,NA,NA,NA,NA
"LOWGAP_7_QFUNTS",6,NA,NA,NA,NA,NA,NA,NA
"LTBEAR_1_LB3SR3",46,"Little Bear 3 Solar",565664,29,20,20,0,29
"LTBEAR_1_LB4SR4",47,NA,NA,NA,NA,NA,NA,NA
"LTBEAR_1_LB4SR5",45,NA,NA,NA,NA,NA,NA,NA
"LTBERA_1_LB1SR1",46,"Little Bear Solar 1",154578,33,40,40,0.25,33
"LVNGST_1_WTASR1",3,"West Tambo Clean Power II",661056,1,2,1,1,0.5
"MAGNLA_6_ANAHEIM",10,"Magnolia Power Plant Anaheim",199573,1,109,109,0.26605504587156,1
"MAGNLA_6_CERRITOS",6,"Magnolia Power Plant Cerritos",649909,2,12,12,0.5,2
"MAGNLA_6_COLTON",4,NA,NA,NA,NA,NA,NA,NA
"MAGNLA_6_PASADENA",7,"Magnolia Power Plant - PASADENA",993409,1,18,17,0.294117647058823,0.944444444444444
"MAGUND_1_BKISR1",7,NA,NA,NA,NA,NA,NA,NA
"MAGUND_1_BKSSR2",3,NA,NA,NA,NA,NA,NA,NA
"MALAGA_1_ACDBX2",2,NA,NA,NA,NA,NA,NA,NA
"MALAGA_1_AUCTG1",2,"Acid Unit 1",133364,1,55.3,205,1,-1.70705244122966
"MALAGA_1_AUCTG2",2,NA,NA,NA,NA,NA,NA,NA
"MALAGA_1_PL1X2",26,"Malaga Power Aggregate",345990,1,96.61,96.61,0.0350895352447986,1
"MALCHQ_7_UNIT 1",5,"MALACHA HYDRO L.P.",279536,1,32.5,50,0.8,0.461538461538462
"MANTEC_1_ML1SR1",4,NA,NA,NA,NA,NA,NA,NA
"MANZNA_2_WIND",4,"Manzana Wind",441240,1,189,100,0.72,0.529100529100529
"MARCPW_6_SOLAR1",34,NA,NA,NA,NA,NA,NA,NA
"MARTIN_1_SUNSET",4,"Sunset Reservoir - North Basin",106825,1,4.5,4.6,0.134090909090909,0.977777777777778
"MARVEL_2_MARBT3",25,"Marvel 2",193810,3,75,81,0.276069060805555,2.75827061649319
"MARVEL_2_MARBX2",50,NA,NA,NA,NA,NA,NA,NA
"MCARTH_6_FRIVRB",5,NA,NA,NA,NA,NA,NA,NA
"MCCALL_1_QF",1,NA,NA,NA,NA,NA,NA,NA
"MCFLND_5_MBSBX2",20,"McFarland Solar B Hybrid",498881,2,300,301,0.301003344481605,1.99333333333333
"MCFLND_5_MFAUXL1",3,"McFarland Solar",298329,1,6,84,1,-12
"MCFLND_5_MFSBT1",127,NA,NA,NA,NA,NA,NA,NA
"MCFLND_5_MFSSR1",131,"McFarland Solar A PV",784426,50,200,200,0.25,50
"MCFLND_5_MSBBX2",14,NA,NA,NA,NA,NA,NA,NA
"MCFLND_5_MSBSX2",108,"McFarland Solar B PV",111626,15,300,305,0.154802259887005,14.75
"MCSWAN_6_UNITS",24,"MC SWAIN HYDRO",347450,1,9,9.45,0,0.95
"MDFKRL_2_PROJCT",17,"MIDDLE FORK AND RALSTON PSP",364853,1,210,242,0.162921348314607,0.847619047619048
"MELRSE_6_MELBT1",5,NA,NA,NA,NA,NA,NA,NA
"MELRSE_6_MELBT2",5,NA,NA,NA,NA,NA,NA,NA
"MENBIO_6_RENEW1",13,"CalRENEW - 1(A)",816448,1,5,250,0,-48
"MERCED_1_SOLAR1",1,NA,NA,NA,NA,NA,NA,NA
"MERCED_1_SOLAR2",1,NA,NA,NA,NA,NA,NA,NA
"MERCFL_6_UNIT",9,NA,NA,NA,NA,NA,NA,NA
"METEC_2_PL1X3",14,"Metcalf Energy Center",178180,1,597.05,625,0.131787032156036,0.953186500293108
"MIDWD_2_WIND2",15,NA,NA,NA,NA,NA,NA,NA
"MIDWD_7_CORAMB",9,NA,NA,NA,NA,NA,NA,NA
"MIDWY3_2_MDSSR1",11,NA,NA,NA,NA,NA,NA,NA
"MIDWYS_2_MIDSL1",9,NA,NA,NA,NA,NA,NA,NA
"MILFRD_7_PASADENA",1,"Milford I",189472,1,5,4.05,0.506172839506173,0.81
"MIRLOM_2_CORONA",8,"MWD Corona Hydroelectric Recovery Plant",197371,1,2.85,25,0,-6.7719298245614
"MIRLOM_2_CREST",1,NA,NA,NA,NA,NA,NA,NA
"MIRLOM_2_LNDFL",2,"Milliken Landfill Solar",430455,1,3,1.91,1,0.636666666666667
"MIRLOM_2_MLBBTA",63,NA,NA,NA,NA,NA,NA,NA
"MIRLOM_2_MLBBTB",37,NA,NA,NA,NA,NA,NA,NA
"MIRLOM_2_ONTARO",1,NA,NA,NA,NA,NA,NA,NA
"MIRLOM_2_RTS032",1,NA,NA,NA,NA,NA,NA,NA
"MIRLOM_2_RTS033",1,NA,NA,NA,NA,NA,NA,NA
"MIRLOM_2_TEMESC",17,"MWD Temescal Hydroelectric Recovery Plan",847894,1,2.85,3,0.259259259259259,0.947368421052632
"MIRLOM_6_PEAKER",17,NA,NA,NA,NA,NA,NA,NA
"MIRLOM_7_MWDLKM",23,"Lake Mathews Hydroelectric Recovery Plan",587533,1,5,5.75,1,0.85
"MKTRCK_1_UNIT 1",4,"MCKITTRICK LIMITED",497303,1,47.72,57.25,0.74548311076198,0.800293378038558
"MNDALY_6_MCGRTH",14,"McGrath Beach Peaker",152042,1,48.56,50,0.0636672325976232,0.970345963756178
"MNDOTA_1_SOLAR1",26,"North Star Solar 1",148758,14,60,50,0.0714285714285715,11.6666666666667
"MNDOTA_1_SOLAR2",15,NA,NA,NA,NA,NA,NA,NA
"MOJAVE_1_SIPHON",32,NA,NA,NA,NA,NA,NA,NA
"MOJAVW_2_SOLAR",4,NA,NA,NA,NA,NA,NA,NA
"MONTPH_7_UNITS",6,NA,NA,NA,NA,NA,NA,NA
"MOORPK_2_ACOBT1",79,NA,NA,NA,NA,NA,NA,NA
"MOORPK_2_CALABS",37,NA,NA,NA,NA,NA,NA,NA
"MORWD_6_QF",2,"Morwind",122409,1,38.16,41,0.00906002265005645,0.925576519916142
"MOSSLD_2_PSP1",28,NA,NA,NA,NA,NA,NA,NA
"MOSSLD_2_PSP2",32,"MOSS LANDING POWER BLOCK 2",776408,2,510,530,0.372448979591837,1.92156862745098
"MRCHNT_2_PL1X3",7,"Desert Star Energy Center",305080,2,494.58,600,0.377942234556481,1.573698896033
"MRGT_6_MEF2",42,NA,NA,NA,NA,NA,NA,NA
"MRGT_6_MMAREF",43,NA,NA,NA,NA,NA,NA,NA
"MRGT_6_TGEBT1",46,"Top Gun Energy Storage",561427,2,30,25,0,1.66666666666667
"MRLSDS_6_SOLAR1",21,"Morelos Solar",819306,4,15,20,0.2875,2.66666666666667
"MSOLAR_2_MS4BT1",19,NA,NA,NA,NA,NA,NA,NA
"MSOLAR_2_MS4SR4",3,NA,NA,NA,NA,NA,NA,NA
"MSOLAR_2_SOLAR1",8,"Mesquite Solar 1",477057,8,165,200,0.111538461538461,6.3030303030303
"MSOLAR_2_SOLAR2",19,NA,NA,NA,NA,NA,NA,NA
"MSOLAR_2_SOLAR3",11,"Mesquite Solar 3, LLC",196895,7,152,150,0.5,6.90789473684211
"MSTANG_2_MTGBT1",76,"Mustang 1 BESS",844979,6,75,75.01,0.292127839267458,5.9992
"MSTANG_2_SOLAR",17,NA,NA,NA,NA,NA,NA,NA
"MSTANG_2_SOLAR3",31,NA,NA,NA,NA,NA,NA,NA
"MSTANG_2_SOLAR4",27,NA,NA,NA,NA,NA,NA,NA
"MTNPOS_1_UNIT",62,"MT.POSO COGENERATION CO.",839931,1,46.64,47,0.029170267934313,0.992281303602058
"MTWIND_1_MVPWD1",15,"Mountain View Power Project I Repower",267721,2,66.6,40,0,1.2012012012012
"MTWIND_1_UNIT 3",25,NA,NA,NA,NA,NA,NA,NA
"MURRAY_6_UNIT",13,"Grossmont Hospital",611820,1,4.12,1,1,0.242718446601942
"NAROW1_2_UNIT",5,"NARROWS PH 1 UNIT",338486,1,12,217,1,-16.0833333333333
"NAROW2_2_UNIT",7,NA,NA,NA,NA,NA,NA,NA
"NAVYII_2_UNITS",8,"COSO POWER DEVELOPER (NAVY II) AGGREGATE",624302,1,90,100,0.15625,0.888888888888889
"NCPA_7_GP1UN1",8,"NCPA GEO PLANT 1 UNIT 1",186225,1,38.85,38.85,0.0296010296010296,1
"NCPA_7_GP1UN2",14,NA,NA,NA,NA,NA,NA,NA
"NCPA_7_GP2UN3",3,NA,NA,NA,NA,NA,NA,NA
"NCPA_7_GP2UN4",16,"NCPA GEO PLANT 2 UNIT 4",106763,3,52.73,52.73,0.683924394715216,3
"NEENCH_6_SOLAR",7,NA,NA,NA,NA,NA,NA,NA
"NGILAA_5_SDGDYN",20,"NGILAA_5_SDGDYN",611344,3,57,61,0.215470253971936,2.75055821371611
"NHOGAN_6_UNITS",21,NA,NA,NA,NA,NA,NA,NA
"NOAKS_2_PESBT1",12,NA,NA,NA,NA,NA,NA,NA
"NORCNV_1_NCVBT1",21,"North Central Valley",314410,1,132,132,0.053030303030303,1
"NORORC_2_NOSBX2",2,"Northern Orchard Solar",340775,1,150,105,0.0952380952380952,0.7
"NOVATO_6_LNDFL",7,"Redwood Renewable Energy",327142,1,3.9,40.4,0,-8.35897435897436
"NWCSTL_7_UNIT 1",15,"NEWCASTLE HYDRO",151446,1,12,36,0,-1
"NZWIND_2_WDSTR5",13,NA,NA,NA,NA,NA,NA,NA
"NZWIND_6_CALWND",12,NA,NA,NA,NA,NA,NA,NA
"NZWIND_6_WDSTR",5,NA,NA,NA,NA,NA,NA,NA
"NZWIND_6_WDSTR2",6,NA,NA,NA,NA,NA,NA,NA
"NZWIND_6_WDSTR3",7,NA,NA,NA,NA,NA,NA,NA
"NZWIND_6_WDSTR4",8,"Windstream 6042",325131,1,6.77,100,0,-12.7710487444609
"OAK C_7_UNIT 1",1,NA,NA,NA,NA,NA,NA,NA
"OAK C_7_UNIT 3",2,NA,NA,NA,NA,NA,NA,NA
"OAK L_1_GTG1",5,"MWWTP PGS 2 - Turbine",256415,1,4.6,4.39,0.218678815489749,0.954347826086957
"OAKWD_6_QF",11,NA,NA,NA,NA,NA,NA,NA
"OAKWD_6_ZEPHWD",11,NA,NA,NA,NA,NA,NA,NA
"OASIS_6_AR4SR1",2,NA,NA,NA,NA,NA,NA,NA
"OASIS_6_AR4SR2",1,NA,NA,NA,NA,NA,NA,NA
"OASIS_6_AR4SR3",2,"Arrache 4013",110222,1,1.5,25,0,-14.6666666666667
"OASIS_6_AR8SR1",1,NA,NA,NA,NA,NA,NA,NA
"OASIS_6_AR8SR2",1,NA,NA,NA,NA,NA,NA,NA
"OASIS_6_AR8SR3",3,NA,NA,NA,NA,NA,NA,NA
"OASIS_6_CREST",1,NA,NA,NA,NA,NA,NA,NA
"OASIS_6_GBDSR4",6,NA,NA,NA,NA,NA,NA,NA
"OASIS_6_LPPSR1",6,NA,NA,NA,NA,NA,NA,NA
"OASIS_6_MA4SR1",3,"Ma 4035",201736,1,1.5,1,1,0.666666666666667
"OASIS_6_SOLAR1",1,NA,NA,NA,NA,NA,NA,NA
"OASIS_6_VINSR1",2,"Vinam",384409,1,1.5,25,1,-14.6666666666667
"OBERON_5_O1BBX2",117,NA,NA,NA,NA,NA,NA,NA
"OBERON_5_O1SSR3",110,NA,NA,NA,NA,NA,NA,NA
"OBERON_5_O1SSX2",87,NA,NA,NA,NA,NA,NA,NA
"OBERON_5_O2BBX2",128,"Oberon 2 BESS",556956,14,125,104.5,0.430622009569378,11.704
"OBERON_5_O2SSR4",151,NA,NA,NA,NA,NA,NA,NA
"OBERON_5_O2SSR5",114,"Oberon 2B Solar",576455,30,125,150,0.266666666666667,24
"OCOTLO_6_OCWSB1",43,NA,NA,NA,NA,NA,NA,NA
"OGROVE_6_PL1X2",29,NA,NA,NA,NA,NA,NA,NA
"OILFLD_7_QFUNTS",10,NA,NA,NA,NA,NA,NA,NA
"OLDRIV_6_BIOGAS",1,NA,NA,NA,NA,NA,NA,NA
"OLDRIV_6_CESDBM",61,NA,NA,NA,NA,NA,NA,NA
"OLDRIV_6_LKVBM1",114,"Lakeview Dairy Biogas",506583,2,1,1.05,0.0105263157894737,1.9
"OLDRV1_6_SOLAR",12,NA,NA,NA,NA,NA,NA,NA
"OLINDA_2_COYCRK",1,NA,NA,NA,NA,NA,NA,NA
"OLINDA_2_LNDFL2",6,NA,NA,NA,NA,NA,NA,NA
"OLIVEP_1_SOLAR",15,NA,NA,NA,NA,NA,NA,NA
"OLIVEP_1_SOLAR2",13,NA,NA,NA,NA,NA,NA,NA
"OLSEN_2_UNIT",20,"OLSEN POWER PARTNERS",206568,2,5.5,0.44,0.25,0.16
"OMAR_2_UNIT 1",28,NA,NA,NA,NA,NA,NA,NA
"OMAR_2_UNIT 2",29,"KERN RIVER COGENERATION CO. UNIT 2",176779,2,75,100,0.24,1.33333333333333
"OMAR_2_UNIT 3",22,"KERN RIVER COGENERATION CO. UNIT 3",184942,2,75,75,0.36,2
"OMAR_2_UNIT 4",31,"KERN RIVER COGENERATION CO. UNIT 4",159275,2,75,76,0.493243243243243,1.97333333333333
"ONLLPP_6_UNITS",4,NA,NA,NA,NA,NA,NA,NA
"ORLND_6_HIGHLI",1,NA,NA,NA,NA,NA,NA,NA
"ORLND_6_SOLAR1",1,NA,NA,NA,NA,NA,NA,NA
"ORMOND_7_UNIT 1",22,"ORMOND BEACH GEN STA. UNIT 1",985335,1,741.27,741.27,0.0117770852725728,1
"ORMOND_7_UNIT 2",25,"ORMOND BEACH GEN STA. UNIT 2",653256,1,750,750,0.01164,1
"OROLOM_1_SOLAR1",7,NA,NA,NA,NA,NA,NA,NA
"OROLOM_1_SOLAR2",9,NA,NA,NA,NA,NA,NA,NA
"OROVIL_6_UNIT",601,"Oroville Cogeneration, LP",175275,252,7.5,7.62,0.257699918269024,247.968
"ORTGA_6_ME1SL1",2,NA,NA,NA,NA,NA,NA,NA
"OSO_6_NSPIN",2,NA,NA,NA,NA,NA,NA,NA
"OTAY_6_ECVBT1",44,"EnerSmart Chula Vista 1",151937,5,3,0.92,0.152173913043478,1.53333333333333
"OTAY_6_ECVBT2",44,NA,NA,NA,NA,NA,NA,NA
"OTAY_6_PL1X2",64,NA,NA,NA,NA,NA,NA,NA
"OTMESA_2_PL1X3",17,"OTAY MESA ENERGY CENTER",590458,2,603.68,625,0.27536231884058,1.92936655181553
"OXBOW_6_DRUM",17,NA,NA,NA,NA,NA,NA,NA
"OXMTN_6_LNDFIL",95,NA,NA,NA,NA,NA,NA,NA
"PACLUM_6_UNIT",13,NA,NA,NA,NA,NA,NA,NA
"PADUA_2_ONTARO",6,NA,NA,NA,NA,NA,NA,NA
"PADUA_6_MWDSDM",1,NA,NA,NA,NA,NA,NA,NA
"PADUA_7_SDIMAS",20,NA,NA,NA,NA,NA,NA,NA
"PAIGES_6_SOLAR",11,"Paige Solar",131964,1,20,13.53,0.482631189948263,0.6765
"PALALT_7_COBUG",3,NA,NA,NA,NA,NA,NA,NA
"PALA_6_PGCBT1",11,"Pala Gomez Creek BESS",101363,1,10,11,0.787777777777778,0.9
"PALOMR_2_PL1X3",22,"Palomar Energy Center",876041,1,588.21,565,0.0619469026548672,0.960541303276041
"PALSEL_6_PLSBT1",12,"Paulsell Solar Energy Center BESS",557145,1,15,25,1,0.333333333333333
"PALSEL_6_PLSSR1",1,NA,NA,NA,NA,NA,NA,NA
"PANERO_2_MWPWD1",12,NA,NA,NA,NA,NA,NA,NA
"PARDEB_6_UNITS",42,"Pardee Power House",183275,31,30,29.1,0.812659350404611,30.07
"PARDSE_6_PESBT1",2,NA,NA,NA,NA,NA,NA,NA
"PBLOSM_2_SOLAR",13,NA,NA,NA,NA,NA,NA,NA
"PEABDY_2_LNDFIL",34,NA,NA,NA,NA,NA,NA,NA
"PEABDY_2_LNDFL1",64,NA,NA,NA,NA,NA,NA,NA
"PEARBL_2_NSPIN",4,"PEARBL_2_NSPIN",603374,1,118,72,1,0.610169491525424
"PEASE_1_TBEBT1",49,NA,NA,NA,NA,NA,NA,NA
"PEORIA_1_SOLAR",5,"Sonora 1",123980,1,1.5,200,0,-131.333333333333
"PGCC_1_PDRP06",1,NA,NA,NA,NA,NA,NA,NA
"PGCC_1_PDRP07",1,NA,NA,NA,NA,NA,NA,NA
"PGCC_1_PDRP09",1,NA,NA,NA,NA,NA,NA,NA
"PGCC_1_RDRR01",3,NA,NA,NA,NA,NA,NA,NA
"PGEB_2_PDRP12",1,NA,NA,NA,NA,NA,NA,NA
"PGEB_2_PDRP13",1,NA,NA,NA,NA,NA,NA,NA
"PGEB_2_PDRP14",1,NA,NA,NA,NA,NA,NA,NA
"PGEB_2_PDRP16",1,NA,NA,NA,NA,NA,NA,NA
"PGEB_2_RDRR01",3,NA,NA,NA,NA,NA,NA,NA
"PGEB_2_RDRR02",2,NA,NA,NA,NA,NA,NA,NA
"PGF1_2_PDRP05",1,NA,NA,NA,NA,NA,NA,NA
"PGF1_2_PDRP06",1,NA,NA,NA,NA,NA,NA,NA
"PGF1_2_PDRP12",1,NA,NA,NA,NA,NA,NA,NA
"PGF1_2_PDRP14",1,NA,NA,NA,NA,NA,NA,NA
"PGF1_2_PDRP15",1,NA,NA,NA,NA,NA,NA,NA
"PGF1_2_PDRP22",1,NA,NA,NA,NA,NA,NA,NA
"PGF1_2_PDRP23",1,NA,NA,NA,NA,NA,NA,NA
"PGF1_2_PDRP33",1,NA,NA,NA,NA,NA,NA,NA
"PGF1_2_RDRR01",3,NA,NA,NA,NA,NA,NA,NA
"PGFG_1_PDRP07",1,NA,NA,NA,NA,NA,NA,NA
"PGFG_1_PDRP08",1,NA,NA,NA,NA,NA,NA,NA
"PGFG_1_RDRR01",3,NA,NA,NA,NA,NA,NA,NA
"PGHB_6_PDRP03",1,NA,NA,NA,NA,NA,NA,NA
"PGKN_2_PDRP01",1,NA,NA,NA,NA,NA,NA,NA
"PGKN_2_PDRP03",1,NA,NA,NA,NA,NA,NA,NA
"PGKN_2_PDRP04",1,NA,NA,NA,NA,NA,NA,NA
"PGKN_2_RDRR02",3,NA,NA,NA,NA,NA,NA,NA
"PGNB_2_PDRP06",1,NA,NA,NA,NA,NA,NA,NA
"PGNB_2_PDRP07",1,NA,NA,NA,NA,NA,NA,NA
"PGNB_2_PDRP08",1,NA,NA,NA,NA,NA,NA,NA
"PGNB_2_PDRP44",1,NA,NA,NA,NA,NA,NA,NA
"PGNC_1_PDRP02",1,NA,NA,NA,NA,NA,NA,NA
"PGNC_1_RDRR02",3,NA,NA,NA,NA,NA,NA,NA
"PGNP_2_PDRP03",1,NA,NA,NA,NA,NA,NA,NA
"PGNP_2_PDRP04",1,NA,NA,NA,NA,NA,NA,NA
"PGNP_2_PDRP05",1,NA,NA,NA,NA,NA,NA,NA
"PGNP_2_PDRP06",1,NA,NA,NA,NA,NA,NA,NA
"PGNP_2_PDRP12",1,NA,NA,NA,NA,NA,NA,NA
"PGNP_2_PDRP13",1,NA,NA,NA,NA,NA,NA,NA
"PGNP_2_PDRP58",1,NA,NA,NA,NA,NA,NA,NA
"PGNP_2_RDRR02",3,"PGNP_2_RDRR02",870082,1,30.59,41,0.346878097125867,0.65969271003596
"PGNP_2_RDRR03",2,NA,NA,NA,NA,NA,NA,NA
"PGP2_2_PDRP09",1,NA,NA,NA,NA,NA,NA,NA
"PGP2_2_PDRP31",1,NA,NA,NA,NA,NA,NA,NA
"PGSB_1_PDRP106",1,NA,NA,NA,NA,NA,NA,NA
"PGSB_1_PDRP15",1,NA,NA,NA,NA,NA,NA,NA
"PGSB_1_PDRP18",1,NA,NA,NA,NA,NA,NA,NA
"PGSB_1_PDRP19",1,NA,NA,NA,NA,NA,NA,NA
"PGSB_1_PDRP20",1,"CBP PGSB_1_PDRP20",545257,1,0.11,56,1,-507.090909090909
"PGSB_1_RDRR02",3,NA,NA,NA,NA,NA,NA,NA
"PGSF_2_PDRP13",1,NA,NA,NA,NA,NA,NA,NA
"PGSF_2_PDRP14",1,NA,NA,NA,NA,NA,NA,NA
"PGSF_2_PDRP15",1,NA,NA,NA,NA,NA,NA,NA
"PGSI_1_PDRP04",1,NA,NA,NA,NA,NA,NA,NA
"PGSI_1_PDRP05",1,NA,NA,NA,NA,NA,NA,NA
"PGSI_1_PDRP08",1,NA,NA,NA,NA,NA,NA,NA
"PGSI_1_PDRP13",1,NA,NA,NA,NA,NA,NA,NA
"PGSI_1_PDRP18",1,NA,NA,NA,NA,NA,NA,NA
"PGSI_1_PDRP53",1,NA,NA,NA,NA,NA,NA,NA
"PGSI_1_RDRR02",3,NA,NA,NA,NA,NA,NA,NA
"PGST_2_PDRP02",1,NA,NA,NA,NA,NA,NA,NA
"PGST_2_PDRP04",1,NA,NA,NA,NA,NA,NA,NA
"PGST_2_PDRP05",1,NA,NA,NA,NA,NA,NA,NA
"PGST_2_PDRP06",1,NA,NA,NA,NA,NA,NA,NA
"PGST_2_PDRP12",1,NA,NA,NA,NA,NA,NA,NA
"PGST_2_PDRP42",1,NA,NA,NA,NA,NA,NA,NA
"PGST_2_RDRR01",3,NA,NA,NA,NA,NA,NA,NA
"PGZP_2_PDRP01",1,NA,NA,NA,NA,NA,NA,NA
"PGZP_2_PDRP03",1,NA,NA,NA,NA,NA,NA,NA
"PGZP_2_PDRP04",1,NA,NA,NA,NA,NA,NA,NA
"PGZP_2_PDRP05",1,"CBP PGZP_2_PDRP05",162883,1,0.8,25,1,-29.25
"PGZP_2_RDRR04",3,NA,NA,NA,NA,NA,NA,NA
"PHOENX_1_UNIT",89,"PHOENIX PH",462662,2,2,2,0.05,2
"PINFLT_7_UNITS",7,NA,NA,NA,NA,NA,NA,NA
"PIOPIC_2_CTG1",9,NA,NA,NA,NA,NA,NA,NA
"PIOPIC_2_CTG2",14,NA,NA,NA,NA,NA,NA,NA
"PIOPIC_2_CTG3",8,NA,NA,NA,NA,NA,NA,NA
"PIT1_6_FRIVRA",3,NA,NA,NA,NA,NA,NA,NA
"PIT1_7_UNIT 1",9,"PIT PH 1 UNIT 1",644274,1,32,22.5,0.2,0.703125
"PIT1_7_UNIT 2",12,"PIT PH 1 UNIT 2",184537,1,32,34,0.133333333333333,0.9375
"PIT3_7_PL1X3",8,"PIT PH 3 UNITS 1, 2 & 3 AGGREGATE",204333,1,70.6,71.9,0.0447330447330447,0.981586402266289
"PIT4_7_PL1X2",24,NA,NA,NA,NA,NA,NA,NA
"PIT5_7_PL1X2",58,"PIT PH 5 UNITS 1 & 2 AGGREGATE",877294,5,82,75,0.392,4.57317073170732
"PIT5_7_PL3X4",20,"PIT PH 5 UNITS 3 & 4 AGGREGATE",251994,3,82,40,0,1.46341463414634
"PIT5_7_QFUNTS",2,NA,NA,NA,NA,NA,NA,NA
"PIT6_7_UNIT 1",45,"PIT PH 6 UNIT 1",211495,18,39,39,0.404558404558405,18
"PIT6_7_UNIT 2",41,"PIT PH 6 UNIT 2",137216,20,40,40,0.56125,20
"PIT7_7_UNIT 1",18,"PIT PH 7 UNIT 1",152595,11,55.7,55.7,0.37620368859148,11
"PIT7_7_UNIT 2",28,NA,NA,NA,NA,NA,NA,NA
"PIUTE_6_GNBSR1",7,NA,NA,NA,NA,NA,NA,NA
"PLACVL_1_CHILIB",24,NA,NA,NA,NA,NA,NA,NA
"PLACVL_1_RCKCRE",2,NA,NA,NA,NA,NA,NA,NA
"PLAINV_6_BSOLAR",9,NA,NA,NA,NA,NA,NA,NA
"PLAINV_6_DSOLAR",6,NA,NA,NA,NA,NA,NA,NA
"PLAINV_6_NLRSR1",8,NA,NA,NA,NA,NA,NA,NA
"PLAINV_6_SOLAR3",4,NA,NA,NA,NA,NA,NA,NA
"PLAINV_6_SOLARC",9,NA,NA,NA,NA,NA,NA,NA
"PLMSSR_6_HISIER",44,"High Sierra Cogeneration Aggregate",200351,2,6,6,0.1775,2
"PLSNTG_7_LNCLND",11,"Lincoln Landfill Power Plant",905952,1,4.98,2,1,0.401606425702811
"PMDLET_6_SOLAR1",12,NA,NA,NA,NA,NA,NA,NA
"PMPJCK_1_RB2SLR",11,NA,NA,NA,NA,NA,NA,NA
"PMPJCK_1_SOLAR1",11,NA,NA,NA,NA,NA,NA,NA
"PMPJCK_1_SOLAR2",14,NA,NA,NA,NA,NA,NA,NA
"PNCHEG_2_PL1X4",11,NA,NA,NA,NA,NA,NA,NA
"PNCHPP_1_PL1X2",26,"Midway Peaking Aggregate",308877,2,119.91,75,0.246666666666667,1.25093820365274
"PNCHVS_2_SOLAR",3,"Panoche Valley Solar",162314,1,140,131,0.236641221374046,0.935714285714286
"PNOCHE_1_PL1X2",28,NA,NA,NA,NA,NA,NA,NA
"PNOCHE_1_UNITA1",57,"CalPeak Power Panoche Unit 1",166473,4,52.3,75,0.155405405405405,2.26386233269598
"POEPH_7_UNIT 1",11,"POE HYDRO UNIT 1",277710,2,68,61,0.337704918032787,1.79411764705882
"POEPH_7_UNIT 2",14,NA,NA,NA,NA,NA,NA,NA
"POLRIS_2_ASEBT1",77,NA,NA,NA,NA,NA,NA,NA
"POLRIS_2_ASESR1",100,"Antelope Solar 2 Estrella",133547,41,56,56,0.0975609756097561,41
"POLRIS_2_ASRBT1",80,NA,NA,NA,NA,NA,NA,NA
"POLRIS_2_ASRSR1",155,"Antelope Solar 2 Raceway",277359,82,125,125,0.024390243902439,82
"POTTER_6_UNITS",2,NA,NA,NA,NA,NA,NA,NA
"POTTER_7_VECINO",1,"Vecino Vineyards LLC",672940,1,1.25,1.27,0.121951219512195,0.984
"PRCTVY_1_MIGBT1",49,"Miguel BESS",439330,1,2,2,0,1
"PRIMM_2_SOLAR1",10,NA,NA,NA,NA,NA,NA,NA
"PROXSR_2_PROSR1",3,NA,NA,NA,NA,NA,NA,NA
"PROXSR_2_PS1BT1",33,NA,NA,NA,NA,NA,NA,NA
"PROXSR_2_PS1BT2",20,"Proxima Solar BESS 1B",959874,3,32,30,0.4,2.8125
"PROXSR_2_PS1SR2",13,NA,NA,NA,NA,NA,NA,NA
"PROXSR_2_PS2BT3",20,"Proxima Solar BESS 2",428559,2,90,90,0.0666666666666667,2
"PUTHCR_1_PCNSB1",34,NA,NA,NA,NA,NA,NA,NA
"PUTHCR_1_SOLAR1",6,"Putah Creek Solar Farm",294276,1,1.98,50,1,-23.2525252525253
"PWEST_1_UNIT",2,NA,NA,NA,NA,NA,NA,NA
"RAMON_2_SCEDYN",7,NA,NA,NA,NA,NA,NA,NA
"RATSKE_2_NROSR1",19,NA,NA,NA,NA,NA,NA,NA
"RATSKE_2_RBSSB1",28,NA,NA,NA,NA,NA,NA,NA
"RATSKE_2_RBSSB2",26,NA,NA,NA,NA,NA,NA,NA
"RATSKE_2_WAVBT1",1,NA,NA,NA,NA,NA,NA,NA
"RCKCRK_7_UNIT 1",30,"ROCK CREEK HYDRO UNIT 1",563888,1,57,60,0.0740740740740741,0.947368421052632
"RCKCRK_7_UNIT 2",90,"ROCK CREEK HYDRO UNIT 2",212542,37,56.9,42.8,0.934579439252336,27.8312829525483
"RDWAY_1_SCKSR1",26,NA,NA,NA,NA,NA,NA,NA
"RECTOR_2_CREST",2,NA,NA,NA,NA,NA,NA,NA
"RECTOR_2_IVANPV",1,NA,NA,NA,NA,NA,NA,NA
"RECTOR_2_KAWEAH",20,NA,NA,NA,NA,NA,NA,NA
"RECTOR_2_KAWH 1",17,"KAWEAH PH 1 UNIT 1",904345,1,2.25,3,0.286666666666667,0.666666666666667
"RECTOR_2_QF",16,NA,NA,NA,NA,NA,NA,NA
"RECTOR_2_TFDBM1",61,"Two Fiets Dairy Digester",211635,6,0.8,0.91,0.0338164251207731,5.175
"RECTOR_2_VISSR1",8,NA,NA,NA,NA,NA,NA,NA
"REDBLF_6_UNIT",4,NA,NA,NA,NA,NA,NA,NA
"REDOND_7_UNIT 5",12,"REDONDO GEN STA. UNIT 5",127137,1,178.87,166,0.0301204819277108,0.928048303236988
"REDOND_7_UNIT 6",10,"REDONDO GEN STA. UNIT 6",765103,1,174.29,175,0.0864154856550293,0.995926329680418
"REDOND_7_UNIT 8",9,"REDONDO GEN STA. UNIT 8",117971,1,480,508,0.0929203539823009,0.941666666666667
"REEDLY_6_SOLAR",1,"Terzian",524908,1,1.23,500,0,-404.50406504065
"RENWD_1_QF",6,"Renwind re-powering project",189796,1,10,5.9,0,0.59
"REXFRD_2_RSFBX2",14,"Rexford Solar Farm BESS",334381,5,240,150,0.08,3.125
"REXFRD_2_RSFSX2",130,NA,NA,NA,NA,NA,NA,NA
"RICHMN_1_CHVSR2",13,"Chevron 8.5",279660,2,8.5,9.5,0.2,1.76470588235294
"RICHMN_1_SOLAR",11,"Chevron 2",175717,2,2,1.63,0.776073619631902,1.63
"RICHMN_7_BAYENV",3,"BAY ENVIRONMENTAL (NOVE POWER)",800488,1,2.5,3.43,1,0.628
"RIOBRV_6_UNIT 1",31,"RIO BRAVO HYDRO",589439,1,14,13,0.846153846153846,0.928571428571429
"RNDMTN_2_SLSPHY1",2,NA,NA,NA,NA,NA,NA,NA
"RNDSBG_1_HZASR1",2,"Hazel A",814548,1,2.99,10.5,0,-1.51170568561873
"ROLLIN_6_UNIT",21,"ROLLINS HYDRO",135881,2,13.5,18,0.388888888888889,1.33333333333333
"ROMOLA_5_MPBBT1",53,NA,NA,NA,NA,NA,NA,NA
"ROMOLA_5_MPBBT2",30,NA,NA,NA,NA,NA,NA,NA
"ROMOLA_5_MPBBT3",36,NA,NA,NA,NA,NA,NA,NA
"ROMOLA_5_MPBBT4",20,NA,NA,NA,NA,NA,NA,NA
"ROSMDW_2_WIND1",5,NA,NA,NA,NA,NA,NA,NA
"ROSMND_6_SOLAR",5,"Lancaster B",915498,1,3,74,0,-22.6666666666667
"RSMSLR_6_SOLAR1",21,NA,NA,NA,NA,NA,NA,NA
"RSMSLR_6_SOLAR2",14,NA,NA,NA,NA,NA,NA,NA
"RTEDDY_2_RWSBT1",180,NA,NA,NA,NA,NA,NA,NA
"RTEDDY_2_RWSBT2",173,NA,NA,NA,NA,NA,NA,NA
"RTEDDY_2_RWSBT3",150,"Rosamond West Solar Central BESS A3",915712,23,45,50,0.608695652173913,20.4444444444444
"RTEDDY_2_RWSBT4",153,"Rosamond West Solar Central BESS B",124287,16,30,26,0.459134615384615,13.8666666666667
"RTEDDY_2_RWSBT5",149,"Rosamond West Solar Central BESS C",193527,22,12,9.5,0,17.4166666666667
"RTEDDY_2_SC1SR3",42,"Rosamond West Solar Clean",922006,18,40,40,0.111111111111111,18
"RTEDDY_2_SEBSR3",44,NA,NA,NA,NA,NA,NA,NA
"RTEDDY_2_SEBSR4",50,"Rosamond West Solar East Bay 4",115494,19,56,56,0.0526315789473685,19
"RTEDDY_2_SOLAR1",20,NA,NA,NA,NA,NA,NA,NA
"RTEDDY_2_SOLAR2",14,NA,NA,NA,NA,NA,NA,NA
"RTEDDY_2_SPASR4",44,NA,NA,NA,NA,NA,NA,NA
"RTEDDY_2_SRXSR4",46,NA,NA,NA,NA,NA,NA,NA
"RTREE_2_WIND1",2,"Rising Tree 1",157710,1,79.2,430,1,-3.42929292929293
"RTREE_2_WIND2",4,NA,NA,NA,NA,NA,NA,NA
"RTREE_2_WIND3",3,"Rising Tree 3",599767,1,99,68,1,0.686868686868687
"RUSCTY_2_UNITS",25,"Russell City Energy Center",174549,3,615.18,430,0.0697674418604651,2.09694723495562
"RUSSELL_2_SOLANO1",2,NA,NA,NA,NA,NA,NA,NA
"RVRVEW_1_UNITA1",26,"Riverview Energy Center (GP Antioch)",176644,1,48.7,49.5,0,0.983572895277207
"RVSIDE_2_RERCU3",19,NA,NA,NA,NA,NA,NA,NA
"RVSIDE_2_RERCU4",24,NA,NA,NA,NA,NA,NA,NA
"RVSIDE_6_RERCU1",22,NA,NA,NA,NA,NA,NA,NA
"RVSIDE_6_RERCU2",18,"Riverside Energy Res. Ctr Unit 2",121961,4,48.5,48.5,0.252319587628866,4
"RVSIDE_6_SPRING",10,"SPRINGS GENERATION PROJECT AGGREGATE",461606,4,36,30,0.4,3.33333333333333
"SALIRV_2_UNIT",27,"Salinas River Cogeneration",411064,3,39,27,0.555555555555555,2.07692307692308
"SALTSP_7_UNITS",20,NA,NA,NA,NA,NA,NA,NA
"SAMPSN_6_KELCO1",5,NA,NA,NA,NA,NA,NA,NA
"SANBRN_2_EESSB2",62,NA,NA,NA,NA,NA,NA,NA
"SANBRN_2_ES1BT3",54,"EdSan 1 Edwards 1",121745,2,50.43,75,0.0332559938128383,1.02558001189768
"SANBRN_2_ES2SB3",55,"EdSan 2 Sanborn 3",199482,2,42,25,0.1,1.19047619047619
"SANBRN_2_ESABT1",31,"EdSan 1A",161396,2,100,94,0.468085106382979,1.88
"SANBRN_2_ESBBT1",26,NA,NA,NA,NA,NA,NA,NA
"SANBRN_2_SS2BT3",58,"Sanborn Solar 2 SBESS 3",871298,3,169,158.4,0.120370370370371,2.81183431952663
"SANBRN_2_SS2BT4",71,"Sanborn Solar 2 SBESS 4",744292,5,47,50,0.0113636363636364,4.68085106382979
"SANBRN_2_SS2SB4",82,"Sanborn Solar 2 Edwards Sanborn S4",158082,39,36,33,0,35.75
"SANDLT_2_SUNITS",272,"Mojave Solar",292863,8,275,194,0.190721649484536,5.64363636363636
"SANDRN_2_SS1SR1",80,NA,NA,NA,NA,NA,NA,NA
"SANDRN_2_SS2SR2",5,"Sandrini Sol 2",182418,1,200,155,0.184838709677419,0.775
"SANLOB_1_LNDFIL",120,"Cold Canyon",214773,3,1.5,1.5,0,3
"SANTFG_7_UNITS",4,"GEYSERS CALISTOGA AGGREGATE",660372,1,72,350,1,-2.86111111111111
"SANTGO_2_LNDFL1",22,NA,NA,NA,NA,NA,NA,NA
"SANTGO_2_MABBT1",35,"Millikan Avenue BESS",122443,1,2,2,0,1
"SANWD_1_QF",12,"San Gorgonio Farms Wind Farm",806408,2,31,28,0.285714285714286,1.80645161290323
"SAUGUS_2_SPESBT1",76,NA,NA,NA,NA,NA,NA,NA
"SAUGUS_6_MWDFTH",4,NA,NA,NA,NA,NA,NA,NA
"SAUGUS_7_CHIQCN",7,NA,NA,NA,NA,NA,NA,NA
"SBERDO_2_PSP3",15,NA,NA,NA,NA,NA,NA,NA
"SBERDO_2_PSP4",27,"Mountainview Gen Sta. Unit 4",769353,2,555,450,0.266666666666667,1.62162162162162
"SBERDO_2_REDLND",1,NA,NA,NA,NA,NA,NA,NA
"SBERDO_2_RTS005",1,NA,NA,NA,NA,NA,NA,NA
"SBERDO_2_RTS007",1,NA,NA,NA,NA,NA,NA,NA
"SBERDO_2_RTS011",2,NA,NA,NA,NA,NA,NA,NA
"SBERDO_2_RTS013",2,NA,NA,NA,NA,NA,NA,NA
"SBERDO_2_RTS016",2,NA,NA,NA,NA,NA,NA,NA
"SBERDO_2_RTS048",1,NA,NA,NA,NA,NA,NA,NA
"SBERDO_2_SNTANA",13,NA,NA,NA,NA,NA,NA,NA
"SBERDO_6_MILLCK",7,"MILL CREEK PSP",368224,1,3.93,4,1,0.982188295165394
"SCARLT_2_SS2BT1",13,"Scarlet Solar 2 BESS",679882,1,150,171,0.0310077519379844,0.86
"SCARLT_2_SS2SR1",6,"Scarlet Solar 2 PV",231017,1,200,200,0,1
"SCARLT_2_SSABT1",115,NA,NA,NA,NA,NA,NA,NA
"SCARLT_2_SSASR1",90,"Scarlet Solar CA 1A PV",278131,17,100,100,0.0294117647058824,17
"SCARLT_2_SSBBT1",123,NA,NA,NA,NA,NA,NA,NA
"SCARLT_2_SSBSR1",131,NA,NA,NA,NA,NA,NA,NA
"SCEC_1_PDRP124",10,NA,NA,NA,NA,NA,NA,NA
"SCEC_1_PDRP16",5,NA,NA,NA,NA,NA,NA,NA
"SCEC_1_PDRP17",4,"CBP-DO-C-LSCE",175361,1,6.22,120,1,-17.2926045016077
"SCEC_1_PDRP173",10,NA,NA,NA,NA,NA,NA,NA
"SCEC_1_PDRP60",3,NA,NA,NA,NA,NA,NA,NA
"SCEC_1_RDRR08",6,NA,NA,NA,NA,NA,NA,NA
"SCEC_1_RDRR35",1,NA,NA,NA,NA,NA,NA,NA
"SCEC_1_RDRR36",1,NA,NA,NA,NA,NA,NA,NA
"SCEC_1_RDRR37",1,NA,NA,NA,NA,NA,NA,NA
"SCEC_1_RDRR38",2,"SDP-C-4-LSCE",108268,1,55.83,211,1,-1.77933010926025
"SCEC_1_RDRR39",1,NA,NA,NA,NA,NA,NA,NA
"SCEHOV_2_HOOVER",2,"SCEHOV_2_HOOVER",144033,1,287.01,287,0.477351916376307,0.999965158008432
"SCEN_6_RDRR02",4,"BIP-API-N-LSE",570814,1,75,75,0.746666666666667,1
"SCEN_6_RDRR12",1,NA,NA,NA,NA,NA,NA,NA
"SCEW_2_PDRP03",11,NA,NA,NA,NA,NA,NA,NA
"SCEW_2_PDRP09",12,NA,NA,NA,NA,NA,NA,NA
"SCEW_2_PDRP10",20,"LCR AMS Hybrid Irvine 2-W-LSCE",333327,1,2.5,2,0,0.8
"SCEW_2_PDRP114",10,NA,NA,NA,NA,NA,NA,NA
"SCEW_2_PDRP12",5,NA,NA,NA,NA,NA,NA,NA
"SCEW_2_PDRP159",11,NA,NA,NA,NA,NA,NA,NA
"SCEW_2_PDRP160",12,NA,NA,NA,NA,NA,NA,NA
"SCEW_2_PDRP163",9,NA,NA,NA,NA,NA,NA,NA
"SCEW_2_PDRP167",11,"LCR AMS Hybrid West LA 1-W-2-SCE",124493,1,9.42,10,0.72022572022572,0.938428874734607
"SCEW_2_PDRP35",4,NA,NA,NA,NA,NA,NA,NA
"SCEW_2_PDRP85",4,NA,NA,NA,NA,NA,NA,NA
"SCEW_2_PDRP89",2,NA,NA,NA,NA,NA,NA,NA
"SCEW_2_RDRR08",4,NA,NA,NA,NA,NA,NA,NA
"SCEW_2_RDRR25",1,NA,NA,NA,NA,NA,NA,NA
"SCEW_2_RDRR26",1,NA,NA,NA,NA,NA,NA,NA
"SCHD_1_RDRR08",4,NA,NA,NA,NA,NA,NA,NA
"SCHD_1_RDRR11",1,NA,NA,NA,NA,NA,NA,NA
"SCHLTE_1_PL1X3",17,"Tracy Combined Cycle Power Plant",530568,2,336.04,400,0.154660394001764,1.61933103202
"SCHNDR_1_FIVPTS",5,"Five Points Solar Station",120392,1,15,7,0.6,0.466666666666667
"SCHNDR_1_WSTSDE",10,NA,NA,NA,NA,NA,NA,NA
"SCNW_6_PDRP05",4,NA,NA,NA,NA,NA,NA,NA
"SCNW_6_PDRP57",5,NA,NA,NA,NA,NA,NA,NA
"SCNW_6_PDRP61",20,NA,NA,NA,NA,NA,NA,NA
"SCNW_6_RDRR08",4,NA,NA,NA,NA,NA,NA,NA
"SCNW_6_RDRR10",1,NA,NA,NA,NA,NA,NA,NA
"SEARLS_1_TS3SR1",81,"Trona Solar III",714921,2,2,2,1,2
"SEARLS_7_ARGUS",4,NA,NA,NA,NA,NA,NA,NA
"SEGS_1_SR2SL2",16,NA,NA,NA,NA,NA,NA,NA
"SENTNL_2_CTG1",21,"Sentinel Unit 1",568837,2,107.68,104.16,0.395161290322581,1.93462109955423
"SENTNL_2_CTG2",16,NA,NA,NA,NA,NA,NA,NA
"SENTNL_2_CTG3",8,NA,NA,NA,NA,NA,NA,NA
"SENTNL_2_CTG4",23,NA,NA,NA,NA,NA,NA,NA
"SENTNL_2_CTG5",18,NA,NA,NA,NA,NA,NA,NA
"SENTNL_2_CTG6",15,NA,NA,NA,NA,NA,NA,NA
"SENTNL_2_CTG7",10,"Sentinel Unit 7",627030,1,106.73,60,0.166666666666667,0.56216621381055
"SENTNL_2_CTG8",19,NA,NA,NA,NA,NA,NA,NA
"SGREGY_6_SANGER",20,"Algonquin Power Sanger 2",555191,1,48.3,48.35,0.00518134715025886,0.998964803312629
"SHAFTR_1_HWYSR1",14,NA,NA,NA,NA,NA,NA,NA
"SHANDN_2_SBBBM1",15,NA,NA,NA,NA,NA,NA,NA
"SHELRF_1_UNITS",1,NA,NA,NA,NA,NA,NA,NA
"SHUTLE_6_CREST",1,NA,NA,NA,NA,NA,NA,NA
"SHUTLE_6_RUISR1",1,"Rutan 1",149369,1,1.5,175,1,-114.666666666667
"SHUTLE_6_RUISR2",1,NA,NA,NA,NA,NA,NA,NA
"SHUTLE_6_RUISR3",1,NA,NA,NA,NA,NA,NA,NA
"SIERRA_1_UNITS",10,NA,NA,NA,NA,NA,NA,NA
"SIGHEB_6_HE2SCEDYN",1,NA,NA,NA,NA,NA,NA,NA
"SIGHEB_6_MIRDYN",6,"Heber South",222735,1,17,10.4,0.907692307692308,0.611764705882353
"SISPRG_2_DS3BT1",143,NA,NA,NA,NA,NA,NA,NA
"SISPRG_2_DS3BT2",41,"Daggett Solar 3 b BESS",917893,3,60,60,0.183333333333333,3
"SISPRG_2_DS3BT3",84,NA,NA,NA,NA,NA,NA,NA
"SISPRG_2_DS3BT4",151,NA,NA,NA,NA,NA,NA,NA
"SISPRG_2_DS3SR1",178,"Daggett Solar 3 a PV",152145,77,123,105,0.307359307359307,65.7317073170732
"SISPRG_2_DS3SR2",14,NA,NA,NA,NA,NA,NA,NA
"SISPRG_2_DS3SR3",136,NA,NA,NA,NA,NA,NA,NA
"SISPRG_2_DS3SR4",132,NA,NA,NA,NA,NA,NA,NA
"SKERN_6_SOLAR1",34,NA,NA,NA,NA,NA,NA,NA
"SKERN_6_SOLAR2",26,NA,NA,NA,NA,NA,NA,NA
"SLATE_2_SLASR1",71,"Slate",997249,9,50.5,50.5,0.204928492849285,9
"SLATE_2_SLASR2",102,NA,NA,NA,NA,NA,NA,NA
"SLATE_2_SLASR3",100,NA,NA,NA,NA,NA,NA,NA
"SLATE_2_SLASR4",142,"SLATE_4",288336,7,63,67.5,0.145299145299145,6.5
"SLATE_2_SLASR5",246,NA,NA,NA,NA,NA,NA,NA
"SLRMS3_2_SRMSR1",30,"SILVER RIDGE MOUNT SIGNAL 3",107681,11,250,223.6,0.28850219547894,9.8384
"SLST13_2_SOLAR1",25,NA,NA,NA,NA,NA,NA,NA
"SLSTR1_2_SOLAR1",9,"Solar Star 1",126469,2,310,374,0.371951219512195,1.58709677419355
"SLSTR2_2_SOLAR2",22,NA,NA,NA,NA,NA,NA,NA
"SLUISP_2_UNITS",6,"SAN LUIS (GIANELLI) PUMP-GEN (AGGREGATE)",286209,1,374.43,378,0.0562476406191016,0.990465507571509
"SLYCRK_1_UNIT 1",21,"SLY CREEK HYDRO",434763,5,13,10.57,0.791863765373699,4.06538461538462
"SMPRIP_1_SMPSON",19,NA,NA,NA,NA,NA,NA,NA
"SMRCOS_6_LNDFIL",1,NA,NA,NA,NA,NA,NA,NA
"SMUDGO_7_UNIT 1",3,NA,NA,NA,NA,NA,NA,NA
"SMYRNA_1_DL1SR1",5,NA,NA,NA,NA,NA,NA,NA
"SNCLRA_2_HOWLNG",70,NA,NA,NA,NA,NA,NA,NA
"SNCLRA_2_SILBT1",158,NA,NA,NA,NA,NA,NA,NA
"SNCLRA_2_UNIT",2,NA,NA,NA,NA,NA,NA,NA
"SNCLRA_2_UNIT1",34,NA,NA,NA,NA,NA,NA,NA
"SNCLRA_2_VESBT1",37,NA,NA,NA,NA,NA,NA,NA
"SNCLRA_6_OXGEN",20,"OXGEN",426166,4,47.7,47.7,0.756813417190776,4
"SNCLRA_6_PROCGN",35,"Procter and Gamble Oxnard 2",462999,1,47.9,47,0.0255319148936171,0.981210855949896
"SNCLRA_6_QF",1,NA,NA,NA,NA,NA,NA,NA
"SNDBAR_7_UNIT 1",22,NA,NA,NA,NA,NA,NA,NA
"SNMALF_6_UNITS",6,NA,NA,NA,NA,NA,NA,NA
"SNORA_2_SNRSLR",11,NA,NA,NA,NA,NA,NA,NA
"SOLBLU_2_WSBBX2",31,"Westlands Solar Blue BESS",530607,3,225,242,0.230769230769231,2.77333333333333
"SOLBLU_2_WSBSX2",19,NA,NA,NA,NA,NA,NA,NA
"SOUTH_2_UNIT",24,NA,NA,NA,NA,NA,NA,NA
"SPAULD_6_UNIT 3",24,"SPAULDING HYDRO PH 3 UNIT",885000,2,6.5,11.7,0.230769230769231,0.4
"SPAULD_6_UNIT12",6,"SPAULDING HYDRO PH 1 & 2 AGGREGATE",212534,1,11.4,10.77,0.203342618384401,0.944736842105263
"SPBURN_2_UNIT 1",46,"Burney Biomass",759770,1,22,24,0.15,0.909090909090909
"SPBURN_7_SNOWMT",25,NA,NA,NA,NA,NA,NA,NA
"SPI LI_2_UNIT 1",25,NA,NA,NA,NA,NA,NA,NA
"SPIAND_1_ANDSN2",29,NA,NA,NA,NA,NA,NA,NA
"SPICER_1_UNITS",38,"SPICER HYDRO UNITS 1-3 AGGREGATE",181860,10,6,6,0.933333333333333,10
"SPIFBD_1_PL1X2",79,NA,NA,NA,NA,NA,NA,NA
"SPOINT_2_MEADDYN",2,NA,NA,NA,NA,NA,NA,NA
"SPOINT_2_PARKERDYN",2,"Southpoint Energy Center",296394,1,200,12.39,1,0.0619499999999999
"SPQUIN_6_SRPCQU",37,NA,NA,NA,NA,NA,NA,NA
"SPRGAP_1_UNIT 1",40,NA,NA,NA,NA,NA,NA,NA
"SPRGVL_2_EXETPV",2,NA,NA,NA,NA,NA,NA,NA
"SPRGVL_2_LINDPV",2,NA,NA,NA,NA,NA,NA,NA
"SPRGVL_2_PORTPV",1,NA,NA,NA,NA,NA,NA,NA
"SPRGVL_2_SUCCES",8,NA,NA,NA,NA,NA,NA,NA
"SPRGVL_2_TULESC",1,NA,NA,NA,NA,NA,NA,NA
"SRINTL_6_UNIT",3,NA,NA,NA,NA,NA,NA,NA
"STANIS_7_UNIT 1",16,"STANISLAUS HYDRO",105576,2,91,91,0.642857142857143,2
"STANTN_2_SBEBX2",53,NA,NA,NA,NA,NA,NA,NA
"STANTN_2_STAGT1",18,NA,NA,NA,NA,NA,NA,NA
"STANTN_2_STAGT2",17,"Stanton 2",164708,1,49.65,41,0.146341463414634,0.825780463242699
"STIGCT_2_LODI",147,NA,NA,NA,NA,NA,NA,NA
"STNRES_1_UNIT",14,"Covanta Stanislaus",142368,1,19.9,25,0.675675675675676,0.743718592964824
"STOILS_1_UNITS",11,"Chevron Richmond Refinery",863132,1,56.2,128,0,-0.277580071174377
"STOREY_2_MDRCH2",2,NA,NA,NA,NA,NA,NA,NA
"STRAUS_1_STRWD1",8,NA,NA,NA,NA,NA,NA,NA
"STROUD_6_SOLAR",5,NA,NA,NA,NA,NA,NA,NA
"STROUD_6_WWHSR1",24,NA,NA,NA,NA,NA,NA,NA
"SUMWHT_6_SWSSR1",6,NA,NA,NA,NA,NA,NA,NA
"SUNCAT_2_A1ABT1",57,NA,NA,NA,NA,NA,NA,NA
"SUNCAT_2_A1BBT1",45,"Arlington Solar Unit 1B BESS",208011,2,63,55.83,0.435787211176787,1.77238095238095
"SUNCAT_2_A2ABT2",22,NA,NA,NA,NA,NA,NA,NA
"SUNCAT_2_A2BSR2",22,NA,NA,NA,NA,NA,NA,NA
"SUNRIS_2_PL1X3",11,"Sunrise Power Project AGGREGATE II",172074,1,586.02,586,0.0579522184300342,0.999965871471963
"SUNSHN_2_LNDFL",51,NA,NA,NA,NA,NA,NA,NA
"SUNSLR_1_SSVSR1",23,NA,NA,NA,NA,NA,NA,NA
"SUNSPT_2_WNASR1",15,NA,NA,NA,NA,NA,NA,NA
"SUNST2_5_SS2SR1",22,NA,NA,NA,NA,NA,NA,NA
"SUNSTR_5_SS1SCEDYN",10,NA,NA,NA,NA,NA,NA,NA
"SUTTER_2_CISO",50,NA,NA,NA,NA,NA,NA,NA
"SYCAMR_2_UNIT 1",28,"Sycamore Cogeneration Unit 1",598138,1,74,74,0,1
"SYCAMR_2_UNIT 2",36,NA,NA,NA,NA,NA,NA,NA
"SYCAMR_2_UNIT 3",24,"Sycamore Cogeneration Unit 3",761564,2,74,56,0.267857142857143,1.51351351351351
"SYCAMR_2_UNIT 4",33,NA,NA,NA,NA,NA,NA,NA
"S_RITA_6_SOLAR1",1,NA,NA,NA,NA,NA,NA,NA
"TAHOE_2_THOBT1",31,"Tahoe 1",144713,6,60,52.5,0.571428571428571,5.25
"TAHOE_2_THOBT2",18,NA,NA,NA,NA,NA,NA,NA
"TAHOE_2_THOBT3",24,"Tahoe 3",121702,2,110,100,0.39,1.81818181818182
"TANHIL_6_SOLART",16,"Berry Cogen 18",134471,1,17,27.2,1,0.4
"TBLMTN_6_QF",35,"SMALL QF AGGREGATION - PARADISE",181331,1,1.7,1.76,0.0365853658536587,0.964705882352941
"TECOLOTE_3_WBDYN",8,"TECOLOTE WIND",101153,1,271.68,295,0.0201320663552907,0.914163722025913
"TEHAPI_2_PW1WD1",11,NA,NA,NA,NA,NA,NA,NA
"TEHAPI_2_PW2WD2",10,"Point Wind 2",193972,1,14.4,19.85,0.425698324022346,0.621527777777778
"TEHAPI_2_WIND1",21,NA,NA,NA,NA,NA,NA,NA
"TEHAPI_2_WIND2",26,NA,NA,NA,NA,NA,NA,NA
"TENGEN_2_PL1X2",13,"Placerita Canyon Cogen",512382,2,37.7,53.5,0.191780821917808,1.16180371352785
"TERMEX_2_PL1X3",16,"TDM",509317,4,625,625,0.78,4
"TIDWTR_2_UNITS",2,NA,NA,NA,NA,NA,NA,NA
"TIFFNY_1_DILLON",22,NA,NA,NA,NA,NA,NA,NA
"TIGRCK_7_UNITS",13,"TIGER CREEK HYDRO AGGREGATE",506140,2,62,50,0.5,1.61290322580645
"TITANS_2_TTSSR1",26,NA,NA,NA,NA,NA,NA,NA
"TKOPWR_6_HYDRO",8,"Bear Creek Hydroelectric Project",110775,1,2.83,2.73,0.0952380952380952,0.964664310954064
"TOADTW_6_UNIT",27,NA,NA,NA,NA,NA,NA,NA
"TOPAZ_2_SOLAR",10,"Topaz Solar Farms",192081,3,550,375,0.301333333333333,2.04545454545455
"TORTLA_1_SOLAR",16,NA,NA,NA,NA,NA,NA,NA
"TOWNSITE_2_MEADDYN",29,"Townsite Solar BESS",530129,4,180,176,0.318181818181818,3.91111111111111
"TRNQL8_2_AMASR1",14,NA,NA,NA,NA,NA,NA,NA
"TRNQL8_2_AZUSR1",13,NA,NA,NA,NA,NA,NA,NA
"TRNQL8_2_ROJSR1",20,NA,NA,NA,NA,NA,NA,NA
"TRNQL8_2_VERSR1",16,NA,NA,NA,NA,NA,NA,NA
"TRNQLT_2_RETBT1",85,"RE Tranquillity BESS",670696,3,72,78,0.154090909090909,2.75
"TRNQLT_2_SOLAR",4,"Tranquillity",123202,1,200,123,0.024390243902439,0.615
"TRNSWD_1_QF",1,NA,NA,NA,NA,NA,NA,NA
"TULARE_2_TFCBM1",32,"LB Trigen Fuel Cell 1",257250,1,2.8,2,0.635,0.714285714285714
"TULEWD_1_TULWD1",8,NA,NA,NA,NA,NA,NA,NA
"TULLCK_7_UNITS",21,"Tullock Hydro",134646,15,25.9,25.9,0.63963963963964,15
"TUMBWD_2_WISBT3",106,NA,NA,NA,NA,NA,NA,NA
"TUMBWD_2_WISBT4",115,NA,NA,NA,NA,NA,NA,NA
"TUPMAN_1_BIOGAS",11,NA,NA,NA,NA,NA,NA,NA
"TVYVLY_6_KRSHY1",9,"Kings River Syphon",177834,1,1.3,486,1,-371.846153846154
"TWISSL_6_SOLAR",3,NA,NA,NA,NA,NA,NA,NA
"TWISSL_6_SOLAR1",6,"Coronal Lost Hills",555216,1,20,219.7,0,-8.985
"TX-ELK_6_ECKSR2",2,NA,NA,NA,NA,NA,NA,NA
"TX-ELK_6_SOLAR1",4,"Castor",978009,1,1.5,2,1,0.666666666666667
"TXMCKT_6_UNIT",29,NA,NA,NA,NA,NA,NA,NA
"UKIAH_7_LAKEMN",30,"UKIAH LAKE MENDOCINO HYDRO",163157,1,3.5,3.5,0.428571428571429,1
"ULTPCH_1_UCSBT1",8,NA,NA,NA,NA,NA,NA,NA
"ULTPCH_1_UNIT 1",50,NA,NA,NA,NA,NA,NA,NA
"ULTPFR_1_UNIT 1",58,"Rio Bravo Fresno",364961,1,24.3,25,0,0.97119341563786
"ULTRCK_2_UNIT",39,"Rio Bravo Rocklin",206861,1,24.4,25,0.546218487394958,0.975409836065574
"UNCHEM_1_UNIT",1,NA,NA,NA,NA,NA,NA,NA
"UNVRSY_1_UNIT 1",27,"Berry Cogen 38 - Unit 1",723238,1,38,38,0.0526315789473684,1
"USWND2_1_WIND1",4,NA,NA,NA,NA,NA,NA,NA
"USWND2_1_WIND2",3,"Golden Hills B",132195,1,42.96,77,1,0.207635009310987
"USWND2_1_WIND3",2,"Golden Hills C",167179,1,46,62,0.966666666666667,0.652173913043478
"USWND4_2_UNIT2",2,NA,NA,NA,NA,NA,NA,NA
"USWNDR_2_LABWD1",4,NA,NA,NA,NA,NA,NA,NA
"USWNDR_2_SMUD2",3,"Solano Wind Project Phase 3",970587,2,127.8,127.8,0.52660406885759,2
"USWPFK_6_FRICK",19,"Frick Summit Wind Repower",166958,7,10,10,0.857142857142857,7
"USWPJR_2_UNITS",10,"Vasco Wind",145433,1,78.2,75,0.0346666666666666,0.959079283887468
"VACADX_1_SOLAR",8,NA,NA,NA,NA,NA,NA,NA
"VACADX_1_UNITA1",29,"CalPeak Power Vaca Dixon Unit 1",935836,1,51.91,50,0.0156000000000001,0.963205548063957
"VALLEY_5_PERRIS",6,NA,NA,NA,NA,NA,NA,NA
"VALLEY_5_REDMTN",7,NA,NA,NA,NA,NA,NA,NA
"VALLEY_5_SOLAR2",4,NA,NA,NA,NA,NA,NA,NA
"VALTNE_2_AVASR1",7,"Valentine Solar",118279,2,100,100,0.26,2
"VALTNE_2_TBBBT1",12,NA,NA,NA,NA,NA,NA,NA
"VALTNE_2_TRSBT1",7,NA,NA,NA,NA,NA,NA,NA
"VALTNE_2_TSASR1",1,NA,NA,NA,NA,NA,NA,NA
"VALTNE_2_TSASR2",1,NA,NA,NA,NA,NA,NA,NA
"VALTNE_2_TSBBT1",1,"Tropico Solar Big Beau B",510425,1,18,2,1,0.111111111111111
"VALTNE_2_TSBBT2",1,NA,NA,NA,NA,NA,NA,NA
"VEGA_6_SOLAR1",17,"Vega Solar",181841,4,20,20,0.492625,4
"VENWD_1_WIND3",3,"Painted Hills",171401,1,44.53,25,1,0.561419267909275
"VERNON_6_GONZL1",17,"H. Gonzales Unit #1",256419,1,5.75,4,0,0.695652173913043
"VERNON_6_GONZL2",22,NA,NA,NA,NA,NA,NA,NA
"VERNON_6_MALBRG",17,"Malburg Generating Station",117281,2,139,139,0.528776978417266,2
"VESTAL_2_BTNBT1",8,"Bottleneck Energy Storage",255706,1,80,80,0.0625,1
"VESTAL_2_KERN",7,NA,NA,NA,NA,NA,NA,NA
"VESTAL_2_RTS042",1,NA,NA,NA,NA,NA,NA,NA
"VESTAL_2_SOLAR1",6,"NICOLIS",214685,1,20,20,0.65,1
"VESTAL_2_SOLAR2",5,NA,NA,NA,NA,NA,NA,NA
"VESTAL_2_TS5SR1",40,NA,NA,NA,NA,NA,NA,NA
"VESTAL_2_UNIT1",1,NA,NA,NA,NA,NA,NA,NA
"VESTAL_2_WELLHD",48,NA,NA,NA,NA,NA,NA,NA
"VESTAL_6_QF",17,NA,NA,NA,NA,NA,NA,NA
"VICPAS_2_SLOBT1",100,NA,NA,NA,NA,NA,NA,NA
"VICPAS_2_SLOSR1",88,NA,NA,NA,NA,NA,NA,NA
"VICPAS_2_SOCBT1",116,NA,NA,NA,NA,NA,NA,NA
"VICPAS_2_SOCBT2",112,"Sol Catcher BESS 2",213716,7,71,96,0,4.53521126760563
"VICPAS_2_SOCSR1",100,NA,NA,NA,NA,NA,NA,NA
"VICPAS_2_SOCSR2",132,"Sol Catcher BESS PV2",199925,38,93.5,100,0.287356321839081,35.3582887700535
"VICPAS_2_SOCSR3",70,NA,NA,NA,NA,NA,NA,NA
"VICPAS_2_VPSBT1",86,NA,NA,NA,NA,NA,NA,NA
"VICPAS_2_VPSSR1",17,"Victory Pass Solar",199791,6,200,102,0,3.06
"VICTOR_1_EXSLRA",22,NA,NA,NA,NA,NA,NA,NA
"VICTOR_1_EXSLRB",27,NA,NA,NA,NA,NA,NA,NA
"VICTOR_1_LMISR2",1,"Landpro Mitchell",652315,1,1.5,225,1,-148
"VICTOR_1_LVSLR1",15,NA,NA,NA,NA,NA,NA,NA
"VICTOR_1_LVSLR2",16,NA,NA,NA,NA,NA,NA,NA
"VICTOR_1_SOLAR1",27,"Victor Phelan Solar One",482688,2,17.5,17,0.117647058823529,1.94285714285714
"VICTOR_1_SOLAR2",19,"Alamo Solar",159086,3,20,20,0.681333333333333,3
"VICTOR_1_SOLAR3",10,"Adelanto Solar 2",777449,1,7,408,1,-56.2857142857143
"VICTOR_1_SOLAR4",11,NA,NA,NA,NA,NA,NA,NA
"VICTOR_1_VDRYFA",2,NA,NA,NA,NA,NA,NA,NA
"VICTOR_1_VDRYFB",19,NA,NA,NA,NA,NA,NA,NA
"VIKING_2_VCBBT1",7,"VIKINGS CO-LOCATED BESS",145233,1,150,125,0.792,0.833333333333333
"VIKING_2_VCSSR1",12,NA,NA,NA,NA,NA,NA,NA
"VIKING_2_VSHSB1",44,NA,NA,NA,NA,NA,NA,NA
"VILLPK_2_VALLYV",1,NA,NA,NA,NA,NA,NA,NA
"VILLPK_6_MWDYOR",3,NA,NA,NA,NA,NA,NA,NA
"VISTA_2_FCELL",1,NA,NA,NA,NA,NA,NA,NA
"VISTA_2_RIALTO",1,NA,NA,NA,NA,NA,NA,NA
"VISTA_2_RTS028",1,NA,NA,NA,NA,NA,NA,NA
"VISTRA_5_DALBT1",18,NA,NA,NA,NA,NA,NA,NA
"VISTRA_5_DALBT2",21,"Dallas Energy Storage 2",495559,1,100,100,0.19,1
"VISTRA_5_DALBT3",22,NA,NA,NA,NA,NA,NA,NA
"VISTRA_5_DALBT4",18,"Dallas Energy Storage 4",147278,2,100,127.5,0.213793103448276,1.45
"VISTRA_5_PLABT1",111,"Plano Storage 1",173967,9,100.4,100,0.111111111111111,8.96414342629482
"VISTRA_5_PLABT2",35,NA,NA,NA,NA,NA,NA,NA
"VISTRA_5_PLABT3",29,NA,NA,NA,NA,NA,NA,NA
"VISTRA_5_PLABT4",37,NA,NA,NA,NA,NA,NA,NA
"VLCNTR_6_VCEBT1",26,NA,NA,NA,NA,NA,NA,NA
"VLCNTR_6_VCEBT2",32,NA,NA,NA,NA,NA,NA,NA
"VLCNTR_6_VCSLR",9,NA,NA,NA,NA,NA,NA,NA
"VLCNTR_6_VCSLR1",14,NA,NA,NA,NA,NA,NA,NA
"VLCNTR_6_VCSLR2",15,NA,NA,NA,NA,NA,NA,NA
"VLYHOM_7_SSJID",1,NA,NA,NA,NA,NA,NA,NA
"VOLTA_2_UNIT 1",7,"VOLTA HYDRO UNIT 1",711583,1,9.1,29,0,-1.18681318681319
"VOLTA_2_UNIT 2",17,"Volta Hydro Unit 2",197004,1,1,1,1,1
"VOLTA_6_BAILCK",7,"Bailey Creek Ranch",338295,1,0.63,0.49,0.102040816326531,0.777777777777778
"VOLTA_6_DIGHYD",30,NA,NA,NA,NA,NA,NA,NA
"VOLTA_7_PONHY1",21,"Ponderosa Bailey Hydroelectric",270946,1,1.25,2,1,0.4
"VOLTA_7_QFUNTS",3,NA,NA,NA,NA,NA,NA,NA
"VOYAGR_2_VOAWD5",3,NA,NA,NA,NA,NA,NA,NA
"VOYAGR_2_VOYWD1",2,"Voyager 1",178982,1,128.91,83,1,0.643860057404391
"VOYAGR_2_VOYWD2",7,"Voyager Wind 2",117001,1,126.35,112.5,0,0.890383854372774
"VOYAGR_2_VOYWD3",3,"Voyager Wind 3",999824,1,42.45,84,1,0.021201413427562
"VOYAGR_2_VOYWD4",3,NA,NA,NA,NA,NA,NA,NA
"VSTAES_6_VESBT1",8,NA,NA,NA,NA,NA,NA,NA
"WADHAM_6_UNIT",17,"Wadham Energy LP",839810,1,29.07,26.61,0.0605035700864336,0.915376676986584
"WALCRK_2_CTG1",316,NA,NA,NA,NA,NA,NA,NA
"WALCRK_2_CTG2",188,"Walnut Creek Energy Park Unit 2",542415,30,100.1,42,0.407799493967951,12.9879428176818
"WALCRK_2_CTG3",325,NA,NA,NA,NA,NA,NA,NA
"WALCRK_2_CTG4",213,NA,NA,NA,NA,NA,NA,NA
"WALCRK_2_CTG5",322,NA,NA,NA,NA,NA,NA,NA
"WALNUT_6_HILLGEN",19,NA,NA,NA,NA,NA,NA,NA
"WALNUT_7_WCOVST",19,NA,NA,NA,NA,NA,NA,NA
"WARNE_2_UNIT",7,"WARNE HYDRO AGGREGATE",938239,1,76,88,0.1875,0.842105263157895
"WAUKNA_1_SOLAR",3,NA,NA,NA,NA,NA,NA,NA
"WDFRDF_2_WFFBT1",24,NA,NA,NA,NA,NA,NA,NA
"WDLEAF_7_UNIT 1",21,"WOODLEAF HYDRO",236353,6,60,60,0.6875,6
"WEBER_6_FORWRD",7,"Forward",170852,1,4.2,40,0,-7.52380952380952
"WEEDPC_6_KNSSR1",15,NA,NA,NA,NA,NA,NA,NA
"WESCAN_2_BDSBT1",43,"Bateria Del Sur",695464,9,131,131,0.609838846480068,9
"WESCN2_2_BDSBT1",9,NA,NA,NA,NA,NA,NA,NA
"WESTPT_2_UNIT",21,"West Point Hydro Plant",160896,1,14,3,0.333333333333333,0.214285714285714
"WFRESN_1_SOLAR",3,"Joya Del Sol",371350,1,1.5,1,0,0.666666666666667
"WHEATL_6_LNDFIL",3,NA,NA,NA,NA,NA,NA,NA
"WHITEW_5_WWAUXL1",2,NA,NA,NA,NA,NA,NA,NA
"WHITEW_5_WWRSR1",132,NA,NA,NA,NA,NA,NA,NA
"WHITNY_6_SOLAR",8,NA,NA,NA,NA,NA,NA,NA
"WHTWTR_1_WINDA1",3,NA,NA,NA,NA,NA,NA,NA
"WILLMS_6_ARBBM1",266,"Abel Road Bioenergy",368055,6,3,3.43,0.143968871595331,5.14
"WISE_1_UNIT 1",18,NA,NA,NA,NA,NA,NA,NA
"WISE_1_UNIT 2",4,"WISE HYDRO UNIT 2",543434,1,3.2,12,0,-1.75
"WISHON_6_UNITS",33,NA,NA,NA,NA,NA,NA,NA
"WISTER_2_WISSR1",5,"Wister Solar",370707,1,20,40,0,0
"WISTRA_2_WRSSR1",22,NA,NA,NA,NA,NA,NA,NA
"WLDWD_1_SOLAR1",11,NA,NA,NA,NA,NA,NA,NA
"WLDWD_1_SOLAR2",11,NA,NA,NA,NA,NA,NA,NA
"WNDMAS_2_UNIT 1",16,NA,NA,NA,NA,NA,NA,NA
"WNDSTR_2_WIND",11,NA,NA,NA,NA,NA,NA,NA
"WOLFSK_1_UNITA1",19,NA,NA,NA,NA,NA,NA,NA
"WOODWR_1_HYDRO",1,NA,NA,NA,NA,NA,NA,NA
"WRGTSR_2_WSFSR1",12,NA,NA,NA,NA,NA,NA,NA
"WSENGY_1_UNIT 1",17,NA,NA,NA,NA,NA,NA,NA
"WSNR_2_CVPDYN",2,NA,NA,NA,NA,NA,NA,NA
"WSTWND_2_M89BT2",29,NA,NA,NA,NA,NA,NA,NA
"WSTWND_2_M89WD1",18,"Mojave 89",203060,1,82.65,100,0.00459418070444118,0.790078644888082
"WSTWND_2_M89WD2",8,NA,NA,NA,NA,NA,NA,NA
"WSTWND_2_M90WD2",6,"Mojave 90",195664,1,64.82,70,0.0838363514419853,0.920086393088553
"WSTWND_2_SBSBT1",34,NA,NA,NA,NA,NA,NA,NA
"WSTWND_2_SBSBT2",22,NA,NA,NA,NA,NA,NA,NA
"WSTWND_2_SBSBT3",29,"Sagebrush Solar 2 ESS 59",655049,3,59,73,0.57037037037037,2.28813559322034
"YELPIN_2_YP2BT1",45,NA,NA,NA,NA,NA,NA,NA
"YELPIN_2_YP2BT2",16,"Yellow Pine 2 A BESS",174744,1,53,55,0.0980392156862745,0.962264150943396
"YELPIN_2_YP2BT3",17,"Yellow Pine 2 B BESS",583036,1,32,32,0.03125,1
"YELPIN_2_YP2SR1",16,"Yellow Pine 2",354420,1,125,106,0,0.848
"YELPIN_2_YP2SR2",4,NA,NA,NA,NA,NA,NA,NA
"YELPIN_2_YP2SR3",3,"Yellow Pine 2 B PV",462729,1,65,54.6,0.542124542124542,0.84
"YUBACT_1_SUNSWT",31,NA,NA,NA,NA,NA,NA,NA
"YUBACT_6_UNITA1",19,NA,NA,NA,NA,NA,NA,NA
"ZOND_6_UNIT",1,NA,NA,NA,NA,NA,NA,NA
