"generator","generator_name","RESOURCEBID_SEQ","n_matches","pmax_mw","max_mw","mean_pct_err","mean_stop_offset","mean_restart_offset","mean_abs_stop_offset","mean_abs_restart_offset","score","confidence"
"CSCCOG_1_UNIT 1","SANTA CLARA CO-GEN",164427,2,7,7,0,0,3961,0,3961,2,1
"SEARLS_1_TS3SR1","Trona Solar III",714921,2,2,2,0,0,101.5,0,101.5,2,1
"VOLTA_2_UNIT 2","Volta Hydro Unit 2",197004,1,1,1,0,0,253,0,253,1,1
"KERNEY_6_FCSSR1","Fresno Community Solar",401817,1,10,10,0,0,46,0,46,1,1
"CEDUCR_2_SOLAR1","Ducor Solar 1",933839,1,20,20,0,0,7680,0,7680,1,1
"INDVLY_1_UNITS","Indian Valley Hydro",581105,1,3.01,3,0.00332225913621255,1,312,1,312,0.996677740863787,1
"SBERDO_6_MILLCK","MILL CREEK PSP",368224,1,3.93,4,0.0178117048346056,0,73921,0,73921,0.982188295165394,1
"ADLIN_1_UNITS","GEYSERS AIDLIN AGGREGATE",374980,1,22,23,0.0454545454545455,0,8760,0,8760,0.954545454545455,1
"CRNEVL_6_CRNVA","Crane Valley",313257,1,0.9,1,0.111111111111111,0,690,0,690,0.888888888888889,1
"MIRLOM_7_MWDLKM","Lake Mathews Hydroelectric Recovery Plan",587533,1,5,5.75,0.15,0,22380,0,22380,0.85,1
"COLEMN_2_UNIT","Coleman",152702,1,13,10,0.230769230769231,0,0,0,0,0.769230769230769,1
"RTREE_2_WIND3","Rising Tree 3",599767,1,99,68,0.313131313131313,0,149,0,149,0.686868686868687,1
"OASIS_6_MA4SR1","Ma 4035",201736,1,1.5,1,0.333333333333333,0,1260,0,1260,0.666666666666667,1
"TX-ELK_6_SOLAR1","Castor",978009,1,1.5,2,0.333333333333333,0,420,0,420,0.666666666666667,1
"CHINO_6_CIMGEN","Chino Co-Generation",194982,1,26,35,0.346153846153846,0,851,0,851,0.653846153846154,1
"VOYAGR_2_VOYWD1","Voyager 1",178982,1,128.91,83,0.356139942595609,0,240,0,240,0.643860057404391,1
"MIRLOM_2_LNDFL","Milliken Landfill Solar",430455,1,3,1.91,0.363333333333333,0,60,0,60,0.636666666666667,1
"RICHMN_7_BAYENV","BAY ENVIRONMENTAL (NOVE POWER)",800488,1,2.5,3.43,0.372,0,NA,0,NA,0.628,1
"DELSUR_6_SOLAR1","Summer Solar North",735117,1,6.5,9,0.384615384615385,-4,2292,4,2292,0.615384615384615,1
"PEARBL_2_NSPIN","PEARBL_2_NSPIN",603374,1,118,72,0.389830508474576,0,6990,0,6990,0.610169491525424,1
"VENWD_1_WIND3","Painted Hills",171401,1,44.53,25,0.438580732090725,1,14171,1,14171,0.561419267909275,1
"GUERNS_6_SOLAR","Guernsey Solar Station",197335,1,20,11.07,0.4465,0,4680,0,4680,0.5535,1
"JAVASR_1_JAVSR1","Java Solar",331315,1,13.5,20,0.481481481481481,0,490,0,490,0.518518518518519,1
"GEYS20_7_UNIT20","GEYSERS UNIT 20 (HEALDSBURG)",133703,1,50,75,0.5,0,NA,0,NA,0.5,1
"LVNGST_1_WTASR1","West Tambo Clean Power II",661056,1,2,1,0.5,0,601,0,601,0.5,1
"PLSNTG_7_LNCLND","Lincoln Landfill Power Plant",905952,1,4.98,2,0.598393574297189,0,60,0,60,0.401606425702811,1
"TANHIL_6_SOLART","Berry Cogen 18",134471,1,17,27.2,0.6,0,135,0,135,0.4,1
"VOLTA_7_PONHY1","Ponderosa Bailey Hydroelectric",270946,1,1.25,2,0.6,-1,176858,1,176858,0.4,1
"HERDLN_6_BYHSR1","Byron Highway Solar",945442,1,5,2,0.6,0,203,0,203,0.4,1
"COVERD_2_MCKHY1","Montgomery Creek Hydro",705820,1,2.8,1,0.642857142857143,0,NA,0,NA,0.357142857142857,1
"PALSEL_6_PLSBT1","Paulsell Solar Energy Center BESS",557145,1,15,25,0.666666666666667,0,1052,0,1052,0.333333333333333,1
"DTCHWD_2_BT4WND","Brookfield Tehachapi 4",136437,1,6.52,2.09,0.679447852760736,0,0,0,0,0.320552147239264,1
"CRNEVL_6_SJQN 2","SAN JOAQUIN 2",881550,1,3.2,1,0.6875,-1,4460,1,4460,0.3125,1
"LNCSTR_6_SOLAR2","SEPV Sierra NGR",125901,1,8.25,14,0.696969696969697,0,180,0,180,0.303030303030303,1
"GYS7X8_7_UNITS","GEYSERS UNITS 7 & 8 AGGREGATE",334338,1,95.8,25,0.739039665970772,0,6056,0,6056,0.260960334029228,1
"MURRAY_6_UNIT","Grossmont Hospital",611820,1,4.12,1,0.757281553398058,0,119947,0,119947,0.242718446601942,1
"HATCR2_7_UNIT","Hat Creek  #2",103214,1,8.5,15,0.764705882352941,0,263104,0,263104,0.235294117647059,1
"USWND2_1_WIND2","Golden Hills B",132195,1,42.96,77,0.792364990689013,-1,60,1,60,0.207635009310987,1
"GIFFEN_6_SOLAR1","Aspiration Solar G",903445,1,9,16.76,0.862222222222222,0,98,0,98,0.137777777777778,1
"VALTNE_2_TSBBT1","Tropico Solar Big Beau B",510425,1,18,2,0.888888888888889,0,NA,0,NA,0.111111111111111,1
"GRNVLY_7_SCLAND","SANTA CRUZ LANDFILL GENERATING PLANT",311481,1,3.04,0.25,0.917763157894737,0,NA,0,NA,0.0822368421052632,1
"SPOINT_2_PARKERDYN","Southpoint Energy Center",296394,1,200,12.39,0.93805,0,NA,0,NA,0.0619499999999999,1
"VOYAGR_2_VOYWD3","Voyager Wind 3",999824,1,42.45,84,0.978798586572438,0,273,0,273,0.021201413427562,1
"LODI25_6_ERKNG1","LODI STRATEGIC RESERVE",712630,1,47.97,1,0.979153637690223,0,8580,0,8580,0.020846362309777,1
"ELNIDP_6_BIOMAS","El Nido Biomass to Energy",764077,1,10.5,25,1.38095238095238,0,85630,0,85630,-0.380952380952381,1
"DEADCK_1_UNIT","DEADCK_1_UNIT",193888,1,1.96,5.75,1.93367346938776,0,NA,0,NA,-0.933673469387755,1
"MALAGA_1_AUCTG1","Acid Unit 1",133364,1,55.3,205,2.70705244122966,0,5761,0,5761,-1.70705244122966,1
"SCEC_1_RDRR38","SDP-C-4-LSCE",108268,1,55.83,211,2.77933010926025,0,35580,0,35580,-1.77933010926025,1
"SANTFG_7_UNITS","GEYSERS CALISTOGA AGGREGATE",660372,1,72,350,3.86111111111111,-4,12,4,12,-2.86111111111111,1
"RTREE_2_WIND1","Rising Tree 1",157710,1,79.2,430,4.42929292929293,0,1920,0,1920,-3.42929292929293,1
"GARNET_2_HYDRO","Whitewater Hydro",292514,1,1,9,8,0,2610,0,2610,-7,1
"GARNET_2_COAWD2","Coachella 2",627078,1,10.8,120,10.1111111111111,0,900,0,900,-9.11111111111111,1
"MCFLND_5_MFAUXL1","McFarland Solar",298329,1,6,84,13,0,3330,0,3330,-12,1
"OASIS_6_VINSR1","Vinam",384409,1,1.5,25,15.6666666666667,0,205441,0,205441,-14.6666666666667,1
"NAROW1_2_UNIT","NARROWS PH 1 UNIT",338486,1,12,217,17.0833333333333,0,409499,0,409499,-16.0833333333333,1
"SCEC_1_PDRP17","CBP-DO-C-LSCE",175361,1,6.22,120,18.2926045016077,0,31741,0,31741,-17.2926045016077,1
"COWCRK_2_UNIT","Cow Creek Hydro",521760,1,2,50,24,1,31740,1,31740,-23,1
"PUTHCR_1_SOLAR1","Putah Creek Solar Farm",294276,1,1.98,50,24.2525252525253,0,5100,0,5100,-23.2525252525253,1
"FTSWRD_7_QFUNTS","FTSWRD_7_QFUNTS",798542,1,1.6,48.6,29.375,0,9797,0,9797,-28.375,1
"PGZP_2_PDRP05","CBP PGZP_2_PDRP05",162883,1,0.8,25,30.25,0,NA,0,NA,-29.25,1
"VICTOR_1_SOLAR3","Adelanto Solar 2",777449,1,7,408,57.2857142857143,3,96,3,96,-56.2857142857143,1
"DEVERS_2_DHSPG2","Desert Hot Springs 2",423784,1,1.4,100,70.4285714285714,-2,1650,2,1650,-69.4285714285714,1
"SHUTLE_6_RUISR1","Rutan 1",149369,1,1.5,175,115.666666666667,0,1740,0,1740,-114.666666666667,1
"DOSPAL_1_DPSSR1","Dos Palos Clean Power",622149,1,3,375,124,0,2926,0,2926,-123,1
"VICTOR_1_LMISR2","Landpro Mitchell",652315,1,1.5,225,149,0,34380,0,34380,-148,1
"TVYVLY_6_KRSHY1","Kings River Syphon",177834,1,1.3,486,372.846153846154,0,3285,0,3285,-371.846153846154,1
"PGSB_1_PDRP20","CBP PGSB_1_PDRP20",545257,1,0.11,56,508.090909090909,0,9481,0,9481,-507.090909090909,1
"BANKPP_2_NSPIN","BANKPP_2_NSPIN",107219,1,270,85,0.685185185185185,0,66720,0,66720,0.314814814814815,0.997647058823529
"USWND2_1_WIND3","Golden Hills C",167179,1,46,62,0.347826086956522,0,330,0,330,0.652173913043478,0.966666666666667
"ALTWD_2_COAWD1","Coachella 1",419525,1,50.4,80,0.587301587301587,0,10000,0,10000,0.412698412698413,0.951923076923077
"DSABLA_7_UNIT","De Sabla Hydro",174396,1,18.5,7.42,0.598918918918919,0,1969,0,1969,0.401081081081081,0.948787061994609
"DEVERS_1_SOLAR","Cascade Solar",254645,1,18.5,18,0.027027027027027,0,690,0,690,0.972972972972973,0.944444444444444
"BLYTHE_1_SOLAR1","Blythe Solar 1 Project",177935,1,21,25,0.19047619047619,0,4415,0,4415,0.80952380952381,0.941176470588235
"RCKCRK_7_UNIT 2","ROCK CREEK HYDRO UNIT 2",212542,37,56.9,42.8,0.24780316344464,0,46.5405405405405,0,46.5405405405405,27.8312829525483,0.934579439252336
"SPICER_1_UNITS","SPICER HYDRO UNITS 1-3 AGGREGATE",181860,10,6,6,0,0,470.5,0,470.5,10,0.933333333333333
"LASSEN_6_UNITS","Honey Lake Power",851690,11,30,30,0,-0.181818181818182,1325.36363636364,0.181818181818182,1325.36363636364,11,0.909090909090909
"SIGHEB_6_MIRDYN","Heber South",222735,1,17,10.4,0.388235294117647,0,360,0,360,0.611764705882353,0.907692307692308
"HYTTHM_2_UNITS","HYATT-THERMALITO PUMP-GEN (AGGREGATE)",201337,9,933.1,847,0.0922730682670668,0,263.888888888889,0,263.888888888889,8.1695423855964,0.886370195461105
"GEYS12_7_UNIT12","GEYSERS UNIT 12 (HEALDSBURG)",151431,1,57,16,0.719298245614035,5,24352,5,24352,0.280701754385965,0.875
"ANZA_6_SOLAR1","Seville Solar One",134647,1,20,25,0.25,0,4950,0,4950,0.75,0.872
"ELKCRK_6_STONYG","STONEY GORGE HYDRO AGGREGATE",127784,6,4.9,4.9,0,0,12545,0,12545,6,0.863945578231293
"ANAHM_2_CANYN2","CANYON POWER PLANT UNIT 2",990961,7,48.04,48.04,0,0,60.5714285714286,0,60.5714285714286,7,0.858510764838825
"USWPFK_6_FRICK","Frick Summit Wind Repower",166958,7,10,10,0,0,49.2857142857143,0,49.2857142857143,7,0.857142857142857
"BISHOP_1_ALAMO","BISHOP CREEK PLANT 2  AND  6",865499,1,13.4,15,0.119402985074627,3,4200,3,4200,0.880597014925373,0.847457627118644
"RIOBRV_6_UNIT 1","RIO BRAVO HYDRO",589439,1,14,13,0.0714285714285714,0,60,0,60,0.928571428571429,0.846153846153846
"BEARDS_7_UNIT 1","Beardsley Hydro",184635,6,11.5,11.5,0,0,102,0,102,6,0.840579710144927
"BLCKBT_2_STONEY","BLACK BUTTE HYDRO",233734,5,6.2,6.2,0,0,450.2,0,450.2,5,0.838709677419355
"BUTTVL_7_UNIT 1","BUTT VALLEY HYDRO",153037,6,39.5,39.5,0,0,619.833333333333,0,619.833333333333,6,0.835443037974684
"GRIFFI_2_LSPDYN","Griffith Energy",279317,2,570,505,0.114035087719298,0,211,0,211,1.7719298245614,0.825742574257426
"ANAHM_2_CANYN3","CANYON POWER PLANT UNIT 3",698118,5,46.49,46.49,0,0,138.25,0,138.25,5,0.815013981501398
"PARDEB_6_UNITS","Pardee Power House",183275,31,30,29.1,0.03,0,98.741935483871,0,98.741935483871,30.07,0.812659350404611
"ANAHM_2_CANYN1","CANYON POWER PLANT UNIT 1",529201,3,49.21,49.21,0,0,39.3333333333333,0,39.3333333333333,3,0.807491702228544
"DUTCH1_7_UNIT 1","DUTCH FLAT 1 PH",844001,300,22,18.8,0.145454545454545,0.00333333333333333,102.083333333333,0.00333333333333333,102.116666666667,256.363636363636,0.800425531914894
"KYCORA_6_KMSBT1","Kearny Mesa Storage",134131,10,1,1,0,0,19.2,0,19.2,10,0.8
"MALCHQ_7_UNIT 1","MALACHA HYDRO L.P.",279536,1,32.5,50,0.538461538461538,0,22920,0,22920,0.461538461538462,0.8
"FORBST_7_UNIT 1","FORBESTOWN HYDRO",133829,6,37.5,37.5,0,0,201.833333333333,0,201.833333333333,6,0.8
"VIKING_2_VCBBT1","VIKINGS CO-LOCATED BESS",145233,1,150,125,0.166666666666667,0,480,0,480,0.833333333333333,0.792
"SLYCRK_1_UNIT 1","SLY CREEK HYDRO",434763,5,13,10.57,0.186923076923077,0,344.6,0,344.6,4.06538461538462,0.791863765373699
"PALA_6_PGCBT1","Pala Gomez Creek BESS",101363,1,10,11,0.1,0,180,0,180,0.9,0.787777777777778
"TERMEX_2_PL1X3","TDM",509317,4,625,625,0,0,1500.75,0,1500.75,4,0.78
"RICHMN_1_SOLAR","Chevron 2",175717,2,2,1.63,0.185,2,487.5,2,487.5,1.63,0.776073619631902
"EXCHEC_7_UNIT 1","EXCHEQUER HYDRO",140162,8,94.5,94.5,0,0,69,0,69,8,0.764550264550265
"SNCLRA_6_OXGEN","OXGEN",426166,4,47.7,47.7,0,0,47.5,0,47.5,4,0.756813417190776
"CARLS1_2_CARCT1","Carlsbad 1",129058,681,422,422,0,0,11.2657856093979,0,11.2657856093979,681,0.75
"SCEN_6_RDRR02","BIP-API-N-LSE",570814,1,75,75,0,0,1440,0,1440,1,0.746666666666667
"MKTRCK_1_UNIT 1","MCKITTRICK LIMITED",497303,1,47.72,57.25,0.199706621961442,0,13801,0,13801,0.800293378038558,0.74548311076198
"ANAHM_2_CANYN4","CANYON POWER PLANT UNIT 4",155479,5,49.8,49.8,0,0,109.2,0,109.2,5,0.74144578313253
"DYERSM_6_DSWWD1","Dyer Summit Wind Repower",860091,6,44.8,44.8,0,0,152.5,0,152.5,6,0.727678571428571
"SCEW_2_PDRP167","LCR AMS Hybrid West LA 1-W-2-SCE",124493,1,9.42,10,0.0615711252653928,0,18541,0,18541,0.938428874734607,0.72022572022572
"MANZNA_2_WIND","Manzana Wind",441240,1,189,100,0.470899470899471,1,141180,1,141180,0.529100529100529,0.72
"COLVIL_7_PL1X2","COLLIERVILLE HYDRO UNIT 1 & 2 AGGREGATE",201370,1,246.86,246.86,0,0,65,0,65,1,0.696184071943612
"WDLEAF_7_UNIT 1","WOODLEAF HYDRO",236353,6,60,60,0,0,209.666666666667,0,209.666666666667,6,0.6875
"NCPA_7_GP2UN4","NCPA GEO PLANT 2 UNIT 4",106763,3,52.73,52.73,0,0,30724.3333333333,0,30724.3333333333,3,0.683924394715216
"VICTOR_1_SOLAR2","Alamo Solar",159086,3,20,20,0,0,260,0,260,3,0.681333333333333
"STNRES_1_UNIT","Covanta Stanislaus",142368,1,19.9,25,0.256281407035176,0,6239,0,6239,0.743718592964824,0.675675675675676
"BIGSKY_2_SOLAR5","Big Sky Solar 2",445378,1,5,5,0,-1,36,1,36,1,0.674
"GARNET_2_WIND1","Phoenix",118049,1,11.2,9.2,0.178571428571429,0,705,0,705,0.821428571428571,0.673913043478261
"GARNET_1_WT3WND","Wagner Wind",189702,3,6,5.84,0.0266666666666667,0,87.6666666666667,0,87.6666666666667,2.92,0.66324200913242
"FLOWD_2_WIND1","Cameron Ridge 2",146475,1,11.9,6.2,0.478991596638655,0,45,0,45,0.521008403361344,0.662903225806452
"VESTAL_2_SOLAR1","NICOLIS",214685,1,20,20,0,0,60,0,60,1,0.65
"STANIS_7_UNIT 1","STANISLAUS HYDRO",105576,2,91,91,0,0,118.5,0,118.5,2,0.642857142857143
"BIGCRK_2_EXESWD","BIG CREEK HYDRO PROJECT PSP",246186,1,820,175,0.786585365853659,-4,725,4,725,0.213414634146341,0.64
"TULLCK_7_UNITS","Tullock Hydro",134646,15,25.9,25.9,0,-0.133333333333333,10.6666666666667,0.133333333333333,10.6666666666667,15,0.63963963963964
"TULARE_2_TFCBM1","LB Trigen Fuel Cell 1",257250,1,2.8,2,0.285714285714286,0,25980,0,25980,0.714285714285714,0.635
"CONTRL_1_RUSHCK","RUSH CREEK",691663,5,12.19,12.19,0.00837520938023451,0,797.6,0,797.6,4.95812395309883,0.633683457863113
"HENRTA_6_ELCBX2","Electrolyte",243483,1,99.4,104,0.0462776659959758,0,120,0,120,0.953722334004024,0.630801687763713
"CRESTA_7_PL1X2","CRESTA PH UNIT 1 & 2 AGGREGATE",179949,35,70.4,26,0.630681818181818,0,6.85714285714286,0,6.85714285714286,12.9261363636364,0.626373626373626
"BREGGO_6_DEGRSL","Desert Green Solar Farm",203902,1,6.3,10,0.587301587301587,0,1380,0,1380,0.412698412698413,0.619230769230769
"ALTA3A_2_CPCE8","Alta Wind 8",711517,1,150,120,0.2,0,NA,0,NA,0.8,0.616666666666667
"WESCAN_2_BDSBT1","Bateria Del Sur",695464,9,131,131,0,0,620.777777777778,0,620.777777777778,9,0.609838846480068
"RTEDDY_2_RWSBT3","Rosamond West Solar Central BESS A3",915712,23,45,50,0.111111111111111,0,235.217391304348,0,235.217391304348,20.4444444444444,0.608695652173913
"CHWCHL_1_AVSSR2","Avenue 26 Phase II Solar",818615,1,5,5,0,0,124140,0,124140,1,0.6
"COTTLE_2_FRNKNH","Frankenheimer Power Plant",842570,1,5.3,5,0.0566037735849056,0,570,0,570,0.943396226415094,0.6
"SCHNDR_1_FIVPTS","Five Points Solar Station",120392,1,15,7,0.533333333333333,0,7,0,7,0.466666666666667,0.6
"ENERSJ_2_WIND","ESJ Wind Energy",704081,1,151,180,0.19205298013245,0,460,0,460,0.80794701986755,0.590163934426229
"DVLCYN_1_UNITS","DEVIL CANYON HYDRO UNITS 1-4 AGGREGATE",407814,2,235,235,0,0,81,0,81,2,0.574468085106383
"TAHOE_2_THOBT1","Tahoe 1",144713,6,60,52.5,0.125,0,180.333333333333,0,180.333333333333,5.25,0.571428571428571
"BDGRCK_1_UNITS","BADGER CREEK LIMITED",288617,3,48.08,42,0.126455906821963,1,240,1,240,2.62063227953411,0.571428571428571
"WSTWND_2_SBSBT3","Sagebrush Solar 2 ESS 59",655049,3,59,73,0.23728813559322,0,338,0,338,2.28813559322034,0.57037037037037
"PIT6_7_UNIT 2","PIT PH 6 UNIT 2",137216,20,40,40,0,0,445.05,0,445.05,20,0.56125
"SALIRV_2_UNIT","Salinas River Cogeneration",411064,3,39,27,0.307692307692308,-0.333333333333333,1316.33333333333,0.333333333333333,1316.33333333333,2.07692307692308,0.555555555555555
"ULTRCK_2_UNIT","Rio Bravo Rocklin",206861,1,24.4,25,0.0245901639344263,0,2535,0,2535,0.975409836065574,0.546218487394958
"LODIEC_2_PL1X2","Lodi Energy Center",658374,4,302.58,302.58,0,0,10710.75,0,10710.75,4,0.545574724039923
"YELPIN_2_YP2SR3","Yellow Pine 2 B PV",462729,1,65,54.6,0.16,0,6003,0,6003,0.84,0.542124542124542
"FIFTHS_2_FSSBT","Fifth Standard Battery",432370,6,137,137,0,0,10,0,10,6,0.534671532846715
"CARLS2_1_CARCT1","Carlsbad 2",710016,684,105.5,105.5,0,0.00292397660818713,6.31578947368421,0.00292397660818713,6.31578947368421,684,0.533701948393892
"COLGNS_2_CNSSR1","ColGreen North Shore",234172,9,74.8,74,0.0106951871657754,-0.111111111111111,378.444444444444,0.111111111111111,378.444444444444,8.90374331550802,0.531231231231231
"VERNON_6_MALBRG","Malburg Generating Station",117281,2,139,139,0,0,10801,0,10801,2,0.528776978417266
"USWNDR_2_SMUD2","Solano Wind Project Phase 3",970587,2,127.8,127.8,0,0,826.5,0,826.5,2,0.52660406885759
"DUANE_1_PL1X3","DONALD VON RAESFELD POWER PROJECT",514544,6,147.8,147.8,0,0,1470.66666666667,0,1470.66666666667,6,0.50744248985115
"MILFRD_7_PASADENA","Milford I",189472,1,5,4.05,0.19,0,0,0,0,0.81,0.506172839506173
"MSOLAR_2_SOLAR3","Mesquite Solar 3, LLC",196895,7,152,150,0.0131578947368421,0,51.4285714285714,0,51.4285714285714,6.90789473684211,0.5
"BIGSKY_2_BSKSR8","Big Sky Solar 8",102291,2,20,20,0,-1,317,1,317,2,0.5
"ALAMIT_7_UNIT 5","ALAMITOS GEN STA. UNIT 5",242617,2,480,480,0,1,56219,1,56219,2,0.5
"MAGNLA_6_CERRITOS","Magnolia Power Plant Cerritos",649909,2,12,12,0,0,0,0,0,2,0.5
"TIGRCK_7_UNITS","TIGER CREEK HYDRO AGGREGATE",506140,2,62,50,0.193548387096774,0,1721.5,0,1721.5,1.61290322580645,0.5
"BRDSLD_2_SHLO3B","Shiloh IV Wind Project",165180,1,100,100,0,0,125,0,125,1,0.5
"EDWARD_2_ESSSB1","Sanborn Solar 2 Edwards 5",173313,34,116,100,0.137931034482759,0,17.6470588235294,0,17.6470588235294,29.3103448275862,0.499411764705882
"ELCAJN_6_LM6K","El Cajon Energy Center",138902,2,48.1,50,0.0395010395010395,-2.5,3617.5,2.5,3617.5,1.92099792099792,0.494588744588745
"OMAR_2_UNIT 4","KERN RIVER COGENERATION CO. UNIT 4",159275,2,75,76,0.0133333333333333,0,5761,0,5761,1.97333333333333,0.493243243243243
"VEGA_6_SOLAR1","Vega Solar",181841,4,20,20,0,0,294.75,0,294.75,4,0.492625
"PAIGES_6_SOLAR","Paige Solar",131964,1,20,13.53,0.3235,0,392,0,392,0.6765,0.482631189948263
"ATWEL2_1_SOLAR1","Atwell West",415983,1,20,9.6,0.52,0,455,0,455,0.48,0.479166666666667
"SCEHOV_2_HOOVER","SCEHOV_2_HOOVER",144033,1,287.01,287,3.48419915682064e-05,0,NA,0,NA,0.999965158008432,0.477351916376307
"ALMASL_2_AL6BT6","Almasol 6 BES",126265,1,50,38,0.24,5,60,5,60,0.76,0.473684210526316
"CHWCHL_1_UNIT","CHOW 2 PEAKER PLANT",142017,1,48.6,50,0.0288065843621399,0,60,0,60,0.97119341563786,0.470338983050847
"SANBRN_2_ESABT1","EdSan 1A",161396,2,100,94,0.06,0,360,0,360,1.88,0.468085106382979
"CALFTS_2_CFSSR1","California Flats Solar South",529747,4,150,75,0.5,-0.5,25.5,0.5,25.5,2,0.464666666666667
"RTEDDY_2_RWSBT4","Rosamond West Solar Central BESS B",124287,16,30,26,0.133333333333333,0,218.0625,0,218.0625,13.8666666666667,0.459134615384615
"BALCHS_7_UNIT 1","BALCH 1 PH UNIT 1",159511,6,31,43,0.387096774193548,0,389.833333333333,0,389.833333333333,3.67741935483871,0.456140350877193
"GENESI_2_STG","Genesis Station",183646,6,250,219.7,0.1212,-0.5,1758,2.16666666666667,1758,5.2728,0.449248975876195
"CHEVCD_6_UNIT","CHEVRON USA (TAFT/CADET)",108072,1,11.5,16.8,0.460869565217391,0,893,0,893,0.539130434782609,0.446774193548387
"GATWAY_2_PL1X3","GATEWAY GENERATING STATION",181838,2,585,541,0.0752136752136752,0,1012.5,0,1012.5,1.84957264957265,0.44547134935305
"LCKHT1_2_LH1SR1","Lockhart Solar 1 PV",131086,32,65,63,0.0307692307692308,0,75,0,75,31.0153846153846,0.440067693744164
"CHWCHL_1_AVSSR1","Avenue 26 Phase I Solar",126447,2,2.56,1,0.609375,0,180,0,180,0.78125,0.44
"SUNCAT_2_A1BBT1","Arlington Solar Unit 1B BESS",208011,2,63,55.83,0.113809523809524,0,375,0,375,1.77238095238095,0.435787211176787
"ALAMO_6_UNIT","ALAMO POWER PLANT",164152,2,17,15,0.117647058823529,0,118,0,118,1.76470588235294,0.433333333333333
"OBERON_5_O2BBX2","Oberon 2 BESS",556956,14,125,104.5,0.164,0.0714285714285714,688.571428571429,0.214285714285714,688.571428571429,11.704,0.430622009569378
"UKIAH_7_LAKEMN","UKIAH LAKE MENDOCINO HYDRO",163157,1,3.5,3.5,0,-1,1201,1,1201,1,0.428571428571429
"TEHAPI_2_PW2WD2","Point Wind 2",193972,1,14.4,19.85,0.378472222222222,0,146,0,146,0.621527777777778,0.425698324022346
"DEVERS_1_SOLAR2","SEPV9",155548,3,9,0.73,0.918888888888889,0,9740,0,9740,0.243333333333333,0.424657534246576
"WALCRK_2_CTG2","Walnut Creek Energy Park Unit 2",542415,30,100.1,42,0.567068572743942,0,228,0,228,12.9879428176818,0.407799493967951
"PIT6_7_UNIT 1","PIT PH 6 UNIT 1",211495,18,39,39,0,0,4493.27777777778,0,4493.27777777778,18,0.404558404558405
"KINGRV_7_UNIT 1","KINGS RIVER HYDRO UNIT 1",949253,5,51.2,49,0.0429687500000001,0,142.8,0,142.8,4.78515625,0.4
"RVSIDE_6_SPRING","SPRINGS GENERATION PROJECT AGGREGATE",461606,4,36,30,0.166666666666667,0,601,0,601,3.33333333333333,0.4
"PROXSR_2_PS1BT2","Proxima Solar BESS 1B",959874,3,32,30,0.0625,0,236.333333333333,0,236.333333333333,2.8125,0.4
"ARCOGN_2_UNITS","WATSON COGENERATION",443551,1,305,300,0.0163934426229508,0,0,0,0,0.983606557377049,0.4
"DRACKR_2_DS3SR3","Dracker Solar Unit 3",950113,2,125,200,0.6,0,960,0,960,0.8,0.4
"GRNLF1_1_PL1X2","Greenleaf 1",454660,2,60,53,0.116666666666667,0.5,480,0.5,480,1.76666666666667,0.39622641509434
"SENTNL_2_CTG1","Sentinel Unit 1",568837,2,107.68,104.16,0.0326894502228827,-2.5,217,2.5,217,1.93462109955423,0.395161290322581
"ENWIND_2_WIND1","Cameron Ridge",719983,1,47.1,40,0.150743099787686,0,240,0,240,0.849256900212314,0.395
"CONTRL_1_LUNDY","LUNDY",991404,2,3,1.65,0.45,1,60102.5,1,60102.5,1.1,0.393939393939394
"PIT5_7_PL1X2","PIT PH 5 UNITS 1 & 2 AGGREGATE",877294,5,82,75,0.0853658536585366,0,2919,0,2919,4.57317073170732,0.392
"TAHOE_2_THOBT3","Tahoe 3",121702,2,110,100,0.0909090909090909,0,7201,0,7201,1.81818181818182,0.39
"ROLLIN_6_UNIT","ROLLINS HYDRO",135881,2,13.5,18,0.333333333333333,-2,310,2,310,1.33333333333333,0.388888888888889
"CUYAMS_6_CUYSR1","Cuyama Solar",685873,5,40,40,0,-1,138,1,138,5,0.3875
"MRCHNT_2_PL1X3","Desert Star Energy Center",305080,2,494.58,600,0.213150551983501,0.5,11057,0.5,11057,1.573698896033,0.377942234556481
"PIT7_7_UNIT 1","PIT PH 7 UNIT 1",152595,11,55.7,55.7,0,0,35.5454545454545,0,35.5454545454545,11,0.37620368859148
"CRSTWD_6_KUMYAY","Kumeyaay Wind Farm",113238,1,50,40,0.2,0,984,0,984,0.8,0.375
"MOSSLD_2_PSP2","MOSS LANDING POWER BLOCK 2",776408,2,510,530,0.0392156862745098,0,43372,0,43372,1.92156862745098,0.372448979591837
"SLSTR1_2_SOLAR1","Solar Star 1",126469,2,310,374,0.206451612903226,0,240,0,240,1.58709677419355,0.371951219512195
"BLACK_7_UNIT 1","JAMES B. BLACK 1",196140,14,85,85,0,-0.142857142857143,403.928571428571,0.142857142857143,403.928571428571,14,0.363949579831933
"OMAR_2_UNIT 3","KERN RIVER COGENERATION CO. UNIT 3",184942,2,75,75,0,0,17281,0,17281,2,0.36
"ETIWND_6_INEBT1","Inland Empire Energy Storage",155078,2,70,62,0.114285714285714,0,901,0,901,1.77142857142857,0.354838709677419
"HELMPG_7_UNIT 2","HELMS PUMP-GEN UNIT 2",681987,3,407,393,0.0343980343980344,0,356.666666666667,0,356.666666666667,2.8968058968059,0.348600508905852
"COCOPP_2_CTG1","Marsh Landing 1",524669,2,204.2,242,0.18511263467189,-0.5,540,0.5,540,1.62977473065622,0.348557692307692
"PGNP_2_RDRR02","PGNP_2_RDRR02",870082,1,30.59,41,0.340307289964041,0,300,0,300,0.65969271003596,0.346878097125867
"POEPH_7_UNIT 1","POE HYDRO UNIT 1",277710,2,68,61,0.102941176470588,1,52689.5,1,52689.5,1.79411764705882,0.337704918032787
"BGSKYN_2_ASSR3B","Antelope Solar 3B",766252,3,5,5,0,-0.666666666666667,364.666666666667,0.666666666666667,364.666666666667,3,0.333333333333333
"WESTPT_2_UNIT","West Point Hydro Plant",160896,1,14,3,0.785714285714286,0,540,0,540,0.214285714285714,0.333333333333333
"ESCNDO_6_EB1BT1","Escondido BESS 1",647222,1,10,5.9,0.41,0,120,0,120,0.59,0.322033898305085
"DSRTSN_2_DS2BX2","Desert Sunlight PV II Storage 2",296736,2,230,165.9,0.278695652173913,1,962,1,962,1.44260869565217,0.321880650994575
"INTMNT_3_PASADENA","Intermountain Power Project",195432,2,107,136,0.271028037383178,0,420,0,420,1.45794392523365,0.320512820512821
"TOWNSITE_2_MEADDYN","Townsite Solar BESS",530129,4,180,176,0.0222222222222222,0,129,0,129,3.91111111111111,0.318181818181818
"CASCES_6_CESBT1","Cascade Energy Storage",591854,14,25,26.65,0.0659999999999999,-0.214285714285714,446.571428571429,0.214285714285714,446.571428571429,13.076,0.311716121137963
"HELMPG_7_UNIT 3","HELMS PUMP-GEN UNIT 3",473916,2,404,290,0.282178217821782,0,1170,0,1170,1.43564356435644,0.310344827586207
"SISPRG_2_DS3SR1","Daggett Solar 3 a PV",152145,77,123,105,0.146341463414634,0,0,0,0,65.7317073170732,0.307359307359307
"ALMASL_2_GS7SR7","Almasol Generating Station 7",634503,1,132,108,0.181818181818182,0,155,0,155,0.818181818181818,0.305555555555556
"TOPAZ_2_SOLAR","Topaz Solar Farms",192081,3,550,375,0.318181818181818,-1,660,1,660,2.04545454545455,0.301333333333333
"MCFLND_5_MBSBX2","McFarland Solar B Hybrid",498881,2,300,301,0.00333333333333333,0,352.5,0,352.5,1.99333333333333,0.301003344481605
"IVWEST_2_SOLAR1","Imperial Valley West ( Q # 608)",170587,3,150,133,0.113333333333333,-1,125,1,125,2.66,0.300751879699248
"COCOPP_2_CTG4","Marsh Landing 4",977347,2,204.29,190,0.0699495814773116,0,298.5,0,298.5,1.86010083704538,0.296947368421053
"DRACKR_2_DSUBT3","Dracker Solar Unit 3 BESS",701361,2,115,102,0.11304347826087,1,584,1,584,1.77391304347826,0.295098039215686
"LAROA2_2_UNITA1","LR2",203395,2,322,275,0.145962732919255,-1,180,1,180,1.70807453416149,0.294545454545455
"BGSKYN_2_ASSR1B","Antelope Solar 1B",603185,10,17,17,0,-0.8,197.7,0.8,197.7,10,0.294117647058824
"MAGNLA_6_PASADENA","Magnolia Power Plant - PASADENA",993409,1,18,17,0.0555555555555556,0,181,0,181,0.944444444444444,0.294117647058823
"MSTANG_2_MTGBT1","Mustang 1 BESS",844979,6,75,75.01,0.000133333333333402,0,20.1666666666667,0,20.1666666666667,5.9992,0.292127839267458
"SLRMS3_2_SRMSR1","SILVER RIDGE MOUNT SIGNAL 3",107681,11,250,223.6,0.1056,0,13.8181818181818,0,13.8181818181818,9.8384,0.28850219547894
"MRLSDS_6_SOLAR1","Morelos Solar",819306,4,15,20,0.333333333333333,0.25,14.25,1.75,14.25,2.66666666666667,0.2875
"VICPAS_2_SOCSR2","Sol Catcher BESS PV2",199925,38,93.5,100,0.0695187165775401,0,61.6052631578947,0,61.6052631578947,35.3582887700535,0.287356321839081
"RECTOR_2_KAWH 1","KAWEAH PH 1 UNIT 1",904345,1,2.25,3,0.333333333333333,0,1,0,1,0.666666666666667,0.286666666666667
"SANWD_1_QF","San Gorgonio Farms Wind Farm",806408,2,31,28,0.0967741935483871,0,1050,0,1050,1.80645161290323,0.285714285714286
"CABALO_2_M2WSR2","Mustang 2 Whirlaway Solar",131041,3,100,93,0.07,-0.333333333333333,234.333333333333,0.333333333333333,234.333333333333,2.79,0.283154121863799
"CAMCHE_1_PL1X3","CAMANCHE UNITS  1, 2 &  3 AGGREGATE",197582,3,9.99,4.18,0.581581581581582,0,12340.6666666667,0,12340.6666666667,1.25525525525526,0.282296650717703
"MARVEL_2_MARBT3","Marvel 2",193810,3,75,81,0.0805764611689352,1,682.666666666667,1,682.666666666667,2.75827061649319,0.276069060805555
"OTMESA_2_PL1X3","OTAY MESA ENERGY CENTER",590458,2,603.68,625,0.0353167240922344,-0.5,794.5,0.5,794.5,1.92936655181553,0.27536231884058
"EDWARD_2_ES2BT3","EdSan 2",108122,3,151,200,0.324503311258278,1,360,1,360,2.02649006622517,0.274509803921569
"BLKDIA_2_BDEBT1","Black Diamond Energy Storage",199228,2,200,175,0.125,0,60,0,60,1.75,0.271428571428571
"HELMPG_7_UNIT 1","HELMS PUMP-GEN UNIT 1",891900,2,407,473,0.162162162162162,-0.5,3536.5,0.5,3536.5,1.67567567567568,0.269794721407625
"SYCAMR_2_UNIT 3","Sycamore Cogeneration Unit 3",761564,2,74,56,0.243243243243243,0,7621,0,7621,1.51351351351351,0.267857142857143
"BIGSKY_2_SOLAR1","Antelope Big Sky Ranch",217748,2,20,19.12,0.0439999999999999,-0.5,31,0.5,31,1.912,0.267782426778243
"SBERDO_2_PSP4","Mountainview Gen Sta. Unit 4",769353,2,555,450,0.189189189189189,0,2010,0,2010,1.62162162162162,0.266666666666667
"DSRTSN_2_SOLAR2","Desert Sunlight 250",611852,1,250,150,0.4,0,129,0,129,0.6,0.266666666666667
"OBERON_5_O2SSR5","Oberon 2B Solar",576455,30,125,150,0.2,0,78.0333333333333,0,78.0333333333333,24,0.266666666666667
"MAGNLA_6_ANAHEIM","Magnolia Power Plant Anaheim",199573,1,109,109,0,0,0,0,0,1,0.26605504587156
"VALTNE_2_AVASR1","Valentine Solar",118279,2,100,100,0,0,552,0,552,2,0.26
"MIRLOM_2_TEMESC","MWD Temescal Hydroelectric Recovery Plan",847894,1,2.85,3,0.0526315789473684,-2,37821,2,37821,0.947368421052632,0.259259259259259
"BLACK_7_UNIT 2","JAMES B. BLACK 2",883285,12,84.1,84.1,0,0,80.9166666666667,0,80.9166666666667,12,0.258026159334126
"OROVIL_6_UNIT","Oroville Cogeneration, LP",175275,252,7.5,7.62,0.016,0,340.246031746032,0,340.246031746032,247.968,0.257699918269024
"KELSO_2_UNITS","Mariposa Energy",391808,1,198.03,168,0.151643690349947,-1,26965,1,26965,0.848356309650053,0.255952380952381
"RVSIDE_6_RERCU2","Riverside Energy Res. Ctr Unit 2",121961,4,48.5,48.5,0,0,12391,0,12391,4,0.252319587628866
"MCFLND_5_MFSSR1","McFarland Solar A PV",784426,50,200,200,0,0,2.4,0,2.4,50,0.25
"LTBERA_1_LB1SR1","Little Bear Solar 1",154578,33,40,40,0,-0.878787878787879,59.7575757575758,0.878787878787879,59.7575757575758,33,0.25
"LAPLMA_2_UNIT 4","LA PALOMA GENERATING PLANT, UNIT #4",482638,8,267,242,0.0936329588014981,1,592.5,1,592.5,7.25093632958801,0.25
"DRACKR_2_D4SR4B","Dracker Solar Unit 4B",420763,2,62.5,40,0.36,0,380,0,380,1.28,0.25
"DEXZEL_1_UNIT","Western Power and Steam Cogeneration",185773,1,20,20,0,0,1,0,1,1,0.25
"OLSEN_2_UNIT","OLSEN POWER PARTNERS",206568,2,5.5,0.44,0.92,0,2952.5,0,2952.5,0.16,0.25
"GATES_2_SOLAR","Gates Solar Station",262440,1,20,20.01,0.000500000000000078,0,1004,0,1004,0.9995,0.249624812406203
"PNCHPP_1_PL1X2","Midway Peaking Aggregate",308877,2,119.91,75,0.37453089817363,0,390.5,0,390.5,1.25093820365274,0.246666666666667
"OMAR_2_UNIT 2","KERN RIVER COGENERATION CO. UNIT 2",176779,2,75,100,0.333333333333333,0,6456,0,6456,1.33333333333333,0.24
"PNCHVS_2_SOLAR","Panoche Valley Solar",162314,1,140,131,0.0642857142857143,0,960,0,960,0.935714285714286,0.236641221374046
"BRDSLD_2_SHLO3A","Shiloh III Wind Project, LLC",142035,1,102.5,107,0.0439024390243902,0,494,0,494,0.95609756097561,0.23469387755102
"HIGHDS_2_H5SSR1","High 5 Solar",204700,2,100,110,0.1,-0.5,631.5,0.5,631.5,1.8,0.233333333333333
"SPAULD_6_UNIT 3","SPAULDING HYDRO PH 3 UNIT",885000,2,6.5,11.7,0.8,0.5,20761,0.5,20761,0.4,0.230769230769231
"SOLBLU_2_WSBBX2","Westlands Solar Blue BESS",530607,3,225,242,0.0755555555555556,0,357.666666666667,0,357.666666666667,2.77333333333333,0.230769230769231
"BEJNLS_5_BV2SCEDYN","Broadview 2",255016,1,167,220,0.317365269461078,-1,414,1,414,0.682634730538922,0.228070175438597
"HAASPH_7_PL1X2","HAAS PH UNIT 1 & 2 AGGREGATE",112948,3,144,113,0.215277777777778,0,507,0,507,2.35416666666667,0.227138643067847
"OAK L_1_GTG1","MWWTP PGS 2 - Turbine",256415,1,4.6,4.39,0.0456521739130435,0,120,0,120,0.954347826086957,0.218678815489749
"NGILAA_5_SDGDYN","NGILAA_5_SDGDYN",611344,3,57,61,0.0831472620946305,0.666666666666667,8560,0.666666666666667,8560,2.75055821371611,0.215470253971936
"ALTA4B_2_CPCW2","Alta Wind 2",561276,1,150,140,0.0666666666666667,-1,1176,1,1176,0.933333333333333,0.214285714285714
"VISTRA_5_DALBT4","Dallas Energy Storage 4",147278,2,100,127.5,0.275,-0.5,81,0.5,81,1.45,0.213793103448276
"BLVRDE_6_BLVBT1","Boulevard Energy Storage",223711,1,10,0.39,0.961,0,6120,0,6120,0.039,0.205128205128205
"SLATE_2_SLASR1","Slate",997249,9,50.5,50.5,0,0,178.555555555556,0,178.555555555556,9,0.204928492849285
"ELKHRN_1_EESX3","Elkhorn Energy Storage",417420,2,182.5,182.51,5.47945205478954e-05,-0.5,152.5,0.5,152.5,1.9998904109589,0.203791988602115
"SPAULD_6_UNIT12","SPAULDING HYDRO PH 1 & 2 AGGREGATE",212534,1,11.4,10.77,0.0552631578947369,0,1,0,1,0.944736842105263,0.203342618384401
"JOHANN_2_T1BBT1","Titanium 1 BESS",727309,2,1.4,1,0.285714285714286,0,660,0,660,1.42857142857143,0.2
"ALPSLR_1_NTHSLR","Alpaugh North, LLC",133003,1,20,35,0.75,-4,652,4,652,0.25,0.2
"RICHMN_1_CHVSR2","Chevron 8.5",279660,2,8.5,9.5,0.117647058823529,-0.5,453.5,0.5,453.5,1.76470588235294,0.2
"KNGBRD_2_SOLAR2","Kingbird Solar B",150919,4,20,20,0,-1,82.25,1,82.25,4,0.2
"DSRTSL_2_SOLAR1","Desert Stateline",723063,2,296.19,250,0.155947196056585,0,0,0,0,1.68810560788683,0.2
"PIT1_7_UNIT 1","PIT PH 1 UNIT 1",644274,1,32,22.5,0.296875,0,240,0,240,0.703125,0.2
"TENGEN_2_PL1X2","Placerita Canyon Cogen",512382,2,37.7,53.5,0.419098143236074,0,856,0,856,1.16180371352785,0.191780821917808
"SANDLT_2_SUNITS","Mojave Solar",292863,8,275,194,0.294545454545455,0.5,261.75,0.5,261.75,5.64363636363636,0.190721649484536
"VISTRA_5_DALBT2","Dallas Energy Storage 2",495559,1,100,100,0,-1,60,1,60,1,0.19
"WARNE_2_UNIT","WARNE HYDRO AGGREGATE",938239,1,76,88,0.157894736842105,1,55770,1,55770,0.842105263157895,0.1875
"HAYPRS_6_HAYHD1","Haypress Lower",636736,1,5.8,4.22,0.272413793103448,0,83,0,83,0.727586206896552,0.187203791469194
"SANDRN_2_SS2SR2","Sandrini Sol 2",182418,1,200,155,0.225,1,0,1,0,0.775,0.184838709677419
"SISPRG_2_DS3BT2","Daggett Solar 3 b BESS",917893,3,60,60,0,0,0,0,0,3,0.183333333333333
"PLMSSR_6_HISIER","High Sierra Cogeneration Aggregate",200351,2,6,6,0,0,83,0,83,2,0.1775
"CATLNA_2_SOLAR","Catalina Solar - Phases 1 and 2",143349,4,110,131,0.190909090909091,0,0,0,0,3.23636363636364,0.168539325842697
"CABALO_2_M2BSR1","Mustang 2 Barbaro Solar",178559,3,50,60,0.2,0,20,0,20,2.4,0.166666666666667
"ARVINN_6_ORION2","Orion 2 Solar",376549,2,8,10,0.25,0,507.5,0,507.5,1.5,0.166666666666667
"SENTNL_2_CTG7","Sentinel Unit 7",627030,1,106.73,60,0.43783378618945,5,366,5,366,0.56216621381055,0.166666666666667
"KERNRG_1_UNITS","South Belridge Cogen Facility",135013,1,55.2,46,0.166666666666667,0,12740,0,12740,0.833333333333333,0.165217391304348
"GEYS16_7_UNIT16","GEYSERS UNIT 16 (HEALDSBURG)",119697,1,63,65,0.0317460317460317,0,5761,0,5761,0.968253968253968,0.163934426229508
"MDFKRL_2_PROJCT","MIDDLE FORK AND RALSTON PSP",364853,1,210,242,0.152380952380952,0,330,0,330,0.847619047619048,0.162921348314607
"NAVYII_2_UNITS","COSO POWER DEVELOPER (NAVY II) AGGREGATE",624302,1,90,100,0.111111111111111,0,241,0,241,0.888888888888889,0.15625
"PNOCHE_1_UNITA1","CalPeak Power Panoche Unit 1",166473,4,52.3,75,0.434034416826004,0,1270,0,1270,2.26386233269598,0.155405405405405
"MCFLND_5_MSBSX2","McFarland Solar B PV",111626,15,300,305,0.0166666666666667,0,668.066666666667,0,668.066666666667,14.75,0.154802259887005
"SCHLTE_1_PL1X3","Tracy Combined Cycle Power Plant",530568,2,336.04,400,0.190334483990001,0,711,0,711,1.61933103202,0.154660394001764
"CRIMSN_2_CRMBT1","Crimson",164836,7,200,204,0.02,-0.571428571428571,614.285714285714,1.42857142857143,614.285714285714,6.86,0.154154518950437
"TRNQLT_2_RETBT1","RE Tranquillity BESS",670696,3,72,78,0.0833333333333333,0,4006,0,4006,2.75,0.154090909090909
"OTAY_6_ECVBT1","EnerSmart Chula Vista 1",151937,5,3,0.92,0.693333333333333,0,1284.4,0,1284.4,1.53333333333333,0.152173913043478
"LAPLMA_2_UNIT 1","La Paloma Generating Plant Unit #1",173114,2,267,224,0.161048689138577,1,68460,1,68460,1.67790262172285,0.151785714285714
"BUCKWD_1_QF","Buckwind Re-powering project",301986,1,16.5,16.5,0,0,0,0,0,1,0.151515151515151
"SPBURN_2_UNIT 1","Burney Biomass",759770,1,22,24,0.0909090909090909,0,660,0,660,0.909090909090909,0.15
"HINSON_6_LBECH3","Long Beach Unit 3",860525,1,63,60,0.0476190476190476,1,7941,1,7941,0.952380952380952,0.15
"STANTN_2_STAGT2","Stanton 2",164708,1,49.65,41,0.174219536757301,0,301,0,301,0.825780463242699,0.146341463414634
"SLATE_2_SLASR4","SLATE_4",288336,7,63,67.5,0.0714285714285714,0,42.8571428571429,0,42.8571428571429,6.5,0.145299145299145
"GATEWY_2_GESBT1","Gateway Energy Storage",110776,3,250,266,0.064,1,644,1,644,2.808,0.145299145299145
"WILLMS_6_ARBBM1","Abel Road Bioenergy",368055,6,3,3.43,0.143333333333333,1.66666666666667,151.666666666667,1.66666666666667,151.666666666667,5.14,0.143968871595331
"BEARMT_1_UNIT","Bear Mountain Limited",118390,1,49.21,49,0.00426742532005692,1,2880,1,2880,0.995732574679943,0.142857142857143
"CORCAN_1_SOLAR2","Corcoran City",136331,1,11,1.15,0.895454545454545,0,840,0,840,0.104545454545455,0.13913043478261
"JAWBNE_2_SRWWD2","Sky River Wind Repower B",654441,1,30.2,29,0.0397350993377483,0,0,0,0,0.960264900662252,0.137931034482759
"AKINGS_6_AMESR1","American Kings Solar",203679,3,123,130,0.0569105691056911,0,9790.33333333333,0,9790.33333333333,2.82926829268293,0.137931034482759
"MARTIN_1_SUNSET","Sunset Reservoir - North Basin",106825,1,4.5,4.6,0.0222222222222221,0,720,0,720,0.977777777777778,0.134090909090909
"PIT1_7_UNIT 2","PIT PH 1 UNIT 2",184537,1,32,34,0.0625,0,80100,0,80100,0.9375,0.133333333333333
"DSRTSN_2_SOLAR1","Desert Sunlight 300",525717,1,300,288,0.04,-2,2360,2,2360,0.96,0.131944444444444
"METEC_2_PL1X3","Metcalf Energy Center",178180,1,597.05,625,0.0468134997068923,0,1620,0,1620,0.953186500293108,0.131787032156036
"FMEADO_7_UNIT","FRENCH MEADOWS HYDRO",110282,1,16,16,0,0,39523,0,39523,1,0.125
"POTTER_7_VECINO","Vecino Vineyards LLC",672940,1,1.25,1.27,0.016,0,135,0,135,0.984,0.121951219512195
"SANBRN_2_SS2BT3","Sanborn Solar 2 SBESS 3",871298,3,169,158.4,0.0627218934911242,0,140,0,140,2.81183431952663,0.120370370370371
"CNTNLA_2_SOLAR2","Centinels Solar Energy 2",180457,6,45.6,40,0.12280701754386,0,54.5,0,54.5,5.26315789473684,0.12
"VICTOR_1_SOLAR1","Victor Phelan Solar One",482688,2,17.5,17,0.0285714285714286,0,0,0,0,1.94285714285714,0.117647058823529
"CONTRL_1_CASAD3","Mammoth G3",261146,1,14,13.6,0.0285714285714286,-5,180,5,180,0.971428571428571,0.117647058823529
"INYOKN_1_IKSSR2","Inyokern Solar 1281",779880,34,11.9,11,0.0756302521008404,0,0,0,0,31.4285714285714,0.116577540106952
"GILRPP_1_PL3X4","GILROY ENERGY CENTER, UNIT #3",429981,2,46.2,53,0.147186147186147,0,3952.5,0,3952.5,1.70562770562771,0.111675126903553
"MSOLAR_2_SOLAR1","Mesquite Solar 1",477057,8,165,200,0.212121212121212,0,45,0,45,6.3030303030303,0.111538461538461
"RTEDDY_2_SC1SR3","Rosamond West Solar Clean",922006,18,40,40,0,0,58.1111111111111,0,58.1111111111111,18,0.111111111111111
"VISTRA_5_PLABT1","Plano Storage 1",173967,9,100.4,100,0.00398406374501998,0,1206.66666666667,0,1206.66666666667,8.96414342629482,0.111111111111111
"KIRKER_7_KELCYN","KELLER CANYON LANDFILL GEN FACILICITY",135714,1,3.56,3.61,0.0140449438202247,1,4395,1,4395,0.985955056179775,0.111111111111111
"BARRE_6_PEAKER","Barre Peaker",134075,2,49,56,0.142857142857143,1,1920,1,1920,1.71428571428571,0.107142857142857
"CLINESCO_3_WBDYN","CLINES CORNERS B",199332,1,194.28,200,0.0294420424130121,0,3240,0,3240,0.970557957586988,0.106067034365719
"DISCOV_1_CHEVRN","CHEVRON USA (EASTRIDGE)",623125,1,48.8,50,0.0245901639344263,0,441,0,441,0.975409836065574,0.105042016806723
"BELDEN_7_UNIT 1","BELDEN HYDRO",479608,3,119,150,0.260504201680672,0,853.333333333333,0,853.333333333333,2.21848739495798,0.102272727272727
"VOLTA_6_BAILCK","Bailey Creek Ranch",338295,1,0.63,0.49,0.222222222222222,0,5040,0,5040,0.777777777777778,0.102040816326531
"SANBRN_2_ES2SB3","EdSan 2 Sanborn 3",199482,2,42,25,0.404761904761905,1.5,301.5,1.5,301.5,1.19047619047619,0.1
"YELPIN_2_YP2BT2","Yellow Pine 2 A BESS",174744,1,53,55,0.0377358490566038,1,7357,1,7357,0.962264150943396,0.0980392156862745
"ESCNDO_6_UNITB1","CalPeak Power Enterprise Unit 1",279238,2,48.04,40,0.167360532889259,0,849.5,0,849.5,1.66527893422148,0.0980000000000002
"POLRIS_2_ASESR1","Antelope Solar 2 Estrella",133547,41,56,56,0,-0.146341463414634,55.5853658536585,0.146341463414634,55.5853658536585,41,0.0975609756097561
"ELSEGN_2_UN1011","El Segundo Energy Center 5/6",951615,1,274.31,275,0.0025154022820896,0,240,0,240,0.99748459771791,0.0964110810613259
"BRDSLD_2_SHILO2","SHILOH WIND PROJECT 2",113005,1,150,155.1,0.034,0,22508,0,22508,0.966,0.0959282263630091
"TKOPWR_6_HYDRO","Bear Creek Hydroelectric Project",110775,1,2.83,2.73,0.0353356890459364,0,41,0,41,0.964664310954064,0.0952380952380952
"NORORC_2_NOSBX2","Northern Orchard Solar",340775,1,150,105,0.3,0,46500,0,46500,0.7,0.0952380952380952
"LOTUS_6_LSFSR1","Lotus Solar Farm",736984,6,50,54,0.08,-0.5,130.333333333333,0.5,130.333333333333,5.52,0.0942028985507247
"CENTPD_2_BMSX2","Blythe Mesa Solar 2 BESS",331013,9,112,100,0.107142857142857,0,246.111111111111,0,246.111111111111,8.03571428571429,0.0933333333333335
"REDOND_7_UNIT 8","REDONDO GEN STA. UNIT 8",117971,1,480,508,0.0583333333333333,0,3243,0,3243,0.941666666666667,0.0929203539823009
"GOOSLK_1_SOLAR1","Goose Lake",982861,1,12,13,0.0833333333333333,0,25646,0,25646,0.916666666666667,0.0909090909090908
"CENTRY_6_PL1X4","CENTURY GENERATING PLANT (AGGREGATE)",374311,1,41.4,40,0.0338164251207729,-1,7020,1,7020,0.966183574879227,0.0905000000000002
"CRELMN_6_AABBT1","Air Attack Base",186633,1,0.47,0.45,0.0425531914893616,0,1168,0,1168,0.957446808510638,0.0888888888888889
"REDOND_7_UNIT 6","REDONDO GEN STA. UNIT 6",765103,1,174.29,175,0.00407367031958235,1,5058,1,5058,0.995926329680418,0.0864154856550293
"WSTWND_2_M90WD2","Mojave 90",195664,1,64.82,70,0.0799136069114472,0,2531,0,2531,0.920086393088553,0.0838363514419853
"ARVINN_6_ORION1","Orion 1 Solar",799732,2,12,12,0,0,330,0,330,2,0.0833333333333334
"BLM W_2_COSBT1","Coso Battery Storage",267185,1,60,60,0,0,840,0,840,1,0.0833333333333334
"HOOVER_2_SCEPT","Hoover DAM - SCE Share",228662,1,287,300,0.0452961672473868,0,1021,0,1021,0.954703832752613,0.0802919708029197
"REXFRD_2_RSFBX2","Rexford Solar Farm BESS",334381,5,240,150,0.375,0,108.2,0,108.2,3.125,0.08
"CMBLND_2_DS2SR2","Daggett 2 b PV",418080,2,65,65,0,0,330,0,330,2,0.0769230769230769
"BASICE_2_UNITS","King City Cogen",455119,2,120,119,0.00833333333333333,0,150,0,150,1.98333333333333,0.0756302521008404
"RCKCRK_7_UNIT 1","ROCK CREEK HYDRO UNIT 1",563888,1,57,60,0.0526315789473684,0,3589,0,3589,0.947368421052632,0.0740740740740741
"MNDOTA_1_SOLAR1","North Star Solar 1",148758,14,60,50,0.166666666666667,-0.571428571428571,142.642857142857,0.571428571428571,142.642857142857,11.6666666666667,0.0714285714285715
"RUSCTY_2_UNITS","Russell City Energy Center",174549,3,615.18,430,0.301017588348126,-0.666666666666667,466.666666666667,0.666666666666667,466.666666666667,2.09694723495562,0.0697674418604651
"PROXSR_2_PS2BT3","Proxima Solar BESS 2",428559,2,90,90,0,0,345,0,345,2,0.0666666666666667
"CHINO_2_PESBT1","Pomona Energy Storage 2",262439,1,20,18,0.1,0,480,0,480,0.9,0.0666666666666667
"MNDALY_6_MCGRTH","McGrath Beach Peaker",152042,1,48.56,50,0.029654036243822,0,359,0,359,0.970345963756178,0.0636672325976232
"VESTAL_2_BTNBT1","Bottleneck Energy Storage",255706,1,80,80,0,0,390,0,390,1,0.0625
"GRIZLY_1_UNIT 1","GRIZZLY HYDRO",198858,1,20,16,0.2,0,195,0,195,0.8,0.0625
"PALOMR_2_PL1X3","Palomar Energy Center",876041,1,588.21,565,0.0394586967239592,-1,29550,1,29550,0.960541303276041,0.0619469026548672
"WADHAM_6_UNIT","Wadham Energy LP",839810,1,29.07,26.61,0.0846233230134159,-1,3900,1,3900,0.915376676986584,0.0605035700864336
"INDIGO_1_UNIT 2","INDIGO PEAKER UNIT 2",777334,1,45.3,50,0.103752759381899,1,28801,1,28801,0.896247240618101,0.0591133004926108
"SUNRIS_2_PL1X3","Sunrise Power Project AGGREGATE II",172074,1,586.02,586,3.41285280365547e-05,0,120,0,120,0.999965871471963,0.0579522184300342
"SLUISP_2_UNITS","SAN LUIS (GIANELLI) PUMP-GEN (AGGREGATE)",286209,1,374.43,378,0.00953449242849129,0,900,0,900,0.990465507571509,0.0562476406191016
"NORCNV_1_NCVBT1","North Central Valley",314410,1,132,132,0,0,60,0,60,1,0.053030303030303
"RTEDDY_2_SEBSR4","Rosamond West Solar East Bay 4",115494,19,56,56,0,0,93.4736842105263,0,93.4736842105263,19,0.0526315789473685
"UNVRSY_1_UNIT 1","Berry Cogen 38 - Unit 1",723238,1,38,38,0,0,1,0,1,1,0.0526315789473684
"PHOENX_1_UNIT","PHOENIX PH",462662,2,2,2,0,0,369.5,0,369.5,2,0.05
"COLTON_6_AGUAM1","AGUA MANSA UNIT 1 (CITY OF COLTON)",328642,1,43,46,0.0697674418604651,1,28860,1,28860,0.930232558139535,0.0499999999999999
"INDIGO_1_UNIT 3","INDIGO PEAKER UNIT 3",403796,1,45.3,62,0.368653421633554,0,1200,0,1200,0.631346578366446,0.0489510489510488
"DEVERS_1_SOLAR1","SEPV8",186631,1,12,13.5,0.125,0,0,0,0,0.875,0.0476190476190476
"HNTGBH_2_PL1X3","Huntington Beach Energy",281995,1,673.8,700,0.0388839418224993,0,30721,0,30721,0.961116058177501,0.0457072266831376
"PIT3_7_PL1X3","PIT PH 3 UNITS 1, 2 & 3 AGGREGATE",204333,1,70.6,71.9,0.0184135977337112,0,402,0,402,0.981586402266289,0.0447330447330447
"GEYS14_7_UNIT14","GEYSERS UNIT 14 (HEALDSBURG)",911243,1,70,48,0.314285714285714,1,43320,1,43320,0.685714285714286,0.0416666666666666
"KRAMER_1_R2PX2","Resurgence 2 PV",973878,53,48,50,0.0416666666666667,0,7.92452830188679,0,7.92452830188679,50.7916666666667,0.0377358490566039
"TBLMTN_6_QF","SMALL QF AGGREGATION - PARADISE",181331,1,1.7,1.76,0.0352941176470589,0,555,0,555,0.964705882352941,0.0365853658536587
"GLNARM_7_UNIT 1","GLEN ARM UNIT 1",517313,1,22.13,23.66,0.0691369182105739,0,120,0,120,0.930863081789426,0.0364077669902911
"GUERNS_6_VH2BM1","Hanford Digester Genset 2",725123,22,1,0.84,0.16,0,2126.40909090909,0,2126.40909090909,18.48,0.0357142857142857
"MALAGA_1_PL1X2","Malaga Power Aggregate",345990,1,96.61,96.61,0,0,NA,0,NA,1,0.0350895352447986
"USWPJR_2_UNITS","Vasco Wind",145433,1,78.2,75,0.040920716112532,4,2400,4,2400,0.959079283887468,0.0346666666666666
"RECTOR_2_TFDBM1","Two Fiets Dairy Digester",211635,6,0.8,0.91,0.1375,0,350,0,350,5.175,0.0338164251207731
"SANBRN_2_ES1BT3","EdSan 1 Edwards 1",121745,2,50.43,75,0.48720999405116,0,765,0,765,1.02558001189768,0.0332559938128383
"YELPIN_2_YP2BT3","Yellow Pine 2 B BESS",583036,1,32,32,0,0,50,0,50,1,0.03125
"SCARLT_2_SS2BT1","Scarlet Solar 2 BESS",679882,1,150,171,0.14,0,1260,0,1260,0.86,0.0310077519379844
"COLPIN_6_COLLNS","Collins Pine",102551,1,3.3,0.99,0.7,0,3960,0,3960,0.3,0.0303030303030305
"REDOND_7_UNIT 5","REDONDO GEN STA. UNIT 5",127137,1,178.87,166,0.0719516967630123,3,361,3,361,0.928048303236988,0.0301204819277108
"INTMNT_3_ANAHEIM","Intermountain Power Project",791910,1,234,235,0.00427350427350427,0,0,0,0,0.995726495726496,0.0300429184549357
"NCPA_7_GP1UN1","NCPA GEO PLANT 1 UNIT 1",186225,1,38.85,38.85,0,0,538741,0,538741,1,0.0296010296010296
"SCARLT_2_SSASR1","Scarlet Solar CA 1A PV",278131,17,100,100,0,0,1132,0,1132,17,0.0294117647058824
"MTNPOS_1_UNIT","MT.POSO COGENERATION CO.",839931,1,46.64,47,0.00771869639794167,0,0,0,0,0.992281303602058,0.029170267934313
"ELCABO_5_ECWSCEDYN","El Cabo Wind",133667,1,298,300,0.00671140939597315,-5,656,5,656,0.993288590604027,0.027027027027027
"LECEF_1_UNITS","LOS ESTEROS ENERGY FACILITY AGGREGATE",451866,1,309.84,322,0.0392460624838627,0,361,0,361,0.960753937516137,0.02579951625907
"SNCLRA_6_PROCGN","Procter and Gamble Oxnard 2",462999,1,47.9,47,0.0187891440501044,-5,1035,5,1035,0.981210855949896,0.0255319148936171
"POLRIS_2_ASRSR1","Antelope Solar 2 Raceway",277359,82,125,125,0,0,69.5243902439024,0,69.5243902439024,82,0.024390243902439
"TRNQLT_2_SOLAR","Tranquillity",123202,1,200,123,0.385,0,300,0,300,0.615,0.024390243902439
"TECOLOTE_3_WBDYN","TECOLOTE WIND",101153,1,271.68,295,0.0858362779740871,0,503,0,503,0.914163722025913,0.0201320663552907
"KERNFT_1_UNITS","KERN FRONT LIMITED",225415,2,52.4,55,0.0496183206106871,1,1620,1,1620,1.90076335877863,0.0200803212851406
"HNTGBH_7_UNIT 2","HUNTINGTON BEACH GEN STA. UNIT 2",213655,1,226.84,230,0.0139305237171575,0,2464,0,2464,0.986069476282843,0.0164520743919886
"VACADX_1_UNITA1","CalPeak Power Vaca Dixon Unit 1",935836,1,51.91,50,0.0367944519360431,0,10800,0,10800,0.963205548063957,0.0156000000000001
"LCKHT1_2_LH1BT1","Lockhart Solar BESS 1",956804,1,45,46.42,0.0315555555555556,0,870,0,870,0.968444444444444,0.0133088572739788
"KEARNY_6_SESBT2","Kearny South Energy Storage",456996,1,10,9.72,0.0279999999999999,0,16655,0,16655,0.972,0.0123456790123458
"ORMOND_7_UNIT 1","ORMOND BEACH GEN STA. UNIT 1",985335,1,741.27,741.27,0,0,223560,0,223560,1,0.0117770852725728
"ORMOND_7_UNIT 2","ORMOND BEACH GEN STA. UNIT 2",653256,1,750,750,0,0,197760,0,197760,1,0.01164
"SANBRN_2_SS2BT4","Sanborn Solar 2 SBESS 4",744292,5,47,50,0.0638297872340425,0,96,0,96,4.68085106382979,0.0113636363636364
"OLDRIV_6_LKVBM1","Lakeview Dairy Biogas",506583,2,1,1.05,0.05,0,67.5,0,67.5,1.9,0.0105263157894737
"GRNLF2_1_UNIT","GREENLEAF II COGEN",824322,1,49.2,49.5,0.0060975609756097,0,3300,0,3300,0.99390243902439,0.0102249488752557
"AGRICO_6_PL3N5","Fresno Peaker",201934,1,22.69,21.59,0.0484795063904804,0,5761,0,5761,0.95152049360952,0.00972672533580343
"MORWD_6_QF","Morwind",122409,1,38.16,41,0.0744234800838575,0,65208,0,65208,0.925576519916142,0.00906002265005645
"HENRTA_6_UNITA2","GWF HENRIETTA PEAKER PLANT UNIT 2",917526,1,49.42,49.42,0,0,NA,0,NA,1,0.00849858356940514
"CHESTN_2_CHWBX2","Chestnut Westside BESS",387388,2,135,121,0.103703703703704,0,314,0,314,1.79259259259259,0.00826446280991733
"SGREGY_6_SANGER","Algonquin Power Sanger 2",555191,1,48.3,48.35,0.00103519668737069,0,34561,0,34561,0.998964803312629,0.00518134715025886
"DYLAN_2_BMTBT1","Beaumont BESS",262817,1,100,100,0,0,240,0,240,1,0.005
"WSTWND_2_M89WD1","Mojave 89",203060,1,82.65,100,0.209921355111918,0,480,0,480,0.790078644888082,0.00459418070444118
"SANBRN_2_SS2SB4","Sanborn Solar 2 Edwards Sanborn S4",158082,39,36,33,0.0833333333333333,0,76.9230769230769,0,76.9230769230769,35.75,0
"LTBEAR_1_LB3SR3","Little Bear 3 Solar",565664,29,20,20,0,-0.931034482758621,27.8965517241379,0.931034482758621,27.8965517241379,29,0
"KRAMER_1_R2BX2","Resurgence 2 BESS",185626,32,40,49,0.225,0.03125,526.875,0.03125,526.875,24.8,0
"GUERNS_6_HD3BM3","Hanford Digester Genset 3",157437,18,1,0.99,0.01,0,93.3333333333333,0,93.3333333333333,17.82,0
"RTEDDY_2_RWSBT5","Rosamond West Solar Central BESS C",193527,22,12,9.5,0.208333333333333,0,924.818181818182,0,924.818181818182,17.4166666666667,0
"VICPAS_2_SOCBT2","Sol Catcher BESS 2",213716,7,71,96,0.352112676056338,0,120,0,120,4.53521126760563,0
"VICPAS_2_VPSSR1","Victory Pass Solar",199791,6,200,102,0.49,0,120.333333333333,0,120.333333333333,3.06,0
"SANLOB_1_LNDFIL","Cold Canyon",214773,3,1.5,1.5,0,0,186.333333333333,0,186.333333333333,3,0
"DSRTSN_2_DS2X2","Desert Sunlight PV II Storage",132494,3,230,242,0.0521739130434783,-1.66666666666667,7750,1.66666666666667,7750,2.84347826086957,0
"GASKW1_2_GW2SR1","Gaskell West 2a",940797,4,16,10,0.375,0,185.5,0,185.5,2.5,0
"GANSO_1_WSTBM1","Weststar Dairy Biogas",174762,2,1,0.99,0.01,2.5,3667.5,2.5,3667.5,1.98,0
"CLOVER_2_UNIT","Clover Creek",179841,2,0.99,1,0.0101010101010101,0,81,0,81,1.97979797979798,0
"MRGT_6_TGEBT1","Top Gun Energy Storage",561427,2,30,25,0.166666666666667,0,1500,0,1500,1.66666666666667,0
"CHEVMN_2_UNITS","CHEVRON U.S.A. UNITS 1 & 2 AGGREGATE",131943,2,124.87,150,0.201249299271242,2.5,22429.5,2.5,22429.5,1.59750140145752,0
"PIT5_7_PL3X4","PIT PH 5 UNITS 3 & 4 AGGREGATE",251994,3,82,40,0.51219512195122,0,130,0,130,1.46341463414634,0
"MTWIND_1_MVPWD1","Mountain View Power Project I Repower",267721,2,66.6,40,0.399399399399399,1,611,1,611,1.2012012012012,0
"SANTGO_2_MABBT1","Millikan Avenue BESS",122443,1,2,2,0,-1,91,1,91,1,0
"COPMTN_2_CM10","Copper Mountain 10",163531,1,10,10,0,0,10020,0,10020,1,0
"ALTA4A_2_CPCW1","Alta Wind 1",209289,1,150,150,0,0,6,0,6,1,0
"SCARLT_2_SS2SR1","Scarlet Solar 2 PV",231017,1,200,200,0,0,660,0,660,1,0
"PRCTVY_1_MIGBT1","Miguel BESS",439330,1,2,2,0,5,100,5,100,1,0
"SYCAMR_2_UNIT 1","Sycamore Cogeneration Unit 1",598138,1,74,74,0,-1,1,1,1,1,0
"ESCO_6_GLMQF","Goal Line Cogen",717058,1,49.9,50,0.00200400801603209,0,360,0,360,0.997995991983968,0
"LIVOAK_1_UNIT 1","LIVE OAK LIMITED",170209,1,49.7,50,0.00603621730382288,0,6121,0,6121,0.993963782696177,0
"RVRVEW_1_UNITA1","Riverview Energy Center (GP Antioch)",176644,1,48.7,49.5,0.0164271047227925,0,2700,0,2700,0.983572895277207,0
"BIOMAS_1_UNIT 1","WOODLAND BIOMASS",109052,1,25.5,25,0.0196078431372549,-1,1860,1,1860,0.980392156862745,0
"ESCNDO_6_PL1X2","MMC Escondido Aggregate",633120,1,48.71,50,0.0264832683227263,0,170760,0,170760,0.973516731677274,0
"ULTPFR_1_UNIT 1","Rio Bravo Fresno",364961,1,24.3,25,0.0288065843621399,0,3600,0,3600,0.97119341563786,0
"MCSWAN_6_UNITS","MC SWAIN HYDRO",347450,1,9,9.45,0.0499999999999999,0,595,0,595,0.95,0
"COVERD_2_QFUNTS","Cove Hydroelectric Project",103147,1,5.5,5.9,0.0727272727272728,0,5393,0,5393,0.927272727272727,0
"VOYAGR_2_VOYWD2","Voyager Wind 2",117001,1,126.35,112.5,0.109616145627226,0,420,0,420,0.890383854372774,0
"CHILLS_7_UNITA1","Sycamore Energy 2",650703,1,2.25,2,0.111111111111111,0,0,0,0,0.888888888888889,0
"YELPIN_2_YP2SR1","Yellow Pine 2",354420,1,125,106,0.152,0,3240,0,3240,0.848,0
"SCEW_2_PDRP10","LCR AMS Hybrid Irvine 2-W-LSCE",333327,1,2.5,2,0.2,0,2881,0,2881,0.8,0
"BEKWJS_5_BV1SCEDYN","Broadview 1",190770,1,130,160,0.230769230769231,2,1054,2,1054,0.769230769230769,0
"VERNON_6_GONZL1","H. Gonzales Unit #1",256419,1,5.75,4,0.304347826086957,0,300,0,300,0.695652173913043,0
"WFRESN_1_SOLAR","Joya Del Sol",371350,1,1.5,1,0.333333333333333,0,NA,0,NA,0.666666666666667,0
"HENRTA_6_SOLAR1","Lemoore 1",191300,1,1.5,0.99,0.34,0,3402,0,3402,0.66,0
"RENWD_1_QF","Renwind re-powering project",189796,1,10,5.9,0.41,0,21331,0,21331,0.59,0
"GARNET_2_WIND5","Eastwind",133798,1,3,1,0.666666666666667,-1,592,1,592,0.333333333333333,0
"ELNIDO_1_ECRSR1","East Cleveland Solar",636159,1,3,1,0.666666666666667,0,21900,0,21900,0.333333333333333,0
"WISTER_2_WISSR1","Wister Solar",370707,1,20,40,1,0,7718,0,7718,0,0
"HARDWK_6_STWBM1","Still Water Ranch Dairy",627608,1,1,2,1,0,0,0,0,0,0
"CUMBIA_1_SOLAR","Columbia Solar Energy II",103700,1,19,42,1.21052631578947,0,7800,0,7800,-0.210526315789474,0
"STOILS_1_UNITS","Chevron Richmond Refinery",863132,1,56.2,128,1.27758007117438,1,198532,1,198532,-0.277580071174377,0
"NWCSTL_7_UNIT 1","NEWCASTLE HYDRO",151446,1,12,36,2,0,75595,0,75595,-1,0
"CABZON_1_WINDA1","Cabazon Wind Project",104627,1,41,130,2.17073170731707,0,7620,0,7620,-1.17073170731707,0
"VOLTA_2_UNIT 1","VOLTA HYDRO UNIT 1",711583,1,9.1,29,2.18681318681319,0,43331,0,43331,-1.18681318681319,0
"CSTRVL_7_PL1X2","Marina Land Fill Gas",352258,1,4.53,15,2.31125827814569,0,7680,0,7680,-1.31125827814569,0
"FRESHW_1_SOLAR1","Corcoran 3",163228,1,20,70,2.5,-5,94545,5,94545,-1.5,0
"RNDSBG_1_HZASR1","Hazel A",814548,1,2.99,10.5,2.51170568561873,0,462,0,462,-1.51170568561873,0
"WISE_1_UNIT 2","WISE HYDRO UNIT 2",543434,1,3.2,12,2.75,-5,474,5,474,-1.75,0
"CLRMNT_6_CLEBT1","Clairemont Energy Storage",561157,1,9,40,3.44444444444444,0,350,0,350,-2.44444444444444,0
"MIRLOM_2_CORONA","MWD Corona Hydroelectric Recovery Plant",197371,1,2.85,25,7.7719298245614,0,NA,0,NA,-6.7719298245614,0
"WEBER_6_FORWRD","Forward",170852,1,4.2,40,8.52380952380952,0,2461,0,2461,-7.52380952380952,0
"NOVATO_6_LNDFL","Redwood Renewable Energy",327142,1,3.9,40.4,9.35897435897436,-4,NA,4,NA,-8.35897435897436,0
"TWISSL_6_SOLAR1","Coronal Lost Hills",555216,1,20,219.7,9.985,0,780,0,780,-8.985,0
"NZWIND_6_WDSTR4","Windstream 6042",325131,1,6.77,100,13.7710487444609,0,108207,0,108207,-12.7710487444609,0
"OASIS_6_AR4SR3","Arrache 4013",110222,1,1.5,25,15.6666666666667,0,22920,0,22920,-14.6666666666667,0
"ROSMND_6_SOLAR","Lancaster B",915498,1,3,74,23.6666666666667,0,180,0,180,-22.6666666666667,0
"CHEVCO_6_UNIT 2","AERA ENERGY LLC. (COALINGA)",156654,1,8.5,280,31.9411764705882,0,270,0,270,-30.9411764705882,0
"MENBIO_6_RENEW1","CalRENEW - 1(A)",816448,1,5,250,49,4,1274,4,1274,-48,0
"LITLRK_6_GBCSR1","Green Beanworks C",155592,1,3,189,62,-5,1200,5,1200,-61,0
"COCOSB_6_SOLAR","Oakley Solar Project",447809,1,1.5,100,65.6666666666667,0,360,0,360,-64.6666666666667,0
"BUCKWD_7_WINTCV","Wintec Energy, Ltd.",129473,1,1.32,100,74.7575757575758,-1,1,1,1,-73.7575757575758,0
"CAMERN_6_BSPSR1","Buckman Springs PV",138597,1,0.84,100,118.047619047619,4,NA,4,NA,-117.047619047619,0
"CAMDEN_6_RDDBM1","RuAnn Dairy Digester BioMAT",102701,1,0.55,70,126.272727272727,0,6880,0,6880,-125.272727272727,0
"PEORIA_1_SOLAR","Sonora 1",123980,1,1.5,200,132.333333333333,-5,310,5,310,-131.333333333333,0
"REEDLY_6_SOLAR","Terzian",524908,1,1.23,500,405.50406504065,0,5940,0,5940,-404.50406504065,0
